date,weekday,l_count,l_food,l_drink,l_total,l_avg,at_count,at_food,at_drink,at_total,d_count,d_food,d_drink,d_total,d_avg,ryb_count,ryb_food,ryb_drink,ryb_total,wolt,uber,seat_fee,goods,flower,grand_total
2025-05-01,木,0,0,0,0,0,0,0,0,0,0,0,0,0,0,0,0,0,0,0,0,0,0,0,0
2025-05-02,金,0,0,0,0,0,0,0,0,0,0,0,0,0,0,0,0,0,0,0,0,0,0,0,0
2025-05-03,土,0,0,0,0,0,0,0,0,0,0,0,0,0,0,0,0,0,0,0,0,0,0,0,0
2025-05-04,日,0,0,0,0,0,0,0,0,0,0,0,0,0,0,0,0,0,0,0,0,0,0,0,0
2025-05-05,月,0,0,0,0,0,0,0,0,0,0,0,0,0,0,0,0,0,0,0,0,0,0,0,0
2025-05-06,火,0,0,0,0,0,0,0,0,0,0,0,0,0,0,0,0,0,0,0,0,0,0,0,0
2025-05-07,水,0,0,0,0,0,0,0,0,0,0,0,0,0,0,0,0,0,0,0,0,0,0,0,0
2025-05-08,木,0,0,0,0,0,0,0,0,0,0,0,0,0,0,0,0,0,0,0,0,0,0,0,0
2025-05-09,金,0,0,0,0,0,0,0,0,0,0,0,0,0,0,0,0,0,0,0,0,0,0,0,0
2025-05-10,土,0,0,0,0,0,0,0,0,0,0,0,0,0,0,0,0,0,0,0,0,0,0,0,0
2025-05-11,日,0,0,0,0,0,0,0,0,0,0,0,0,0,0,0,0,0,0,0,0,0,0,0,0
2025-05-12,月,0,0,0,0,0,0,0,0,0,0,0,0,0,0,81,118065,5800,123865,0,0,0,0,0,0
2025-05-13,火,0,0,0,0,0,0,0,0,0,0,0,0,0,0,74,111350,9200,120550,0,0,0,0,0,0
2025-05-14,水,0,0,0,0,0,0,0,0,0,0,0,0,0,0,48,70350,3600,73950,0,0,0,0,0,0
2025-05-15,木,0,0,0,0,0,0,0,0,0,0,0,0,0,0,55,67900,7900,75800,0,0,0,0,0,0
2025-05-16,金,0,0,0,0,0,0,0,0,0,0,0,0,0,0,114,103700,36400,140100,0,0,0,0,0,0
2025-05-17,土,0,0,0,0,0,0,0,0,0,0,0,0,0,0,79,86200,15000,101200,0,0,0,0,0,0
2025-05-18,日,0,0,0,0,0,0,0,0,0,0,0,0,0,0,86,119000,10600,129600,0,0,0,0,0,0
2025-05-19,月,0,0,0,0,0,0,0,0,0,0,0,0,0,0,45,59350,2800,62150,0,0,0,0,0,0
2025-05-20,火,0,0,0,0,0,0,0,0,0,0,0,0,0,0,63,98900,5000,103900,0,0,0,0,0,0
2025-05-21,水,0,0,0,0,0,0,0,0,0,0,0,0,0,0,59,62050,5800,67850,0,0,0,0,0,0
2025-05-22,木,0,0,0,0,0,0,0,0,0,0,0,0,0,0,53,68200,1900,70100,0,0,0,0,0,0
2025-05-23,金,0,0,0,0,0,0,0,0,0,0,0,0,0,0,137,92550,39600,132150,0,0,0,0,0,0
2025-05-24,土,0,0,0,0,0,0,0,0,0,0,0,0,0,0,82,91700,13900,105600,0,0,0,0,0,0
2025-05-25,日,0,0,0,0,0,0,0,0,0,0,0,0,0,0,79,85250,15000,100250,0,0,0,0,0,0
2025-05-26,月,0,0,0,0,0,0,0,0,0,0,0,0,0,0,49,61750,4300,66050,0,0,0,0,0,0
2025-05-27,火,0,0,0,0,0,0,0,0,0,0,0,0,0,0,59,78250,3200,81450,0,0,0,0,0,0
2025-05-28,水,0,0,0,0,0,0,0,0,0,0,0,0,0,0,75,93200,4000,97200,0,0,0,0,0,0
2025-05-29,木,0,0,0,0,0,0,0,0,0,0,0,0,0,0,98,112100,16300,128400,0,0,0,0,0,0
2025-05-30,金,0,0,0,0,0,0,0,0,0,0,0,0,0,0,158,150300,49400,199700,0,0,0,0,0,0
2025-05-31,土,0,0,0,0,0,0,0,0,0,0,0,0,0,0,81,120300,10300,130600,0,0,0,0,0,0
2025-06-01,日,0,0,0,0,0,0,0,0,0,0,0,0,0,0,73,106450,12200,118650,0,0,0,0,0,0
2025-06-02,月,0,0,0,0,0,0,0,0,0,0,0,0,0,0,63,94850,3100,97950,0,0,0,0,0,0
2025-06-03,火,0,0,0,0,0,0,0,0,0,0,0,0,0,0,48,51330,6800,58130,0,0,0,0,0,0
2025-06-04,水,0,0,0,0,0,0,0,0,0,0,0,0,0,0,75,75730,16900,92630,0,0,0,0,0,0
2025-06-05,木,0,0,0,0,0,0,0,0,0,0,0,0,0,0,75,94100,10700,104800,0,0,0,0,0,0
2025-06-06,金,0,0,0,0,0,0,0,0,0,0,0,0,0,0,116,103930,28800,132730,0,0,0,0,0,0
2025-06-07,土,0,0,0,0,0,0,0,0,0,0,0,0,0,0,117,138740,22200,160940,0,0,0,0,0,0
2025-06-08,日,0,0,0,0,0,0,0,0,0,0,0,0,0,0,123,138450,29000,167450,0,0,0,0,0,0
2025-06-09,月,0,0,0,0,0,0,0,0,0,0,0,0,0,0,71,82100,11400,93500,0,0,0,0,0,0
2025-06-10,火,0,0,0,0,0,0,0,0,0,0,0,0,0,0,55,64980,6400,71380,0,0,0,0,0,0
2025-06-11,水,0,0,0,0,0,0,0,0,0,0,0,0,0,0,69,85530,11100,96630,0,0,0,0,0,0
2025-06-12,木,8,66000,4620,70620,8827,0,0,0,0,6,86200,27320,113520,18920,64,74350,9000,83350,0,0,0,0,0,184140
2025-06-13,金,0,0,0,0,0,0,0,0,0,6,89100,26620,115720,19286,130,137460,51450,188910,0,0,0,0,0,115720
2025-06-14,土,9,69300,20240,89540,9948,0,0,0,0,15,224400,71170,295570,19704,101,119330,23700,143030,0,0,2200,0,5000,392310
2025-06-15,日,8,63800,38390,102190,12773,0,0,0,0,10,150370,27390,177760,17776,102,119340,21200,140540,0,0,0,0,0,279950
2025-06-16,月,4,22000,6600,28600,7150,0,0,0,0,3,42900,10340,53240,17746,52,70050,6200,76250,0,0,0,0,0,81840
2025-06-17,火,3,16500,1980,18480,6160,0,0,0,0,0,0,0,0,0,65,76060,11400,87460,0,0,0,0,0,18480
2025-06-18,水,5,21000,9140,30140,6028,0,0,0,0,2,30800,23650,54450,27225,76,87800,16500,104300,0,0,0,0,0,84590
2025-06-19,木,7,68200,12100,80300,11471,0,0,0,0,2,26400,19800,46200,23100,73,84060,7600,91660,0,0,0,0,0,126500
2025-06-20,金,7,45100,12760,57860,8265,0,0,0,0,14,202400,101090,303490,21677,146,117960,47300,165260,0,0,0,0,0,361350
2025-06-21,土,7,61600,11110,72710,10387,0,0,0,0,20,252920,74800,327720,16386,90,103260,17000,120260,0,0,0,0,0,400430
2025-06-22,日,9,49500,7260,56760,6306,0,0,0,0,9,86300,31570,117870,13096,83,105450,14700,120150,0,0,4400,0,0,179030
2025-06-23,月,0,0,0,0,0,0,0,0,0,11,187880,122980,310860,28260,40,57700,7100,64800,0,0,0,0,0,310860
2025-06-24,火,12,82500,16890,99390,8282,0,0,0,0,2,24200,4400,28600,14300,63,76590,14600,91190,0,0,0,0,0,127990
2025-06-25,水,10,64900,30150,95050,9505,0,0,0,0,4,66880,160930,227810,56952,55,66830,10100,76930,0,0,0,0,0,322860
2025-06-26,木,6,33000,4950,37950,6325,0,0,0,0,2,24200,8360,32560,16280,55,76910,8400,85310,0,0,0,0,0,70510
2025-06-27,金,2,17600,7920,25520,12760,0,0,0,0,17,243900,97450,341350,20079,112,86370,38400,124770,0,0,0,0,0,366870
2025-06-28,土,5,30800,10230,41030,8206,0,0,0,0,17,260700,116160,376860,22168,100,119020,22200,141220,0,0,0,0,0,417890
2025-06-29,日,12,68300,25970,94270,7855,0,0,0,0,6,83600,12870,96470,16078,100,116620,17500,134120,0,0,0,0,0,190740
2025-06-30,月,4,44000,8470,52470,13117,0,0,0,0,4,61600,30140,91740,22935,60,79230,5200,84430,0,0,2200,0,0,146410
2025-07-01,火,6,28600,10560,39160,6526,0,0,0,0,4,47520,29920,77440,19360,56,69510,8600,78110,0,0,4400,0,0,121000
2025-07-02,水,13,70400,19360,89760,6904,0,0,0,0,2,30800,15400,46200,23100,60,75880,7600,83480,0,0,2200,0,0,138160
2025-07-03,木,16,83040,12660,95700,5981,0,0,0,0,16,152000,77000,229000,14312,58,66090,10600,76690,0,0,2200,0,0,326900
2025-07-04,金,9,45100,12870,57970,6441,0,0,0,0,7,87780,29370,117150,16735,97,89340,24100,113440,0,0,0,0,0,175120
2025-07-05,土,5,34100,16830,50930,10186,0,0,0,0,9,152140,59510,211650,23516,125,134190,35000,169190,0,0,0,0,0,262580
2025-07-06,日,9,74140,34650,108790,12087,0,0,0,0,1,17380,11000,28380,28380,98,113720,15500,129220,0,0,0,0,0,137170
2025-07-07,月,14,74800,24750,99550,7110,0,0,0,0,8,119900,69190,189090,23636,76,85320,11000,96320,0,0,4400,0,0,293040
2025-07-08,火,10,58300,17380,75680,7568,0,0,0,0,10,178200,133760,311960,31196,62,86150,14200,100350,0,0,0,0,0,387640
2025-07-09,水,11,80300,12760,93060,8460,0,0,0,0,8,118580,30580,149160,18645,82,105690,14700,120390,0,0,0,0,0,242220
2025-07-10,木,6,46200,19140,65340,10890,0,0,0,0,3,36300,9900,46200,15400,72,95190,15000,110190,0,0,0,0,0,111540
2025-07-11,金,9,70400,19030,89430,9936,0,0,0,0,10,131560,48510,180070,18007,144,118030,44400,162430,0,0,0,0,0,269500
2025-07-12,土,12,66000,18590,84590,7049,0,0,0,0,2,24200,4840,29040,14520,122,129370,33500,162870,0,0,0,0,0,113630
2025-07-13,日,10,62700,20900,83600,8360,4,15400,2200,17600,4,55770,12100,67870,16967,100,111560,26900,138460,0,0,4400,0,0,173470
2025-07-14,月,8,55000,13970,68970,8621,2,7700,1100,8800,9,124080,62370,186450,20716,58,65310,7600,72910,0,0,4400,0,0,268620
2025-07-15,火,8,37400,6270,43670,5458,0,0,0,0,14,232600,85580,318180,22727,79,94930,10100,105030,0,0,4400,0,0,366250
2025-07-16,水,17,95150,22770,117920,6936,0,0,0,0,9,102500,47520,150020,16668,86,108250,7000,115250,0,0,0,0,0,267940
2025-07-17,木,17,74800,20350,95150,5597,0,0,0,0,8,145200,53240,198440,24805,85,97450,13500,110950,0,0,0,0,0,293590
2025-07-18,金,9,55100,13320,68420,7602,0,0,0,0,2,24200,7150,31350,15675,103,99940,26000,125940,0,0,0,0,0,99770
2025-07-19,土,15,98450,35970,134420,8961,2,7700,1100,8800,8,115500,31900,147400,18425,114,127590,25800,153390,0,0,2200,0,0,292820
2025-07-20,日,13,93500,20900,114400,8800,3,14300,1650,15950,13,176880,65010,241890,18606,91,109160,19700,128860,0,0,2200,0,0,374440
2025-07-21,月,7,51700,12430,64130,9161,4,15400,2200,17600,2,0,0,0,0,97,122010,17600,139610,0,0,0,0,0,81730
2025-07-22,火,3,16500,12430,28930,9643,2,7700,2420,10120,2,35200,4730,39930,19965,57,73210,10300,83510,0,0,0,0,0,78980
2025-07-23,水,12,58300,16170,74470,6205,0,0,0,0,2,33000,13200,46200,23100,62,75620,7500,83120,0,0,0,0,0,120670
2025-07-24,木,5,27500,5720,33220,6644,0,0,0,0,12,166980,94930,261910,21825,67,88230,10000,98230,0,0,0,0,0,295130
2025-07-25,金,2,11000,3300,14300,7150,0,0,0,0,8,110000,20020,130020,16252,291,202420,46300,248720,0,0,0,0,0,144320
2025-07-26,土,9,62700,27940,90640,10071,2,7700,1100,8800,10,155540,77880,233420,23342,123,146440,30500,176940,0,0,0,0,0,332860
2025-07-27,日,11,75900,16940,92840,8440,2,7700,1100,8800,24,264000,96000,360000,15000,111,155850,24500,180350,0,0,0,0,0,461640
2025-07-28,月,19,116600,55770,172370,9072,0,0,0,0,4,48400,10670,59070,14767,65,75790,7500,83290,0,0,0,0,0,231440
2025-07-29,火,14,112200,63360,175560,12540,0,0,0,0,4,50600,7370,57970,14492,55,68370,6500,74870,0,0,0,0,0,233530
2025-07-30,水,12,63800,19140,82940,6911,2,7700,1100,8800,2,26840,10450,37290,18645,84,117200,10400,127600,0,0,0,0,0,129030
2025-07-31,木,8,42900,37840,80740,10092,0,0,0,0,5,64240,20900,85140,17028,87,115140,11700,126840,0,0,0,0,0,165880
2025-08-01,金,10,55000,10450,65450,6545,0,0,0,0,2,30800,10450,41250,20625,116,110050,28900,138950,0,0,0,0,0,106700
2025-08-02,土,7,46200,12100,58300,8328,0,0,0,0,8,116600,25520,142120,17765,112,125130,20900,146030,3,0,0,0,0,200420
2025-08-03,日,8,44000,17490,61490,7686,2,7700,1100,8800,2,19800,7590,27390,13695,104,101900,29100,131000,0,0,0,0,0,97680
2025-08-04,月,3,30800,3960,34760,11586,2,7700,1100,8800,0,0,0,0,0,62,69340,12600,81940,0,0,0,0,0,43560
2025-08-05,火,13,76560,33770,110330,8486,2,7700,1100,8800,6,92400,34100,126500,21083,85,100960,12100,113060,1,0,4400,0,0,250030
2025-08-06,水,14,70400,27280,97680,6977,4,15400,2200,17600,18,286500,86400,372900,20716,88,103290,12400,115690,1,0,0,0,0,488180
2025-08-07,木,11,69300,9240,78540,7140,0,0,0,0,9,101700,51370,153070,17007,80,96860,9500,106360,0,0,0,0,0,231610
2025-08-08,金,3,16500,7260,23760,7920,2,7700,1100,8800,13,189200,63140,252340,19410,296,261060,26500,287560,2,0,0,0,0,284900
2025-08-09,土,16,108900,59510,168410,10525,5,19250,2750,22000,18,229120,131890,361010,20056,88,122620,16000,138620,1,0,4400,0,0,555820
2025-08-10,日,17,106810,173140,279950,16467,0,0,0,0,9,190080,50270,240350,26705,73,83120,19200,102320,2,0,2200,0,0,522500
2025-08-11,月,13,86900,32670,119570,9197,2,7700,1100,8800,3,26400,11100,37500,12500,79,104370,12000,116370,2,0,2200,0,0,168070
2025-08-12,火,16,117700,31570,149270,9329,5,19250,2750,22000,10,150700,39710,190410,19041,110,156340,12600,168940,0,0,4400,0,0,366080
2025-08-13,水,8,55000,16830,71830,8978,4,15400,2200,17600,6,60280,23980,84260,14043,91,107410,16300,123710,0,0,0,0,0,173690
2025-08-14,木,11,62800,17500,80300,7300,0,0,0,0,10,191400,98120,289520,28952,82,103940,11700,115640,0,0,6600,0,0,376420
2025-08-15,金,9,53900,23870,77770,8641,0,0,0,0,6,99000,32890,131890,21981,131,137320,38400,175720,2,0,0,0,0,209660
2025-08-16,土,9,59400,13860,73260,8140,3,11550,1650,13200,8,120560,42130,162690,20336,77,99900,16800,116700,1,0,0,0,0,249150
2025-08-17,日,18,157300,26510,183810,10211,2,7700,1100,8800,3,36300,12870,49170,16390,93,122630,17700,140330,5,0,2200,0,0,243980
2025-08-18,月,4,22550,7040,29590,7397,4,15400,4400,19800,0,0,0,0,0,52,56040,10100,66140,1,0,2200,0,0,51590
2025-08-19,火,13,71500,16940,88440,6803,0,0,0,0,4,65560,26840,92400,23100,64,77000,10000,87000,0,0,0,0,0,180840
2025-08-20,水,7,38500,29260,67760,9680,4,15400,2200,17600,14,193600,68090,261690,18692,76,91480,9000,100480,0,0,4400,0,0,351450
2025-08-21,木,12,74800,13090,87890,7324,0,0,0,0,7,107800,49500,157300,22471,61,76120,12600,88720,0,0,0,0,0,245190
2025-08-22,金,6,50600,14960,65560,10926,4,15400,3080,18480,9,132000,64790,196790,21865,93,82210,26400,108610,0,0,0,0,0,280830
2025-08-23,土,11,79200,23760,102960,9360,0,0,0,0,29,322300,109940,432240,14904,107,126830,20400,147230,3,0,0,0,0,535200
2025-08-24,日,17,119900,23980,143880,8463,2,7700,1100,8800,8,127600,35530,163130,20391,104,136550,19900,156450,2,0,6600,0,0,322410
2025-08-25,月,4,28600,11880,40480,10120,2,7700,1100,8800,6,100100,124300,224400,37400,48,54380,9200,63580,0,0,0,0,0,273680
2025-08-26,火,14,73700,17270,90970,6497,0,0,0,0,3,66000,13750,79750,26583,45,51450,5400,56850,0,0,0,0,0,170720
2025-08-27,水,0,0,0,0,0,4,15400,4620,20020,3,36300,14190,50490,16830,63,63080,15300,78380,0,0,0,0,0,70510
2025-08-28,木,7,36300,11990,48290,6898,0,0,0,0,0,0,0,0,0,77,98480,10800,109280,0,0,0,0,0,48290
2025-08-29,金,6,29800,12220,42020,7003,0,0,0,0,7,94600,90090,184690,26384,124,118280,29500,147780,0,0,4400,0,0,231110
2025-08-30,土,0,0,0,0,0,4,15400,2200,17600,13,194120,51150,245270,18866,109,142880,16500,159380,1,0,0,0,0,262870
2025-08-31,日,14,123200,25740,148940,10638,2,7700,1980,9680,9,125400,49360,174760,19417,117,112930,35000,147930,1,0,2200,0,0,335580
2025-09-01,月,1,0,5060,5060,5060,0,0,0,0,2,30000,12050,42050,21025,36,40280,6000,46280,0,0,0,0,0,47110
2025-09-02,火,12,59950,11330,71280,5940,0,0,0,0,0,0,0,0,0,41,49860,5000,54860,1,0,2200,0,0,73480
2025-09-03,水,4,35200,16830,52030,13007,0,0,0,0,3,49500,10890,60390,20130,52,59650,9500,69150,1,0,0,0,0,112420
2025-09-04,木,7,46200,4290,50490,7212,0,0,0,0,3,45000,18000,63000,21000,71,88680,4800,93480,1,0,0,0,0,113490
2025-09-05,金,0,0,0,0,0,2,7700,1100,8800,2,26400,16500,42900,21450,121,104860,30200,135060,0,0,0,0,0,51700
2025-09-06,土,6,39600,16720,56320,9386,2,7700,1100,8800,9,166100,170610,336710,37412,91,83060,20800,103860,0,0,4400,0,0,406230
2025-09-07,日,11,84700,10010,94710,8610,4,19800,4400,24200,2,19800,3960,23760,11880,76,96280,9900,106180,3,0,0,0,0,142670
2025-09-08,月,2,26400,5170,31570,15785,0,0,0,0,0,0,0,0,0,68,85130,9800,94930,0,0,0,0,0,31570
2025-09-09,火,6,28600,5830,34430,5738,0,0,0,0,2,44000,17820,61820,30910,51,66000,6400,72400,0,0,0,0,0,96250
2025-09-10,水,5,26400,18480,44880,8976,0,0,0,0,4,66000,33000,99000,24750,82,99810,7100,106910,1,0,4400,0,0,148280
2025-09-11,木,11,67900,13430,81330,7393,5,19250,2750,22000,5,72600,22990,95590,19118,60,73000,10200,83200,0,0,0,0,0,198920
2025-09-12,金,2,8800,1980,10780,5390,0,0,0,0,17,260400,97140,357540,21031,88,63960,21800,85760,0,0,4400,0,0,372720
2025-09-13,土,5,27500,8030,35530,7106,0,0,0,0,4,59400,384450,443850,110962,78,99160,13900,113060,1,0,0,0,0,479380
2025-09-14,日,19,137500,34650,172150,9060,2,7700,1100,8800,11,123000,51820,174820,15892,88,90530,19500,110030,1,0,0,0,0,355770
2025-09-15,月,15,182600,27290,209890,13992,0,0,0,0,6,113960,46640,160600,26766,52,64200,9500,73700,1,0,0,0,0,370490
2025-09-16,火,4,18800,1000,19800,4950,2,7700,1100,8800,7,99000,31000,130000,18571,47,54130,7500,61630,1,0,0,0,0,158600
2025-09-17,水,13,57200,8360,65560,5043,0,0,0,0,5,59730,32010,91740,18348,54,65850,6000,71850,0,0,0,0,0,157300
2025-09-18,木,5,24200,7810,32010,6402,2,7700,1100,8800,0,0,0,0,0,58,66850,10900,77750,0,0,0,0,0,40810
2025-09-19,金,4,27600,2760,30360,7590,2,7700,1100,8800,7,92400,46200,138600,19800,104,98080,25300,123380,1,0,4400,0,0,182160
2025-09-20,土,12,69500,12550,82050,6837,2,7700,6380,14080,15,227580,62310,289890,19326,93,105730,14300,120030,2,0,0,0,0,386020
2025-09-21,日,22,207600,40700,248300,11286,0,0,0,0,2,20000,6930,26930,13465,63,91850,5800,97650,2,0,2200,0,0,277430
2025-09-22,月,6,46000,12320,58320,9720,2,7700,1100,8800,5,59600,11440,71040,14208,48,51350,7400,58750,0,0,0,0,0,138160
2025-09-23,火,12,92000,16940,108940,9078,2,7700,1100,8800,0,0,0,0,0,50,58200,9700,67900,0,0,0,0,0,117740
2025-09-24,水,6,32000,9590,41590,6931,0,0,0,0,8,114400,97350,211750,26468,47,57550,6500,64050,1,0,4400,0,0,257740
2025-09-25,木,10,74000,8140,82140,8214,4,19800,6160,25960,11,110720,28260,138980,12634,65,66900,13500,80400,0,0,2200,0,0,249280
2025-09-26,金,4,17600,4400,22000,5500,2,7700,1650,9350,8,120000,40000,160000,20000,129,113260,42600,155860,1,0,0,0,0,191350
2025-09-27,土,7,46600,9680,56280,8040,2,7700,1100,8800,5,69500,20460,89960,17992,78,89000,19000,108000,3,0,0,0,0,155040
2025-09-28,日,9,50500,8910,59410,6601,5,19250,2750,22000,6,83160,22550,105710,17618,72,87380,11700,99080,2,0,0,0,0,187120
2025-09-29,月,2,8800,2640,11440,5720,0,0,0,0,12,137860,37460,175320,14610,50,65930,8100,74030,0,0,4400,0,0,191160
2025-09-30,火,15,109780,30140,139920,9328,0,0,0,0,0,0,0,0,0,45,60980,3100,64080,1,0,2200,0,0,142120
2025-10-01,水,2,12000,1980,13980,6990,0,0,0,0,3,49500,18590,68090,22696,41,56450,2700,59150,1,0,0,0,0,82070
2025-10-02,木,17,74800,9020,83820,4930,0,0,0,0,4,48580,7260,55840,13960,62,85850,5800,91650,0,0,0,0,0,139660
2025-10-03,金,5,25200,6270,31470,6294,0,0,0,0,2,33660,18810,52470,26235,145,122600,35000,157600,1,0,0,0,0,83940
2025-10-04,土,12,91600,21560,113160,9430,1,3850,550,4400,13,200400,36850,237250,18250,103,127860,16600,144460,1,0,0,0,0,354810
2025-10-05,日,0,0,0,0,0,2,7700,1100,8800,7,99750,12210,111960,15994,90,106730,9600,116330,1,0,0,0,0,120760
2025-10-06,月,6,32800,16720,49520,8253,0,0,0,0,2,33550,11110,44660,22330,69,87800,10600,98400,3,0,4400,0,0,98580
2025-10-07,火,6,35200,6930,42130,7021,0,0,0,0,3,52800,19800,72600,24200,66,86130,7700,93830,0,0,0,0,0,114730
2025-10-08,水,9,58800,17380,76180,8464,1,3850,2530,6380,16,236500,94270,330770,20673,53,59780,13300,73080,2,0,4400,0,0,417730
2025-10-09,木,8,68000,19690,87690,10961,0,0,0,0,2,20000,10560,30560,15280,62,75650,8300,83950,1,0,0,0,0,118250
2025-10-10,金,4,20800,13750,34550,8637,0,0,0,0,14,156900,60950,217850,15560,94,86830,25300,112130,1,0,0,0,0,252400
2025-10-11,土,8,48000,24860,72860,9107,2,7700,1100,8800,7,87940,15570,103510,14787,118,143430,22700,166130,1,0,2200,0,0,187370
2025-10-12,日,34,136000,44170,180170,5299,0,0,0,0,21,243340,80190,323530,15406,119,140240,17700,157940,2,0,4400,0,0,508100
2025-10-13,月,3,18000,14410,32410,10803,5,19250,3960,23210,8,113300,51260,164560,20570,104,117130,23100,140230,0,0,0,0,0,220180
2025-10-14,火,9,78000,14080,92080,10231,0,0,0,0,3,24000,6000,30000,10000,50,59750,6400,66150,1,0,2200,0,0,124280
2025-10-15,水,2,8800,3410,12210,6105,0,0,0,0,13,146500,58080,204580,15736,80,97510,11900,109410,0,0,4400,0,0,221190
2025-10-16,木,4,18800,4300,23100,5775,0,0,0,0,1,10000,6600,16600,16600,85,96550,16900,113450,1,0,0,0,0,39700
2025-10-17,金,9,52400,4950,57350,6372,0,0,0,0,2,20000,13200,33200,16600,101,80980,28400,109380,0,0,0,0,0,90550
2025-10-18,土,10,60000,9460,69460,6946,2,7700,1100,8800,7,82400,24970,107370,15338,95,96930,17000,113930,1,0,0,0,0,185630
2025-10-19,日,9,102880,37620,140500,15611,0,0,0,0,2,20000,22000,42000,21000,96,110850,20000,130850,0,0,0,0,0,182500
2025-10-20,月,7,42800,2970,45770,6538,4,15400,2200,17600,8,74000,28560,102560,12820,74,74780,13800,88580,2,0,0,0,0,165930
2025-10-21,火,2,11000,3300,14300,7150,4,15400,2750,18150,6,121000,48180,169180,28196,76,88800,14300,103100,2,0,0,0,0,201630
2025-10-22,水,2,11000,4860,15860,7930,0,0,0,0,4,59400,22420,81820,20455,75,83600,13000,96600,1,0,0,0,0,97680
2025-10-23,木,12,63800,13640,77440,6453,0,0,0,0,2,26400,13200,39600,19800,70,78800,10100,88900,1,0,2200,0,0,119240
2025-10-24,金,7,51800,9470,61270,8752,0,0,0,0,7,63000,31000,94000,13428,123,104050,41600,145650,0,0,0,0,0,155270
2025-10-25,土,1,8800,5940,14740,14740,0,0,0,0,10,102100,23270,125370,12537,113,117530,23600,141130,0,0,0,0,0,140110
2025-10-26,日,12,66000,32340,98340,8195,2,7700,1100,8800,7,80740,13310,94050,13435,80,86150,14500,100650,4,0,0,0,0,201190
2025-10-27,月,2,17600,1870,19470,9735,0,0,0,0,4,20000,8000,28000,7000,55,84450,10800,95250,1,0,0,0,0,47470
2025-10-28,火,13,74900,23530,98430,7571,0,0,0,0,5,82500,14740,97240,19448,60,64450,11900,76350,2,0,0,0,0,195670
2025-10-29,水,10,56200,8260,64460,6446,0,0,0,0,2,31900,39820,71720,35860,66,80750,10000,90750,3,0,0,0,0,136180
2025-10-30,木,17,125400,31130,156530,9207,0,0,0,0,0,0,0,0,0,78,87800,19100,106900,3,0,0,0,0,156530
2025-10-31,金,8,57200,11660,68860,8607,0,0,0,0,2,34980,17350,52330,26165,116,126000,33000,159000,0,0,2200,0,0,123390
2025-11-01,土,6,48400,16610,65010,10835,0,0,0,0,15,223410,74690,298100,19873,75,99330,10900,110230,0,0,4400,0,0,367510
2025-11-02,日,9,60500,13420,73920,8213,2,7700,1100,8800,7,82500,21230,103730,14818,100,121300,18200,139500,2,0,0,0,0,186450
2025-11-03,月,9,59400,14300,73700,8188,2,7700,1100,8800,8,143000,33440,176440,22055,92,172250,13800,186050,2,0,4400,0,0,263340
2025-11-04,火,20,142500,40040,182540,9127,0,0,0,0,8,137500,63360,200860,25107,46,61830,5700,67530,2,0,6600,0,0,390000
2025-11-05,水,2,8800,1980,10780,5390,0,0,0,0,6,110000,36960,146960,24493,55,79000,8000,87000,1,0,4400,0,0,162140
2025-11-06,木,5,27600,6280,33880,6776,0,0,0,0,0,0,0,0,0,52,60450,7400,67850,0,0,0,0,0,33880
2025-11-07,金,2,11000,3960,14960,7480,0,0,0,0,9,113410,11550,124960,13884,116,78330,39500,117830,0,0,0,0,0,139920
2025-11-08,土,17,93500,22550,116050,6826,2,7700,1100,8800,8,118000,72270,190270,23783,82,89030,19700,108730,1,0,0,0,0,315120
2025-11-09,日,16,111100,24640,135740,8483,4,15400,2200,17600,0,0,0,0,0,71,70050,17400,87450,1,0,2200,0,0,155540
2025-11-10,月,4,28600,8800,37400,9350,6,23100,5500,28600,4,54010,24420,78430,19607,51,96650,6000,102650,2,0,0,0,0,144430
2025-11-11,火,9,56100,16060,72160,8017,0,0,0,0,0,0,0,0,0,53,69280,5700,74980,1,0,0,0,0,72160
2025-11-12,水,7,37500,11780,49280,7040,0,0,0,0,9,132000,38790,170790,18976,64,81030,9800,90830,0,0,0,0,0,220070
2025-11-13,木,4,35200,5830,41030,10257,3,11550,2970,14520,2,33000,17050,50050,25025,50,57300,10700,68000,0,0,0,0,0,105600
2025-11-14,金,11,53900,15070,68970,6270,0,0,0,0,3,39600,20900,60500,20166,120,86290,37800,124090,2,0,0,0,0,129470
2025-11-15,土,10,55000,26840,81840,8184,5,19250,4950,24200,3,50600,3850,54450,18150,79,91650,17400,109050,3,0,0,0,0,160490
2025-11-16,日,9,70400,28490,98890,10987,4,15400,6600,22000,9,102300,16830,119130,13236,50,70650,5700,76350,0,0,0,0,0,240020
2025-11-17,月,5,22000,3520,25520,5104,0,0,0,0,23,292000,69000,361000,15695,50,61200,9400,70600,0,0,0,0,0,386520
2025-11-18,火,11,62700,13090,75790,6890,0,0,0,0,2,33000,8910,41910,20955,64,85100,10800,95900,0,0,0,0,0,117700
2025-11-19,水,10,51800,12550,64350,6435,0,0,0,0,0,0,0,0,0,55,70550,7600,78150,0,0,0,0,0,64350
2025-11-20,木,6,37400,6050,43450,7241,4,15400,2200,17600,5,72600,33110,105710,21142,43,60000,4800,64800,1,0,0,0,0,166760
2025-11-21,金,4,35200,10560,45760,11440,2,7700,1100,8800,19,190000,57000,247000,13000,148,115100,42000,157100,1,0,0,0,0,301560
2025-11-22,土,15,95700,26180,121880,8125,2,7700,1100,8800,17,268250,101050,369300,21723,116,106150,31800,137950,0,0,4400,0,0,504380
2025-11-23,日,24,177100,179850,356950,14872,8,30800,8800,39600,6,92400,15840,108240,18040,131,156650,22300,178950,0,0,2200,0,0,506990
2025-11-24,月,18,101850,20690,122540,6807,2,7700,1100,8800,7,139300,45330,184630,26375,85,102530,16400,118930,2,0,2200,0,0,318170
2025-11-25,火,18,93500,56540,150040,8335,0,0,0,0,24,256300,57780,314080,13086,44,58100,6200,64300,0,0,2200,0,0,466320
2025-11-26,水,14,65200,16170,81370,5812,0,0,0,0,6,83600,23760,107360,17893,72,92080,8600,100680,2,0,0,0,0,188730
2025-11-27,木,6,30800,12210,43010,7168,2,7700,3300,11000,0,0,0,0,0,55,79450,12300,91750,0,0,0,0,0,54010
2025-11-28,金,9,43000,8260,51260,5695,0,0,0,0,10,107400,17940,125340,12534,113,85630,29400,115030,0,0,0,0,0,176600
2025-11-29,土,10,61600,10340,71940,7194,4,15400,2200,17600,15,233080,84050,317130,21142,109,125500,39900,165400,3,0,0,0,0,406670
2025-11-30,日,10,72600,28380,100980,10098,2,7700,3300,11000,0,0,0,0,0,83,81100,22300,103400,2,0,0,0,0,111980
2025-12-01,月,4,21000,5950,26950,6737,0,0,0,0,12,198000,100310,298310,24859,45,61480,6600,68080,1,0,4400,0,0,329660
2025-12-02,火,5,42900,7590,50490,10098,0,0,0,0,13,205480,68530,274010,21077,54,57150,7600,64750,0,0,6600,0,0,331100
2025-12-03,水,13,99000,51370,150370,11566,0,0,0,0,0,0,0,0,0,60,64350,9900,74250,0,0,2200,0,0,152570
2025-12-04,木,5,27500,2860,30360,6072,3,11550,1650,13200,2,30000,2400,32400,16200,60,75600,4200,79800,0,0,0,0,0,75960
2025-12-05,金,15,94600,30250,124850,8323,4,15400,4730,20130,12,216150,150420,366570,30547,115,82850,35800,118650,0,0,0,0,0,511550
2025-12-06,土,6,63800,11770,75570,12595,1,3850,550,4400,6,120780,36630,157410,26235,119,123200,26300,149500,0,0,4400,0,0,241780
2025-12-07,日,15,101200,37070,138270,9218,0,0,0,0,4,59400,23650,83050,20762,85,116400,13000,129400,0,0,2200,0,0,223520
2025-12-08,月,8,61600,14190,75790,9473,2,7700,1100,8800,12,199980,236500,436480,36373,53,59400,12000,71400,0,0,4400,0,0,525470
2025-12-09,火,6,28600,12320,40920,6820,2,7700,1100,8800,14,178200,75130,253330,18095,61,71900,13900,85800,1,0,0,0,0,303050
2025-12-10,水,5,35200,6930,42130,8426,0,0,0,0,4,66000,18480,84480,21120,82,85250,17000,102250,2,0,0,0,0,126610
2025-12-11,木,3,20900,7260,28160,9386,0,0,0,0,2,33000,4950,37950,18975,56,73100,8400,81500,0,0,0,0,0,66110
2025-12-12,金,12,73700,13310,87010,7250,0,0,0,0,17,202400,143440,345840,20343,161,117910,43600,161510,0,0,4400,0,0,437250
2025-12-13,土,15,95150,17600,112750,7516,4,15400,4400,19800,18,338580,99990,438570,24365,133,141360,29100,170460,0,0,4400,0,0,575520
2025-12-14,日,17,108900,45650,154550,9091,0,0,0,0,9,172920,36630,209550,23283,82,101800,15600,117400,1,0,0,0,0,364100
2025-12-15,月,14,103400,16390,119790,8556,0,0,0,0,12,144000,36000,180000,15000,49,63400,6900,70300,1,0,0,0,0,299790
2025-12-16,火,11,99000,22660,121660,11060,3,11550,1550,13100,7,99000,17810,116810,16687,72,92500,11400,103900,0,0,0,0,0,251570
2025-12-17,水,7,57200,27610,84810,12115,2,7700,1100,8800,11,170940,38870,209810,19073,96,108730,21000,129730,1,0,0,0,0,303420
2025-12-18,木,4,47600,9850,57450,14362,0,0,0,0,12,163400,55510,218910,18242,75,95950,15600,111550,1,0,2200,0,0,278560
2025-12-19,金,13,82500,21890,104390,8030,0,0,0,0,11,208560,231660,440220,40020,140,121130,41600,162730,0,0,4400,0,0,549010
2025-12-20,土,10,96800,28160,124960,12496,0,0,0,0,20,410190,128810,539000,26950,107,141750,23200,164950,0,0,6600,0,0,670560
2025-12-21,日,19,198000,38610,236610,12453,0,0,0,0,20,417120,79530,496650,24832,102,141800,14300,156100,1,0,4400,0,0,737660
2025-12-22,月,2,17600,1980,19580,9790,0,0,0,0,18,282360,69710,352070,19559,64,80750,5800,86550,2,0,0,0,0,371650
2025-12-23,火,9,101200,44440,145640,16182,0,0,0,0,14,277200,114180,391380,27955,64,78050,14800,92850,0,0,3300,0,0,540320
2025-12-24,水,10,96800,18700,115500,11550,0,0,0,0,27,507560,534600,1042160,38598,64,127490,9100,136590,1,0,0,0,0,1157660
2025-12-25,木,13,100980,43340,144320,11101,0,0,0,0,22,448800,110330,559130,25415,80,113110,8700,121810,0,0,0,0,0,703450
2025-12-26,金,15,116800,18940,135740,9049,0,0,0,0,21,378620,178750,557370,26541,172,134090,63800,197890,2,0,4400,0,0,697510
2025-12-27,土,8,70400,38500,108900,13612,6,23100,3300,26400,4,79200,6930,86130,21532,142,156440,37300,193740,0,0,4400,0,0,225830
2025-12-28,日,16,140800,11220,152020,9501,3,11550,1650,13200,6,109120,57860,166980,27830,116,141700,27500,169200,0,0,0,0,0,332200
2025-12-29,月,15,124400,23000,147400,9826,0,0,0,0,8,145200,63140,208340,26042,112,159830,30200,190030,0,0,2200,0,0,357940
2025-12-30,火,16,158400,31390,189790,11861,2,7700,1100,8800,12,225720,72930,298650,24887,85,115250,12800,128050,0,0,0,0,0,497240
2025-12-31,水,6,63800,14520,78320,13053,0,0,0,0,0,0,0,0,0,68,115500,8500,124000,2,0,0,0,0,78320
2026-01-01,木,0,0,0,0,0,0,0,0,0,0,0,0,0,0,0,0,0,0,0,0,0,0,0,0
2026-01-02,金,0,0,0,0,0,0,0,0,0,11,154440,41030,195470,17770,154,177450,36400,213850,0,0,0,0,0,195470
2026-01-03,土,16,107800,42350,150150,9384,4,15400,3300,18700,12,135540,32840,168380,14031,115,153910,21150,175060,0,0,0,0,0,337230
2026-01-04,日,14,78000,40700,118700,8478,2,7700,3300,11000,6,87120,40810,127930,21321,85,108050,14600,122650,1,0,0,0,0,257630
2026-01-05,月,11,70400,9680,80080,7280,3,11550,1650,13200,0,0,0,0,0,64,76500,8700,85200,1,0,0,0,0,93280
2026-01-06,火,10,70400,20570,90970,9097,0,0,0,0,0,0,0,0,0,54,84700,7300,92000,0,0,0,0,0,90970
2026-01-07,水,6,35200,11110,46310,7718,2,7700,1100,8800,0,0,1870,1870,0,59,81430,8400,89830,0,0,0,0,0,56980
2026-01-08,木,6,39600,5390,44990,7498,2,7700,3740,11440,4,62700,33000,95700,23925,67,109692,12800,122492,0,0,2200,0,0,154330
2026-01-09,金,10,53900,26510,80410,8041,2,7700,1100,8800,3,49500,19800,69300,23100,122,127100,31400,158500,0,0,0,0,0,158510
2026-01-10,土,9,59400,25190,84590,9398,4,15400,2200,17600,8,79200,62590,141790,17723,113,131050,20200,151250,1,0,0,0,0,243980
2026-01-11,日,19,170500,65780,236280,12435,0,0,0,0,6,94400,13700,108100,18016,80,113900,12100,126000,0,0,6600,0,0,350980
2026-01-12,月,6,35200,24640,59840,9973,0,0,0,0,0,0,0,0,0,64,69400,12800,82200,1,0,0,0,0,59840
2026-01-13,火,11,57200,31900,89100,8100,2,7700,1100,8800,8,139920,61710,201630,25203,47,75200,4250,79450,1,0,4400,0,0,303930
2026-01-14,水,7,30800,5720,36520,5217,0,0,0,0,0,11000,2200,13200,0,64,66700,14600,81300,1,0,0,0,0,49720
2026-01-15,木,10,74800,38170,112970,11297,0,0,0,0,16,245300,74800,320100,20006,48,71100,6900,78000,0,0,4400,0,0,437470
2026-01-16,金,8,45200,13100,58300,7287,0,0,0,0,6,61400,14800,76200,12700,136,117410,42000,159410,0,0,2200,0,0,136700
2026-01-17,土,20,99000,43450,142450,7122,1,3850,1650,5500,9,140030,46690,186720,20746,78,95350,16100,111450,0,0,6600,0,0,341270
2026-01-18,日,15,142600,29590,172190,11479,6,23100,4400,27500,1,22000,12320,34320,34320,77,73600,19400,93000,0,0,2200,0,0,236210
2026-01-19,月,10,61600,15400,77000,7700,0,0,0,0,3,42340,45040,87380,29126,48,63280,4200,67480,0,0,2200,0,0,166580
2026-01-20,火,6,33000,6160,39160,6526,0,0,0,0,16,237600,146400,384000,24000,63,84930,13500,98430,0,0,0,0,0,423160
2026-01-21,水,10,55000,17270,72270,7227,0,0,0,0,11,155100,67100,222200,20200,62,66250,13200,79450,0,0,0,0,0,294470
2026-01-22,木,12,77000,28930,105930,8827,0,0,0,0,4,92400,6710,99110,24777,44,48100,6400,54500,0,0,0,0,0,205040
2026-01-23,金,2,17600,1980,19580,9790,0,0,0,0,5,49500,26400,75900,15180,115,116950,34900,151850,0,0,0,0,0,95480
2026-01-24,土,20,129800,25740,155540,7777,2,7700,1100,8800,7,116600,128700,245300,35042,126,139350,33400,172750,1,0,4400,0,0,414040
2026-01-25,日,16,113300,33330,146630,9164,0,0,0,0,0,0,0,0,0,72,94350,13600,107950,0,0,2200,0,0,148830
2026-01-26,月,7,33000,7700,40700,5814,5,19250,2750,22000,4,66000,7260,73260,18315,56,77450,7000,84450,0,0,2200,0,0,138160
2026-01-27,火,12,58400,6940,65340,5445,2,7700,1100,8800,0,0,0,0,0,65,100380,7600,107980,0,0,0,0,0,74140
2026-01-28,水,2,8800,0,8800,4400,0,0,0,0,19,190000,160000,350000,18421,59,74200,10400,84600,0,0,0,0,0,358800
2026-01-29,木,5,22000,7260,29260,5852,3,11550,1650,13200,7,82500,35200,117700,16814,52,68400,7700,76100,1,0,4400,0,0,164560
2026-01-30,金,8,50160,31350,81510,10188,0,0,0,0,5,63600,8420,72020,14404,114,96770,32800,129570,0,0,0,0,0,153530
2026-01-31,土,13,47300,11880,59180,4552,2,7700,1100,8800,5,92400,28930,121330,24266,89,101450,18900,120350,0,0,0,0,0,189310
2026-02-01,日,2,14300,11330,25630,12815,2,7700,1100,8800,8,104800,29150,133950,16743,75,95650,12800,108450,0,0,2200,0,0,170580
2026-02-02,月,6,33000,15400,48400,8066,0,0,0,0,6,85800,13530,99330,16555,61,76650,6100,82750,0,0,0,0,0,147730
2026-02-03,火,4,17600,3740,21340,5335,0,0,0,0,0,0,0,0,0,67,87750,12400,100150,0,0,0,0,0,21340
2026-02-04,水,4,22000,6160,28160,7040,0,0,0,0,2,19800,13200,33000,16500,106,149850,16500,166350,0,0,0,0,0,61160
2026-02-05,木,2,17600,2970,20570,10285,0,0,0,0,5,72600,24880,97480,19496,92,132750,20700,153450,0,0,0,0,0,118050
2026-02-06,金,6,39600,4290,43890,7315,0,0,0,0,6,72600,52470,125070,20845,123,123060,32800,155860,0,0,0,0,0,168960
2026-02-07,土,4,21000,12000,33000,8250,0,0,0,0,9,134000,25580,159580,17731,129,160550,25900,186450,1,0,0,0,0,192580
2026-02-08,日,9,63900,11120,75020,8335,2,7700,3300,11000,0,0,0,0,0,110,155850,18400,174250,1,0,2200,0,0,88220
2026-02-09,月,9,48400,10780,59180,6575,0,0,0,0,4,44000,23650,67650,16912,70,99600,10700,110300,1,0,0,0,0,126830
2026-02-10,火,7,34100,17270,51370,7338,0,0,0,0,8,76900,17160,94060,11757,92,125630,25300,150930,0,0,0,0,0,145430
2026-02-11,水,0,0,0,0,0,0,0,0,0,0,0,0,0,0,0,0,0,0,0,0,0,0,0,0
2026-02-12,木,0,0,0,0,0,0,0,0,0,0,0,0,0,0,0,0,0,0,0,0,0,0,0,0
2026-02-13,金,0,0,0,0,0,0,0,0,0,0,0,0,0,0,0,0,0,0,0,0,0,0,0,0
2026-02-14,土,0,0,0,0,0,0,0,0,0,0,0,0,0,0,0,0,0,0,0,0,0,0,0,0
2026-02-15,日,0,0,0,0,0,0,0,0,0,0,0,0,0,0,0,0,0,0,0,0,0,0,0,0
2026-02-16,月,0,0,0,0,0,0,0,0,0,0,0,0,0,0,0,0,0,0,0,0,0,0,0,0
2026-02-17,火,0,0,0,0,0,0,0,0,0,0,0,0,0,0,0,0,0,0,0,0,0,0,0,0
2026-02-18,水,0,0,0,0,0,0,0,0,0,0,0,0,0,0,0,0,0,0,0,0,0,0,0,0
2026-02-19,木,0,0,0,0,0,0,0,0,0,0,0,0,0,0,0,0,0,0,0,0,0,0,0,0
2026-02-20,金,0,0,0,0,0,0,0,0,0,0,0,0,0,0,0,0,0,0,0,0,0,0,0,0
2026-02-21,土,0,0,0,0,0,0,0,0,0,0,0,0,0,0,0,0,0,0,0,0,0,0,0,0
2026-02-22,日,0,0,0,0,0,0,0,0,0,0,0,0,0,0,0,0,0,0,0,0,0,0,0,0
2026-02-23,月,0,0,0,0,0,0,0,0,0,0,0,0,0,0,0,0,0,0,0,0,0,0,0,0
2026-02-24,火,0,0,0,0,0,0,0,0,0,0,0,0,0,0,0,0,0,0,0,0,0,0,0,0
2026-02-25,水,0,0,0,0,0,0,0,0,0,0,0,0,0,0,0,0,0,0,0,0,0,0,0,0
2026-02-26,木,0,0,0,0,0,0,0,0,0,0,0,0,0,0,0,0,0,0,0,0,0,0,0,0
2026-02-27,金,0,0,0,0,0,0,0,0,0,0,0,0,0,0,0,0,0,0,0,0,0,0,0,0
2026-02-28,土,0,0,0,0,0,0,0,0,0,0,0,0,0,0,0,0,0,0,0,0,0,0,0,0
