date,weekday,l_count,l_food,l_drink,l_total,l_avg,d_count,d_food,d_drink,d_total,d_avg,to_count,to_food,to_drink,to_total,to_avg,bq_count,bq_food,bq_drink,bq_total,bq_avg,bg_count,bg_food,bg_drink,bg_tent,bg_goods,bg_total,bg_avg,room_fee,ticket,grand_total
2023-04-01,土,0,0,0,0,0,0,0,0,0,0,0,0,0,0,0,0,0,0,0,0,0,0,0,0,0,0,0,0,0,0
2023-04-02,日,0,0,0,0,0,0,0,0,0,0,0,0,0,0,0,0,0,0,0,0,0,0,0,0,0,0,0,0,0,0
2023-04-03,月,0,0,0,0,0,0,0,0,0,0,0,0,0,0,0,0,0,0,0,0,0,0,0,0,0,0,0,0,0,0
2023-04-04,火,0,0,0,0,0,0,0,0,0,0,0,0,0,0,0,0,0,0,0,0,0,0,0,0,0,0,0,0,0,0
2023-04-05,水,0,0,0,0,0,0,0,0,0,0,0,0,0,0,0,0,0,0,0,0,0,0,0,0,0,0,0,0,0,0
2023-04-06,木,0,0,0,0,0,0,0,0,0,0,0,0,0,0,0,0,0,0,0,0,0,0,0,0,0,0,0,0,0,0
2023-04-07,金,0,0,0,0,0,0,0,0,0,0,0,0,0,0,0,0,0,0,0,0,0,0,0,0,0,0,0,0,0,0
2023-04-08,土,0,0,0,0,0,0,0,0,0,0,0,0,0,0,0,0,0,0,0,0,0,0,0,0,0,0,0,0,0,0
2023-04-09,日,0,0,0,0,0,0,0,0,0,0,0,0,0,0,0,0,0,0,0,0,0,0,0,0,0,0,0,0,0,0
2023-04-10,月,0,0,0,0,0,0,0,0,0,0,0,0,0,0,0,0,0,0,0,0,0,0,0,0,0,0,0,0,0,0
2023-04-11,火,0,0,0,0,0,0,0,0,0,0,0,0,0,0,0,0,0,0,0,0,0,0,0,0,0,0,0,0,0,0
2023-04-12,水,0,0,0,0,0,0,0,0,0,0,0,0,0,0,0,0,0,0,0,0,0,0,0,0,0,0,0,0,0,0
2023-04-13,木,0,0,0,0,0,0,0,0,0,0,0,0,0,0,0,0,0,0,0,0,0,0,0,0,0,0,0,0,0,0
2023-04-14,金,0,0,0,0,0,0,0,0,0,0,0,0,0,0,0,0,0,0,0,0,0,0,0,0,0,0,0,0,0,0
2023-04-15,土,0,0,0,0,0,0,0,0,0,0,0,0,0,0,0,0,0,0,0,0,0,0,0,0,0,0,0,0,0,0
2023-04-16,日,0,0,0,0,0,0,0,0,0,0,0,0,0,0,0,0,0,0,0,0,0,0,0,0,0,0,0,0,0,0
2023-04-17,月,0,0,0,0,0,0,0,0,0,0,0,0,0,0,0,0,0,0,0,0,0,0,0,0,0,0,0,0,0,0
2023-04-18,火,0,0,0,0,0,0,0,0,0,0,0,0,0,0,0,0,0,0,0,0,0,0,0,0,0,0,0,0,0,0
2023-04-19,水,0,0,0,0,0,0,0,0,0,0,0,0,0,0,0,0,0,0,0,0,0,0,0,0,0,0,0,0,0,0
2023-04-20,木,0,0,0,0,0,0,0,0,0,0,0,0,0,0,0,0,0,0,0,0,0,0,0,0,0,0,0,0,0,0
2023-04-21,金,0,0,0,0,0,0,0,0,0,0,0,0,0,0,0,0,0,0,0,0,0,0,0,0,0,0,0,0,0,0
2023-04-22,土,0,0,0,0,0,0,0,0,0,0,0,0,0,0,0,0,0,0,0,0,0,0,0,0,0,0,0,0,0,0
2023-04-23,日,0,0,0,0,0,0,0,0,0,0,0,0,0,0,0,0,0,0,0,0,0,0,0,0,0,0,0,0,0,0
2023-04-24,月,10,0,0,18080,0,10,0,0,0,0,0,0,0,0,0,0,0,0,0,0,0,0,0,0,0,0,0,0,0,0
2023-04-25,火,13,0,0,46525,0,8,0,0,0,0,0,0,0,0,0,0,0,0,0,0,0,0,0,0,0,0,0,0,0,0
2023-04-26,水,24,0,0,68740,0,14,0,0,0,0,0,0,0,0,0,0,0,0,0,0,0,0,0,0,0,0,0,0,0,0
2023-04-27,木,0,0,0,0,0,0,0,0,0,0,0,0,0,0,0,0,0,0,0,0,0,0,0,0,0,0,0,0,0,0
2023-04-28,金,30,0,0,100760,0,21,0,0,336070,0,3,0,0,2500,0,0,0,0,0,0,0,0,0,0,0,0,0,0,0,0
2023-04-29,土,30,0,0,156940,0,26,0,0,297660,0,16,0,0,7700,0,0,0,0,0,0,0,0,0,0,0,0,0,0,0,0
2023-04-30,日,29,0,0,146630,0,13,0,0,161910,0,5,0,0,1950,0,0,0,0,0,0,0,0,0,0,0,0,0,0,0,0
2023-05-01,月,32,0,0,124820,0,4,0,0,44160,0,1,0,0,450,0,0,0,0,0,0,0,0,0,0,0,0,0,0,0,0
2023-05-02,火,29,0,0,114180,0,26,0,0,288240,0,3,0,0,1850,0,0,0,0,0,0,0,0,0,0,0,0,0,0,0,0
2023-05-03,水,25,0,0,115120,0,30,0,0,424030,0,3,0,0,2800,0,0,0,0,0,0,0,0,0,0,0,0,0,0,0,0
2023-05-04,木,32,0,0,162940,0,25,0,0,351130,0,7,0,0,3500,0,0,0,0,0,0,0,0,0,0,0,0,0,0,0,0
2023-05-05,金,32,0,0,172410,0,19,0,0,259170,0,0,0,0,0,0,0,0,0,0,0,0,0,0,0,0,0,0,0,0,0
2023-05-06,土,25,0,0,148750,0,27,0,0,329910,0,11,0,0,8050,0,0,0,0,0,0,0,0,0,0,0,0,0,0,0,0
2023-05-07,日,36,0,0,209550,0,2,0,0,33770,0,7,0,0,3850,0,0,0,0,0,0,0,0,0,0,0,0,0,0,0,0
2023-05-08,月,33,0,0,134180,0,4,0,0,55800,0,1,0,0,500,0,0,0,0,0,0,0,0,0,0,0,0,0,0,0,0
2023-05-09,火,30,0,0,146880,0,2,0,0,14350,0,4,0,0,2350,0,0,0,0,0,0,0,0,0,0,0,0,0,0,0,0
2023-05-10,水,31,0,0,165700,0,7,0,0,112160,0,4,0,0,3700,0,0,0,0,0,0,0,0,0,0,0,0,0,0,0,0
2023-05-11,木,38,0,0,173130,0,20,0,0,236410,0,3,0,0,2450,0,0,0,0,0,0,0,0,0,0,0,0,0,0,0,0
2023-05-12,金,24,0,0,105730,0,23,0,0,308120,0,7,0,0,4600,0,0,0,0,0,0,0,0,0,0,0,0,0,0,0,0
2023-05-13,土,27,0,0,138710,0,35,0,0,476550,0,6,0,0,4300,0,0,0,0,0,0,0,0,0,0,0,0,0,0,0,0
2023-05-14,日,28,0,0,142080,0,11,0,0,162470,0,7,0,0,5100,0,0,0,0,0,0,0,0,0,0,0,0,0,0,0,0
2023-05-15,月,37,0,0,164100,0,2,0,0,21700,0,6,0,0,4850,0,0,0,0,0,0,0,0,0,0,0,0,0,0,0,0
2023-05-16,火,29,0,0,132250,0,12,0,0,162580,0,4,0,0,3200,0,0,0,0,0,0,0,0,0,0,0,0,0,0,0,0
2023-05-17,水,40,0,0,175320,0,13,0,0,185680,0,2,0,0,950,0,0,0,0,0,0,0,0,0,0,0,0,0,0,0,0
2023-05-18,木,33,0,0,148490,0,5,0,0,66210,0,0,0,0,0,0,71,0,0,379233,0,0,0,0,0,0,0,0,0,0,0
2023-05-19,金,36,0,0,135170,0,13,0,0,176630,0,10,0,0,6300,0,0,0,0,0,0,0,0,0,0,0,0,0,0,0,0
2023-05-20,土,33,0,0,160120,0,12,0,0,173020,0,13,0,0,9550,0,0,0,0,0,0,0,0,0,0,0,0,0,0,0,0
2023-05-21,日,34,0,0,176500,0,18,0,0,257220,0,26,0,0,13500,0,0,0,0,0,0,0,0,0,0,0,0,0,0,0,0
2023-05-22,月,44,0,0,130090,0,3,0,0,71050,0,4,0,0,3250,0,12,0,0,62640,0,0,0,0,0,0,0,0,0,0,0
2023-05-23,火,37,0,0,167830,0,12,0,0,118617,0,13,0,0,11650,0,0,0,0,0,0,0,0,0,0,0,0,0,0,0,0
2023-05-24,水,34,0,0,141240,0,12,0,0,149690,0,4,0,0,3200,0,0,0,0,0,0,0,0,0,0,0,0,0,0,0,0
2023-05-25,木,30,0,0,124570,0,17,0,0,267730,0,5,0,0,3000,0,27,0,0,187920,0,0,0,0,0,0,0,0,0,0,0
2023-05-26,金,27,0,0,93150,0,16,0,0,205690,0,5,0,0,4300,0,65,0,0,237075,0,0,0,0,0,0,0,0,0,0,0
2023-05-27,土,29,0,0,151780,0,27,0,0,326610,0,23,0,0,11300,0,0,0,0,0,0,247,0,0,0,0,884000,0,0,0,0
2023-05-28,日,23,0,0,113920,0,9,0,0,122080,0,9,0,0,6750,0,0,0,0,0,0,130,0,0,0,0,576200,0,0,0,0
2023-05-29,月,17,0,0,56700,0,21,0,0,256820,0,12,0,0,5800,0,10,0,0,52200,0,40,0,0,0,0,197800,0,0,0,0
2023-05-30,火,30,0,0,118070,0,12,0,0,145580,0,3,0,0,2100,0,0,0,0,0,0,19,0,0,0,0,74900,0,0,0,0
2023-05-31,水,35,0,0,135050,0,17,0,0,76560,0,5,0,0,2050,0,0,0,0,0,0,70,0,0,0,0,241850,0,0,0,0
2023-06-01,木,29,0,0,108990,0,10,0,0,171500,0,11,0,0,6350,0,66,0,0,287100,0,122,0,0,0,0,433200,0,0,0,0
2023-06-02,金,29,0,0,115440,0,20,0,0,294830,0,11,0,0,5900,0,0,0,0,0,0,86,0,0,0,0,393050,0,0,0,0
2023-06-03,土,30,0,0,130820,0,21,0,0,255300,0,20,0,0,15950,0,0,0,0,0,0,89,0,0,0,0,342450,0,0,0,0
2023-06-04,日,32,0,0,175790,0,11,0,0,138230,0,9,0,0,7150,0,0,0,0,0,0,65,0,0,0,0,234700,0,0,0,0
2023-06-05,月,33,0,0,133090,0,6,0,0,100430,0,5,0,0,3250,0,0,0,0,0,0,29,0,0,0,0,105450,0,0,0,0
2023-06-06,火,34,0,0,153770,0,13,0,0,216580,0,9,0,0,5600,0,0,0,0,0,0,63,0,0,0,0,254350,0,0,0,0
2023-06-07,水,29,0,0,99790,0,7,0,0,111980,0,5,0,0,2250,0,0,0,0,0,0,43,0,0,0,0,180750,0,0,0,0
2023-06-08,木,34,0,0,134820,0,18,0,0,199820,0,7,0,0,3150,0,0,0,0,0,0,132,0,0,0,0,508050,0,0,0,0
2023-06-09,金,31,0,0,123010,0,26,0,0,362300,0,14,0,0,8200,0,0,0,0,0,0,44,0,0,0,0,171600,0,0,0,0
2023-06-10,土,32,0,0,151350,0,24,0,0,293670,0,19,0,0,9450,0,0,0,0,0,0,251,0,0,0,0,775950,0,0,0,0
2023-06-11,日,26,0,0,138500,0,16,0,0,169700,0,18,0,0,7950,0,0,0,0,0,0,357,0,0,0,0,1369250,0,0,0,0
2023-06-12,月,38,0,0,157410,0,10,0,0,120160,0,8,0,0,3600,0,0,0,0,0,0,133,0,0,0,0,534700,0,0,0,0
2023-06-13,火,25,0,0,99440,0,13,0,0,145690,0,8,0,0,5150,0,0,0,0,0,0,82,0,0,0,0,306850,0,0,0,0
2023-06-14,水,39,0,0,204970,0,9,0,0,74730,0,16,0,0,7000,0,22,0,0,153120,0,140,0,0,0,0,414950,0,0,0,0
2023-06-15,木,31,0,0,146470,0,3,0,0,27610,0,3,0,0,3000,0,0,0,0,0,0,302,0,0,0,0,1371750,0,0,0,0
2023-06-16,金,32,0,0,119010,0,28,0,0,379650,0,15,0,0,7800,0,0,0,0,0,0,219,0,0,0,0,874850,0,0,0,0
2023-06-17,土,32,0,0,183340,0,33,0,0,386290,0,18,0,0,8700,0,0,0,0,0,0,443,0,0,0,0,1770950,0,0,0,0
2023-06-18,日,31,0,0,156720,0,12,0,0,174410,0,8,0,0,4650,0,0,0,0,0,0,137,0,0,0,0,590300,0,0,0,0
2023-06-19,月,36,0,0,143680,0,4,0,0,51970,0,10,0,0,5500,0,31,0,0,215760,0,132,0,0,0,0,560900,0,0,0,0
2023-06-20,火,40,0,0,154530,0,16,0,0,181660,0,9,0,0,3150,0,6,0,0,5481,0,169,0,0,0,0,712500,0,0,0,0
2023-06-21,水,30,0,0,163010,0,21,0,0,255680,0,10,0,0,4700,0,0,0,0,0,0,200,0,0,0,0,839550,0,0,0,0
2023-06-22,木,34,0,0,136600,0,16,0,0,205800,0,10,0,0,5150,0,0,0,0,0,0,149,0,0,0,0,534550,0,0,0,0
2023-06-23,金,17,0,0,62470,0,16,0,0,202100,0,10,0,0,10100,0,120,0,0,555017,0,160,0,0,0,0,672000,0,0,0,0
2023-06-24,土,38,0,0,196620,0,14,0,0,180720,0,23,0,0,11600,0,51,0,0,268830,0,413,0,0,0,0,1678200,0,0,0,0
2023-06-25,日,36,0,0,173650,0,20,0,0,241160,0,12,0,0,11200,0,0,0,0,0,0,435,0,0,0,0,1793100,0,0,0,0
2023-06-26,月,37,0,0,163280,0,13,0,0,168170,0,5,0,0,1950,0,0,0,0,0,0,210,0,0,0,0,736300,0,0,0,0
2023-06-27,火,33,0,0,120660,0,27,0,0,294360,0,3,0,0,1350,0,15,0,0,107010,0,259,0,0,0,0,1102500,0,0,0,0
2023-06-28,水,31,0,0,126810,0,18,0,0,214925,0,8,0,0,4600,0,27,0,0,147030,0,240,0,0,0,0,897000,0,0,0,0
2023-06-29,木,33,0,0,145850,0,33,0,0,660000,0,11,0,0,4950,0,0,0,0,0,0,87,0,0,0,0,340900,0,0,0,0
2023-06-30,金,22,0,0,81610,0,10,0,0,138930,0,15,0,0,8450,0,18,0,0,101790,0,118,0,0,0,0,454050,0,0,0,0
2023-07-01,土,38,0,0,186720,0,7,0,0,54500,0,10,0,0,6250,0,0,0,0,0,0,217,0,0,0,0,1014100,0,0,0,0
2023-07-02,日,30,0,0,114710,0,12,0,0,151290,0,3,0,0,3050,0,0,0,0,0,0,279,0,0,0,0,1152450,0,0,0,0
2023-07-03,月,32,0,0,136330,0,4,0,0,51260,0,5,0,0,2250,0,0,0,0,0,0,154,0,0,0,0,667550,0,0,0,0
2023-07-04,火,39,0,0,150920,0,3,0,0,27500,0,5,0,0,3350,0,0,0,0,0,0,201,0,0,0,0,808100,0,0,0,0
2023-07-05,水,34,0,0,152210,0,7,0,0,80670,0,12,0,0,8300,0,0,0,0,0,0,264,0,0,0,0,1095450,0,0,0,0
2023-07-06,木,30,0,0,94260,0,0,0,0,0,0,9,0,0,4950,0,0,0,0,0,0,305,0,0,0,0,1606550,0,0,0,0
2023-07-07,金,35,0,0,157610,0,9,0,0,93700,0,15,0,0,9700,0,0,0,0,0,0,392,0,0,0,0,1776600,0,0,0,0
2023-07-08,土,36,0,0,175510,0,22,0,0,276690,0,50,0,0,36830,0,11,0,0,57420,0,565,0,0,0,0,2543200,0,0,0,0
2023-07-09,日,34,0,0,178060,0,9,0,0,79860,0,10,0,0,7860,0,0,0,0,0,0,513,0,0,0,0,2290800,0,0,0,0
2023-07-10,月,27,0,0,119000,0,23,0,0,230540,0,8,0,0,6290,0,0,0,0,0,0,293,0,0,0,0,1209200,0,0,0,0
2023-07-11,火,38,0,0,127250,0,24,0,0,329770,0,33,0,0,26020,0,0,0,0,0,0,181,0,0,0,0,809150,0,0,0,0
2023-07-12,水,30,0,0,111110,0,20,0,0,85820,0,24,0,0,17780,0,0,0,0,0,0,175,0,0,0,0,797350,0,0,0,0
2023-07-13,木,38,0,0,164860,0,12,0,0,106560,0,17,0,0,10300,0,15,0,0,110925,0,220,0,0,0,0,950750,0,0,0,0
2023-07-14,金,26,0,0,86730,0,17,0,0,195950,0,19,0,0,17010,0,0,0,0,0,0,373,0,0,0,0,1716650,0,0,0,0
2023-07-15,土,31,0,0,153420,0,30,0,0,396660,0,16,0,0,12630,0,0,0,0,0,0,252,0,0,0,0,1238100,0,0,0,0
2023-07-16,日,26,0,0,144460,0,26,0,0,309570,0,60,0,0,38820,0,0,0,0,0,0,660,0,0,0,0,2859500,0,0,0,0
2023-07-17,月,29,0,0,154230,0,8,0,0,120900,0,19,0,0,13700,0,0,0,0,0,0,353,0,0,0,0,1453000,0,0,0,0
2023-07-18,火,35,0,0,127630,0,11,0,0,124320,0,4,0,0,1200,0,0,0,0,0,0,280,0,0,0,0,1124900,0,0,0,0
2023-07-19,水,26,0,0,89470,0,8,0,0,50100,0,10,0,0,7990,0,0,0,0,0,0,410,0,0,0,0,1824200,0,0,0,0
2023-07-20,木,36,0,0,137930,0,22,0,0,275040,0,13,0,0,11320,0,0,0,0,0,0,440,0,0,0,0,1916150,0,0,0,0
2023-07-21,金,33,0,0,144990,0,22,0,0,239050,0,22,0,0,15960,0,0,0,0,0,0,509,0,0,0,0,2344750,0,0,0,0
2023-07-22,土,39,0,0,180040,0,34,0,0,370930,0,23,0,0,16380,0,0,0,0,0,0,717,0,0,0,0,3013450,0,0,0,0
2023-07-23,日,31,0,0,170400,0,25,0,0,371450,0,14,0,0,10910,0,0,0,0,0,0,453,0,0,0,0,1856550,0,0,0,0
2023-07-24,月,29,0,0,109380,0,5,0,0,58290,0,14,0,0,11360,0,0,0,0,0,0,314,0,0,0,0,1372100,0,0,0,0
2023-07-25,火,35,0,0,178750,0,31,0,0,347540,0,9,0,0,7870,0,17,0,0,90080,0,315,0,0,0,0,1600950,0,0,0,0
2023-07-26,水,34,0,0,117230,0,35,0,0,417660,0,26,0,0,18830,0,95,0,0,537225,0,334,0,0,0,0,1391400,0,0,0,0
2023-07-27,木,33,0,0,159050,0,14,0,0,146010,0,27,0,0,27420,0,0,0,0,0,0,335,0,0,0,0,1640850,0,0,0,0
2023-07-28,金,38,0,0,175190,0,2,0,0,15400,0,39,0,0,33070,0,0,0,0,0,0,410,0,0,0,0,2115300,0,0,0,0
2023-07-29,土,30,0,0,172330,0,26,0,0,408230,0,29,0,0,20750,0,0,0,0,0,0,487,0,0,0,0,2513250,0,0,0,0
2023-07-30,日,39,0,0,206410,0,15,0,0,173290,0,28,0,0,20180,0,13,0,0,79170,0,389,0,0,0,0,1663350,0,0,0,0
2023-07-31,月,31,0,0,110390,0,13,0,0,181070,0,14,0,0,11180,0,28,0,0,198360,0,246,0,0,0,0,976900,0,0,0,0
2023-08-01,火,31,0,0,102190,0,14,0,0,195180,0,13,0,0,13320,0,0,0,0,0,0,342,0,0,0,0,1582850,0,0,0,0
2023-08-02,水,33,0,0,151380,0,21,0,0,244910,0,27,0,0,25120,0,0,0,0,0,0,310,0,0,0,0,1428300,0,0,0,0
2023-08-03,木,17,0,0,69240,0,10,0,0,148370,0,35,0,0,25140,0,25,0,0,130500,0,316,0,0,0,0,1262750,0,0,0,0
2023-08-04,金,30,0,0,128320,0,20,0,0,236200,0,16,0,0,10530,0,19,0,0,115710,0,343,0,0,0,0,1739150,0,0,0,0
2023-08-05,土,13,0,0,63730,0,26,0,0,328890,0,18,0,0,14810,0,0,0,0,0,0,570,0,0,0,0,2638350,0,0,0,0
2023-08-06,日,25,0,0,147740,0,17,0,0,230150,0,15,0,0,11600,0,0,0,0,0,0,288,0,0,0,0,1107800,0,0,0,0
2023-08-07,月,31,0,0,99110,0,12,0,0,110700,0,25,0,0,17650,0,0,0,0,0,0,322,0,0,0,0,1441400,0,0,0,0
2023-08-08,火,36,0,0,176990,0,17,0,0,155810,0,10,0,0,7080,0,0,0,0,0,0,376,0,0,0,0,1954950,0,0,0,0
2023-08-09,水,33,0,0,139670,0,16,0,0,178550,0,15,0,0,14290,0,0,0,0,0,0,391,0,0,0,0,1685400,0,0,0,0
2023-08-10,木,19,0,0,82970,0,11,0,0,106780,0,19,0,0,18380,0,0,0,0,0,0,441,0,0,0,0,1922750,0,0,0,0
2023-08-11,金,31,0,0,185700,0,26,0,0,270560,0,34,0,0,25000,0,0,0,0,0,0,447,0,0,0,0,2227150,0,0,0,0
2023-08-12,土,19,0,0,91040,0,30,0,0,304660,0,40,0,0,36780,0,0,0,0,0,0,505,0,0,0,0,2326700,0,0,0,0
2023-08-13,日,14,0,0,64380,0,19,0,0,200390,0,18,0,0,21560,0,0,0,0,0,0,527,0,0,0,0,2284350,0,0,0,0
2023-08-14,月,21,0,0,96240,0,14,0,0,165000,0,25,0,0,18720,0,0,0,0,0,0,456,0,0,0,0,1941150,0,0,0,0
2023-08-15,火,33,0,0,137960,0,20,0,0,260310,0,21,0,0,10250,0,0,0,0,0,0,477,0,0,0,0,2011750,0,0,0,0
2023-08-16,水,33,0,0,177030,0,14,0,0,107360,0,26,0,0,15220,0,0,0,0,0,0,215,0,0,0,0,839700,0,0,0,0
2023-08-17,木,28,0,0,93100,0,7,0,0,114450,0,27,0,0,23650,0,0,0,0,0,0,277,0,0,0,0,975050,0,0,0,0
2023-08-18,金,34,0,0,129440,0,10,0,0,110580,0,10,0,0,6890,0,0,0,0,0,0,387,0,0,0,0,1828650,0,0,0,0
2023-08-19,土,25,0,0,114880,0,21,0,0,262230,0,22,0,0,13980,0,0,0,0,0,0,515,0,0,0,0,2302400,0,0,0,0
2023-08-20,日,25,0,0,132610,0,17,0,0,171910,0,29,0,0,19470,0,0,0,0,0,0,428,0,0,0,0,1797850,0,0,0,0
2023-08-21,月,23,0,0,89480,0,13,0,0,136230,0,6,0,0,4500,0,0,0,0,0,0,329,0,0,0,0,1355750,0,0,0,0
2023-08-22,火,47,0,0,202610,0,16,0,0,151560,0,14,0,0,12450,0,0,0,0,0,0,281,0,0,0,0,1313000,0,0,0,0
2023-08-23,水,28,0,0,146730,0,12,0,0,152760,0,18,0,0,13340,0,0,0,0,0,0,258,0,0,0,0,1240400,0,0,0,0
2023-08-24,木,35,0,0,149180,0,14,0,0,168560,0,12,0,0,8190,0,0,0,0,0,0,230,0,0,0,0,1166100,0,0,0,0
2023-08-25,金,30,0,0,133230,0,20,0,0,270930,0,12,0,0,10240,0,31,0,0,161820,0,265,0,0,0,0,1324050,0,0,0,0
2023-08-26,土,36,0,0,197660,0,26,0,0,326110,0,44,0,0,35700,0,0,0,0,0,0,407,0,0,0,0,1780800,0,0,0,0
2023-08-27,日,30,0,0,131260,0,19,0,0,220910,0,9,0,0,9190,0,0,0,0,0,0,341,0,0,0,0,1594850,0,0,0,0
2023-08-28,月,31,0,0,160350,0,8,0,0,130790,0,17,0,0,14400,0,0,0,0,0,0,209,0,0,0,0,832100,0,0,0,0
2023-08-29,火,39,0,0,181100,0,6,0,0,77990,0,10,0,0,6750,0,0,0,0,0,0,259,0,0,0,0,1184300,0,0,0,0
2023-08-30,水,21,0,0,94370,0,17,0,0,215060,0,17,0,0,14970,0,0,0,0,0,0,322,0,0,0,0,1216400,0,0,0,0
2023-08-31,木,30,0,0,138530,0,18,0,0,217850,0,3,0,0,2210,0,0,0,0,0,0,259,0,0,0,0,1040450,0,0,0,0
2023-09-01,金,39,0,0,175200,0,6,0,0,104750,0,10,0,0,6690,0,0,0,0,0,0,263,0,0,0,0,1240890,0,0,0,0
2023-09-02,土,43,0,0,174060,0,23,0,0,265520,0,11,0,0,8810,0,0,0,0,0,0,368,0,0,0,0,1697250,0,0,0,0
2023-09-03,日,27,0,0,166470,0,8,0,0,97680,0,12,0,0,13340,0,0,0,0,0,0,343,0,0,0,0,1522550,0,0,0,0
2023-09-04,月,22,0,0,89530,0,13,0,0,172030,0,7,0,0,5450,0,0,0,0,0,0,0,0,0,0,0,0,0,0,0,0
2023-09-05,火,26,0,0,114660,0,16,0,0,143090,0,7,0,0,5650,0,8,0,0,52200,0,0,0,0,0,0,0,0,0,0,0
2023-09-06,水,25,0,0,95670,0,32,0,0,396000,0,11,0,0,10400,0,0,0,0,0,0,0,0,0,0,0,0,0,0,0,0
2023-09-07,木,24,0,0,105250,0,10,0,0,110440,0,14,0,0,11180,0,0,0,0,0,0,0,0,0,0,0,0,0,0,0,0
2023-09-08,金,34,0,0,136810,0,20,0,0,312400,0,16,0,0,11470,0,17,0,0,88740,0,0,0,0,0,0,0,0,0,0,0
2023-09-09,土,27,0,0,148770,0,30,0,0,346580,0,9,0,0,8310,0,0,0,0,0,0,80,0,0,0,0,90760,0,0,0,0
2023-09-10,日,16,0,0,100920,0,8,0,0,54399,0,8,0,0,6830,0,0,0,0,0,0,73,0,0,0,0,85790,0,0,0,0
2023-09-11,月,23,0,0,105420,0,19,0,0,242200,0,5,0,0,3700,0,0,0,0,0,0,19,0,0,0,0,21930,0,0,0,0
2023-09-12,火,39,0,0,143070,0,6,0,0,84370,0,12,0,0,12560,0,13,0,0,67860,0,28,0,0,0,0,31860,0,0,0,0
2023-09-13,水,28,0,0,125050,0,20,0,0,220790,0,11,0,0,6300,0,0,0,0,0,0,58,0,0,0,0,75900,0,0,0,0
2023-09-14,木,33,0,0,125050,0,8,0,0,90520,0,4,0,0,3250,0,0,0,0,0,0,32,0,0,0,0,36450,0,0,0,0
2023-09-15,金,18,0,0,69380,0,15,0,0,151821,0,9,0,0,5850,0,0,0,0,0,0,49,0,0,0,0,71190,0,0,0,0
2023-09-16,土,31,0,0,195600,0,26,0,0,373040,0,30,0,0,18160,0,0,0,0,0,0,118,0,0,0,0,122560,0,0,0,0
2023-09-17,日,30,0,0,208970,0,27,0,0,296530,0,16,0,0,12540,0,0,0,0,0,0,109,0,0,0,0,130210,0,0,0,0
2023-09-18,月,20,0,0,82810,0,33,0,0,445900,0,11,0,0,10680,0,0,0,0,0,0,59,0,0,0,0,53510,0,0,0,0
2023-09-19,火,34,0,0,151990,0,8,0,0,62020,0,9,0,0,6730,0,0,0,0,0,0,45,0,0,0,0,54080,0,0,0,0
2023-09-20,水,19,0,0,79690,0,28,0,0,231880,0,5,0,0,2950,0,0,0,0,0,0,31,0,0,0,0,31590,0,0,0,0
2023-09-21,木,25,0,0,96780,0,13,0,0,165690,0,3,0,0,2000,0,0,0,0,0,0,24,0,0,0,0,34600,0,0,0,0
2023-09-22,金,36,0,0,159700,0,17,0,0,196420,0,17,0,0,7780,0,0,0,0,0,0,47,0,0,0,0,54840,0,0,0,0
2023-09-23,土,28,0,0,127520,0,31,0,0,352460,0,21,0,0,15010,0,0,0,0,0,0,91,0,0,0,0,109880,0,0,0,0
2023-09-24,日,30,0,0,165740,0,26,0,0,205590,0,12,0,0,6830,0,0,0,0,0,0,86,0,0,0,0,104500,0,0,0,0
2023-09-25,月,29,0,0,115570,0,24,0,0,311430,0,6,0,0,4960,0,0,0,0,0,0,56,0,0,0,0,64310,0,0,0,0
2023-09-26,火,25,0,0,132910,0,10,0,0,367920,0,18,0,0,10940,0,0,0,0,0,0,34,0,0,0,0,42050,0,0,0,0
2023-09-27,水,33,0,0,147940,0,4,0,0,57250,0,6,0,0,5430,0,0,0,0,0,0,0,0,0,0,0,0,0,0,0,0
2023-09-28,木,34,0,0,143290,0,6,0,0,72820,0,9,0,0,9580,0,0,0,0,0,0,250,0,0,0,0,296547,0,0,0,0
2023-09-29,金,39,0,0,150740,0,18,0,0,213320,0,15,0,0,8580,0,0,0,0,0,0,0,0,0,0,0,0,0,0,0,0
2023-09-30,土,21,0,0,112940,0,2,0,0,204130,0,36,0,0,22170,0,0,0,0,0,0,0,0,0,0,0,0,0,0,0,0
2023-10-01,日,0,0,0,0,0,0,0,0,0,0,0,0,0,0,0,0,0,0,0,0,0,0,0,0,0,0,0,0,0,0
2023-10-01,日,32,0,0,185830,0,14,0,0,120560,0,11,0,0,9860,0,0,0,0,0,0,76,0,0,0,0,126240,0,0,0,0
2023-10-02,月,33,0,0,123140,0,9,0,0,152460,0,13,0,0,8380,0,0,0,0,0,0,0,0,0,0,0,0,0,0,0,0
2023-10-03,火,24,0,0,105190,0,26,0,0,334440,0,4,0,0,2800,0,34,0,0,138591,0,0,0,0,0,0,0,0,0,0,0
2023-10-04,水,25,0,0,112350,0,18,0,0,171600,0,2,0,0,1300,0,0,0,0,0,0,0,0,0,0,0,0,0,0,0,0
2023-10-05,木,30,0,0,143130,0,20,0,0,263280,0,5,0,0,3050,0,0,0,0,0,0,0,0,0,0,0,0,0,0,0,0
2023-10-06,金,24,0,0,90850,0,26,0,0,294090,0,5,0,0,3400,0,0,0,0,0,0,0,0,0,0,0,0,0,0,0,0
2023-10-07,土,30,0,0,146380,0,30,0,0,277300,0,24,0,0,17340,0,0,0,0,0,0,0,0,0,0,0,0,0,0,0,0
2023-10-08,日,30,0,0,170970,0,30,0,0,340640,0,13,0,0,12260,0,0,0,0,0,0,0,0,0,0,0,0,0,0,0,0
2023-10-09,月,30,0,0,163730,0,12,0,0,104990,0,7,0,0,4100,0,0,0,0,0,0,0,0,0,0,0,0,0,0,0,0
2023-10-10,火,22,0,0,118380,0,14,0,0,163400,0,8,0,0,6750,0,0,0,0,0,0,0,0,0,0,0,0,0,0,0,0
2023-10-11,水,27,0,0,98120,0,9,0,0,134260,0,7,0,0,4100,0,0,0,0,0,0,0,0,0,0,0,0,0,0,0,0
2023-10-12,木,25,0,0,110050,0,5,0,0,45520,0,4,0,0,5040,0,0,0,0,0,0,0,0,0,0,0,0,0,0,0,0
2023-10-13,金,27,0,0,115270,0,28,0,0,226260,0,8,0,0,4830,0,0,0,0,0,0,0,0,0,0,0,0,0,0,0,0
2023-10-14,土,35,0,0,172150,0,30,0,0,278200,0,16,0,0,10750,0,0,0,0,0,0,0,0,0,0,0,0,0,0,0,0
2023-10-15,日,35,0,0,154270,0,22,0,0,169860,0,6,0,0,4180,0,0,0,0,0,0,0,0,0,0,0,0,0,0,0,0
2023-10-16,月,14,0,0,44440,0,10,0,0,141990,0,6,0,0,4000,0,0,0,0,0,0,0,0,0,0,0,0,0,0,0,0
2023-10-17,火,36,0,0,158780,0,20,0,0,172980,0,14,0,0,9700,0,0,0,0,0,0,0,0,0,0,0,0,0,0,0,0
2023-10-18,水,37,0,0,178720,0,19,0,0,185560,0,11,0,0,6780,0,0,0,0,0,0,0,0,0,0,0,0,0,0,0,0
2023-10-19,木,26,0,0,117780,0,17,0,0,177290,0,4,0,0,3150,0,17,0,0,88740,0,0,0,0,0,0,0,0,0,0,0
2023-10-20,金,28,0,0,144550,0,30,0,0,260730,0,6,0,0,6360,0,0,0,0,0,0,0,0,0,0,0,0,0,0,0,0
2023-10-21,土,33,0,0,193380,0,36,0,0,324940,0,14,0,0,13910,0,0,0,0,0,0,0,0,0,0,0,0,0,0,0,0
2023-10-22,日,35,0,0,202580,0,27,0,0,187630,0,13,0,0,11530,0,0,0,0,0,0,0,0,0,0,0,0,0,0,0,0
2023-10-23,月,27,0,0,120820,0,10,0,0,76780,0,8,0,0,5000,0,0,0,0,0,0,0,0,0,0,0,0,0,0,0,0
2023-10-24,火,36,0,0,174790,0,22,0,0,183450,0,6,0,0,4630,0,0,0,0,0,0,0,0,0,0,0,0,0,0,0,0
2023-10-25,水,32,0,0,131250,0,7,0,0,82100,0,13,0,0,9830,0,0,0,0,0,0,0,0,0,0,0,0,0,0,0,0
2023-10-26,木,31,0,0,133360,0,20,0,0,239290,0,10,0,0,5060,0,13,0,0,109385,0,0,0,0,0,0,0,0,0,0,0
2023-10-27,金,29,0,0,138880,0,27,0,0,167830,0,14,0,0,7730,0,0,0,0,0,0,0,0,0,0,0,0,0,0,0,0
2023-10-28,土,35,0,0,177910,0,31,0,0,246870,0,21,0,0,15870,0,0,0,0,0,0,0,0,0,0,0,0,0,0,0,0
2023-10-29,日,29,0,0,149130,0,30,0,0,276780,0,12,0,0,11490,0,32,0,0,167040,0,0,0,0,0,0,0,0,0,0,0
2023-10-30,月,31,0,0,124210,0,9,0,0,59490,0,12,0,0,8260,0,0,0,0,0,0,0,0,0,0,0,0,0,0,0,0
2023-10-31,火,26,0,0,114720,0,13,0,0,112780,0,4,0,0,2040,0,0,0,0,0,0,0,0,0,0,0,0,0,0,0,0
2023-11-01,水,34,0,0,113510,0,12,0,0,102270,0,8,0,0,6300,0,0,0,0,0,0,0,0,0,0,0,0,0,0,0,0
2023-11-02,木,26,0,0,110760,0,14,0,0,191600,0,6,0,0,6300,0,0,0,0,0,0,0,0,0,0,0,0,0,0,0,0
2023-11-03,金,31,0,0,173450,0,26,0,0,287890,0,18,0,0,11630,0,0,0,0,0,0,0,0,0,0,0,0,0,0,0,0
2023-11-04,土,28,0,0,157470,0,20,0,0,232970,0,13,0,0,7830,0,0,0,0,0,0,0,0,0,0,0,0,0,0,0,0
2023-11-05,日,24,0,0,112890,0,4,0,0,44430,0,12,0,0,12280,0,13,0,0,67860,0,0,0,0,0,0,0,0,0,0,0
2023-11-06,月,35,0,0,125060,0,4,0,0,44380,0,19,0,0,13650,0,20,0,0,104400,0,0,0,0,0,0,0,0,0,0,0
2023-11-07,火,23,0,0,83630,0,2,0,0,24000,0,8,0,0,7210,0,0,0,0,0,0,0,0,0,0,0,0,0,0,0,0
2023-11-08,水,0,0,0,0,0,0,0,0,0,0,0,0,0,0,0,0,0,0,0,0,0,0,0,0,0,0,0,0,0,0
2023-11-09,木,30,0,0,116370,0,9,0,0,173360,0,3,0,0,2850,0,28,0,0,146160,0,0,0,0,0,0,0,0,0,0,0
2023-11-10,金,26,0,0,102440,0,19,0,0,176600,0,8,0,0,8800,0,35,0,0,182700,0,0,0,0,0,0,0,0,0,0,0
2023-11-11,土,32,0,0,185450,0,16,0,0,167700,0,8,0,0,6800,0,0,0,0,0,0,0,0,0,0,0,0,0,0,0,0
2023-11-12,日,24,0,0,121610,0,12,0,0,101200,0,16,0,0,18570,0,0,0,0,0,0,0,0,0,0,0,0,0,0,0,0
2023-11-13,月,24,0,0,79080,0,10,0,0,121930,0,3,0,0,1560,0,0,0,0,0,0,0,0,0,0,0,0,0,0,0,0
2023-11-14,火,31,0,0,113070,0,7,0,0,74910,0,1,0,0,2160,0,0,0,0,0,0,0,0,0,0,0,0,0,0,0,0
2023-11-15,水,35,0,0,137810,0,7,0,0,73580,0,2,0,0,1900,0,0,0,0,0,0,0,0,0,0,0,0,0,0,0,0
2023-11-16,木,31,0,0,109160,0,12,0,0,187905,0,4,0,0,5220,0,0,0,0,0,0,0,0,0,0,0,0,0,0,0,0
2023-11-17,金,20,0,0,81600,0,20,0,0,251230,0,6,0,0,5410,0,0,0,0,0,0,0,0,0,0,0,0,0,0,0,0
2023-11-18,土,23,0,0,91300,0,20,0,0,255560,0,7,0,0,9450,0,39,0,0,203370,0,0,0,0,0,0,0,0,0,0,0
2023-11-19,日,18,0,0,81440,0,23,0,0,254550,0,15,0,0,9370,0,0,0,0,0,0,0,0,0,0,0,0,0,0,0,0
2023-11-20,月,31,0,0,124840,0,20,0,0,266900,0,8,0,0,7110,0,0,0,0,0,0,0,0,0,0,0,0,0,0,0,0
2023-11-21,火,35,0,0,147640,0,4,0,0,68640,0,8,0,0,5160,0,11,0,0,57420,0,0,0,0,0,0,0,0,0,0,0
2023-11-22,水,29,0,0,133470,0,30,0,0,334130,0,8,0,0,7110,0,0,0,0,0,0,0,0,0,0,0,0,0,0,0,0
2023-11-23,木,38,0,0,173110,0,29,0,0,350310,0,12,0,0,11530,0,0,0,0,0,0,0,0,0,0,0,0,0,0,0,0
2023-11-24,金,31,0,0,113630,0,30,0,0,308070,0,14,0,0,15530,0,0,0,0,0,0,0,0,0,0,0,0,0,0,0,0
2023-11-25,土,16,0,0,66230,0,27,0,0,323820,0,8,0,0,6830,0,0,0,0,0,0,0,0,0,0,0,0,0,0,0,0
2023-11-26,日,24,0,0,131870,0,23,0,0,230940,0,6,0,0,8010,0,0,0,0,0,0,0,0,0,0,0,0,0,0,0,0
2023-11-27,月,27,0,0,117240,0,24,0,0,218500,0,12,0,0,8090,0,0,0,0,0,0,0,0,0,0,0,0,0,0,0,0
2023-11-28,火,32,0,0,122450,0,23,0,0,230000,0,11,0,0,7970,0,15,0,0,78300,0,0,0,0,0,0,0,0,0,0,0
2023-11-29,水,26,0,0,118470,0,17,0,0,225640,0,10,0,0,10060,0,33,0,0,172260,0,0,0,0,0,0,0,0,0,0,0
2023-11-30,木,30,0,0,149630,0,4,0,0,46140,0,8,0,0,7100,0,50,0,0,261000,0,0,0,0,0,0,0,0,0,0,0
2023-12-01,金,23,0,0,87730,0,31,0,0,359680,0,4,0,0,2810,0,19,0,0,99180,0,0,0,0,0,0,0,0,0,0,0
2023-12-02,土,33,0,0,159540,0,31,0,0,358030,0,18,0,0,18640,0,0,0,0,0,0,0,0,0,0,0,0,0,0,0,0
2023-12-03,日,33,0,0,172110,0,21,0,0,244630,0,2,0,0,4400,0,0,0,0,0,0,0,0,0,0,0,0,0,0,0,0
2023-12-04,月,16,0,0,46310,0,9,0,0,129630,0,13,0,0,10850,0,0,0,0,0,0,0,0,0,0,0,0,0,0,0,0
2023-12-05,火,31,0,0,140800,0,20,0,0,210020,0,8,0,0,9670,0,0,0,0,0,0,0,0,0,0,0,0,0,0,0,0
2023-12-06,水,36,0,0,125220,0,20,0,0,255740,0,7,0,0,5070,0,80,0,0,417600,0,0,0,0,0,0,0,0,0,0,0
2023-12-07,木,33,0,0,149820,0,26,0,0,314630,0,10,0,0,9770,0,30,0,0,156600,0,0,0,0,0,0,0,0,0,0,0
2023-12-08,金,33,0,0,145800,0,29,0,0,313940,0,9,0,0,7270,0,55,0,0,215325,0,0,0,0,0,0,0,0,0,0,0
2023-12-09,土,40,0,0,196740,0,24,0,0,288550,0,7,0,0,12400,0,0,0,0,0,0,0,0,0,0,0,0,0,0,0,0
2023-12-10,日,32,0,0,118610,0,17,0,0,186820,0,6,0,0,3700,0,0,0,0,0,0,0,0,0,0,0,0,0,0,0,0
2023-12-11,月,29,0,0,117800,0,19,0,0,189420,0,7,0,0,7660,0,37,0,0,257520,0,0,0,0,0,0,0,0,0,0,0
2023-12-12,火,37,0,0,172910,0,21,0,0,253720,0,25,0,0,16120,0,47,0,0,327120,0,0,0,0,0,0,0,0,0,0,0
2023-12-13,水,28,0,0,107570,0,37,0,0,444000,0,0,0,0,0,0,0,0,0,0,0,0,0,0,0,0,0,0,0,0,0
2023-12-14,木,33,0,0,146570,0,23,0,0,237830,0,2,0,0,2400,0,0,0,0,0,0,0,0,0,0,0,0,0,0,0,0
2023-12-15,金,38,0,0,151600,0,28,0,0,370340,0,5,0,0,4250,0,0,0,0,0,0,0,0,0,0,0,0,0,0,0,0
2023-12-16,土,30,0,0,120180,0,30,0,0,331160,0,13,0,0,11660,0,45,0,0,234900,0,0,0,0,0,0,0,0,0,0,0
2023-12-17,日,44,0,0,181110,0,33,0,0,432600,0,12,0,0,7800,0,24,0,0,152220,0,0,0,0,0,0,0,0,0,0,0
2023-12-18,月,31,0,0,149310,0,25,0,0,266820,0,11,0,0,8000,0,12,0,0,62640,0,0,0,0,0,0,0,0,0,0,0
2023-12-19,火,27,0,0,79410,0,28,0,0,314250,0,11,0,0,8150,0,0,0,0,0,0,0,0,0,0,0,0,0,0,0,0
2023-12-20,水,32,0,0,142150,0,31,0,0,427100,0,1,0,0,450,0,0,0,0,0,0,0,0,0,0,0,0,0,0,0,0
2023-12-21,木,35,0,0,139730,0,32,0,0,391710,0,3,0,0,1400,0,7,0,0,3350,0,0,0,0,0,0,0,0,0,0,0
2023-12-22,金,29,0,0,162680,0,23,0,0,476270,0,3,0,0,1560,0,37,0,0,193140,0,0,0,0,0,0,0,0,0,0,0
2023-12-23,土,33,0,0,188620,0,36,0,0,769480,0,7,0,0,5110,0,81,0,0,406156,0,0,0,0,0,0,0,0,0,0,0
2023-12-24,日,35,0,0,267950,0,46,0,0,866180,0,12,0,0,9060,0,0,0,0,0,0,0,0,0,0,0,0,0,0,0,0
2023-12-25,月,32,0,0,149800,0,37,0,0,628030,0,11,0,0,7600,0,0,0,0,0,0,0,0,0,0,0,0,0,0,0,0
2023-12-26,火,28,0,0,105380,0,39,0,0,312010,0,21,0,0,15310,0,0,0,0,0,0,0,0,0,0,0,0,0,0,0,0
2023-12-27,水,39,0,0,130480,0,36,0,0,369780,0,17,0,0,19080,0,0,0,0,0,0,0,0,0,0,0,0,0,0,0,0
2023-12-28,木,32,0,0,161280,0,35,0,0,374110,0,7,0,0,8460,0,0,0,0,0,0,0,0,0,0,0,0,0,0,0,0
2023-12-29,金,30,0,0,114860,0,33,0,0,407430,0,4,0,0,2000,0,0,0,0,0,0,0,0,0,0,0,0,0,0,0,0
2023-12-30,土,34,0,0,155220,0,35,0,0,401770,0,15,0,0,14610,0,0,0,0,0,0,0,0,0,0,0,0,0,0,0,0
2023-12-31,日,14,0,0,56840,0,31,0,0,382340,0,12,0,0,11310,0,0,0,0,0,0,0,0,0,0,0,0,0,0,0,0
2024-01-01,月,0,0,0,0,0,0,0,0,0,0,0,0,0,0,0,0,0,0,0,0,0,0,0,0,0,0,0,0,0,0
2024-01-02,火,19,0,0,125580,0,28,0,0,324750,0,5,0,0,6500,0,0,0,0,0,0,0,0,0,0,0,0,0,0,0,0
2024-01-03,水,25,0,0,135000,0,21,0,0,256830,0,5,0,0,3960,0,0,0,0,0,0,0,0,0,0,0,0,0,0,0,0
2024-01-04,木,13,0,0,98330,0,10,0,0,115190,0,7,0,0,6250,0,0,0,0,0,0,0,0,0,0,0,0,0,0,0,0
2024-01-05,金,17,0,0,65390,0,14,0,0,124810,0,16,0,0,14180,0,0,0,0,0,0,0,0,0,0,0,0,0,0,0,0
2024-01-06,土,23,0,0,92880,0,25,0,0,310940,0,11,0,0,10500,0,0,0,0,0,0,0,0,0,0,0,0,0,0,0,0
2024-01-07,日,23,0,0,120330,0,11,0,0,122550,0,6,0,0,5800,0,0,0,0,0,0,0,0,0,0,0,0,0,0,0,0
2024-01-08,月,31,0,0,176030,0,13,0,0,130783,0,5,0,0,15450,0,0,0,0,0,0,0,0,0,0,0,0,0,0,0,0
2024-01-09,火,23,0,0,100210,0,12,0,0,127490,0,3,0,0,4050,0,0,0,0,0,0,0,0,0,0,0,0,0,0,0,0
2024-01-10,水,24,0,0,94490,0,7,0,0,62590,0,5,0,0,5350,0,0,0,0,0,0,0,0,0,0,0,0,0,0,0,0
2024-01-11,木,22,0,0,95150,0,4,0,0,49820,0,2,0,0,1100,0,0,0,0,0,0,0,0,0,0,0,0,0,0,0,0
2024-01-12,金,35,0,0,145230,0,5,0,0,91680,0,9,0,0,9760,0,0,0,0,0,0,0,0,0,0,0,0,0,0,0,0
2024-01-13,土,16,0,0,75020,0,4,0,0,56480,0,3,0,0,5600,0,0,0,0,0,0,0,0,0,0,0,0,0,0,0,0
2024-01-14,日,31,0,0,165020,0,5,0,0,77880,0,20,0,0,18900,0,0,0,0,0,0,0,0,0,0,0,0,0,0,0,0
2024-01-15,月,31,0,0,110430,0,8,0,0,136500,0,6,0,0,7300,0,0,0,0,0,0,0,0,0,0,0,0,0,0,0,0
2024-01-16,火,14,0,0,51150,0,9,0,0,133870,0,6,0,0,6410,0,20,0,0,104400,0,0,0,0,0,0,0,0,0,0,0
2024-01-17,水,31,0,0,130810,0,12,0,0,223740,0,14,0,0,12520,0,0,0,0,0,0,0,0,0,0,0,0,0,0,0,0
2024-01-18,木,13,0,0,47960,0,8,0,0,136770,0,29,0,0,16880,0,0,0,0,0,0,0,0,0,0,0,0,0,0,0,0
2024-01-19,金,25,0,0,109510,0,11,0,0,135780,0,13,0,0,7560,0,22,0,0,153120,0,0,0,0,0,0,0,0,0,0,0
2024-01-20,土,23,0,0,100850,0,24,0,0,334330,0,28,0,0,20870,0,0,0,0,0,0,0,0,0,0,0,0,0,0,0,0
2024-01-21,日,27,0,0,150390,0,7,0,0,95520,0,16,0,0,9620,0,0,0,0,0,0,0,0,0,0,0,0,0,0,0,0
2024-01-22,月,19,0,0,86840,0,5,0,0,99130,0,22,0,0,8900,0,0,0,0,0,0,0,0,0,0,0,0,0,0,0,0
2024-01-23,火,25,0,0,115380,0,9,0,0,65340,0,12,0,0,5200,0,0,0,0,0,0,0,0,0,0,0,0,0,0,0,0
2024-01-24,水,25,0,0,104110,0,27,0,0,362935,0,24,0,0,12200,0,0,0,0,0,0,0,0,0,0,0,0,0,0,0,0
2024-01-25,木,16,0,0,76050,0,21,0,0,149060,0,13,0,0,11770,0,0,0,0,0,0,0,0,0,0,0,0,0,0,0,0
2024-01-26,金,21,0,0,91560,0,27,0,0,344380,0,38,0,0,15950,0,0,0,0,0,0,0,0,0,0,0,0,0,0,0,0
2024-01-27,土,32,0,0,211150,0,24,0,0,338920,0,39,0,0,20270,0,0,0,0,0,0,0,0,0,0,0,0,0,0,0,0
2024-01-28,日,24,0,0,154910,0,20,0,0,251880,0,15,0,0,11710,0,0,0,0,0,0,0,0,0,0,0,0,0,0,0,0
2024-01-29,月,24,0,0,110800,0,9,0,0,119750,0,11,0,0,6450,0,0,0,0,0,0,0,0,0,0,0,0,0,0,0,0
2024-01-30,火,26,0,0,132360,0,45,0,0,415530,0,24,0,0,15000,0,0,0,0,0,0,0,0,0,0,0,0,0,0,0,0
2024-01-31,水,31,0,0,126880,0,3,0,0,35530,0,16,0,0,13650,0,0,0,0,0,0,0,0,0,0,0,0,0,0,0,0
2024-02-01,木,15,0,0,54780,0,12,0,0,165290,0,1,0,0,1350,0,29,0,0,201840,0,0,0,0,0,0,0,0,0,0,0
2024-02-02,金,15,0,0,70780,0,15,0,0,166280,0,22,0,0,12760,0,0,0,0,0,0,0,0,0,0,0,0,0,0,0,0
2024-02-03,土,28,0,0,130070,0,29,0,0,395780,0,14,0,0,16350,0,0,0,0,0,0,0,0,0,0,0,0,0,0,0,0
2024-02-04,日,37,0,0,198350,0,30,0,0,380370,0,50,0,0,27720,0,0,0,0,0,0,0,0,0,0,0,0,0,0,0,0
2024-02-05,月,35,0,0,159030,0,32,0,0,469580,0,25,0,0,14200,0,0,0,0,0,0,0,0,0,0,0,0,0,0,0,0
2024-02-06,火,32,0,0,117530,0,27,0,0,337890,0,24,0,0,17600,0,0,0,0,0,0,0,0,0,0,0,0,0,0,0,0
2024-02-07,水,34,0,0,168050,0,25,0,0,302420,0,29,0,0,17420,0,0,0,0,0,0,0,0,0,0,0,0,0,0,0,0
2024-02-08,木,31,0,0,122200,0,21,0,0,201180,0,29,0,0,26130,0,0,0,0,0,0,0,0,0,0,0,0,0,0,0,0
2024-02-09,金,25,0,0,137230,0,25,0,0,266380,0,24,0,0,12700,0,0,0,0,0,0,0,0,0,0,0,0,0,0,0,0
2024-02-10,土,29,0,0,143420,0,26,0,0,348200,0,47,0,0,30820,0,0,0,0,0,0,0,0,0,0,0,0,0,0,0,0
2024-02-11,日,22,0,0,130730,0,35,0,0,417200,0,41,0,0,27370,0,0,0,0,0,0,0,0,0,0,0,0,0,0,0,0
2024-02-12,月,18,0,0,77090,0,9,0,0,105250,0,18,0,0,14580,0,0,0,0,0,0,0,0,0,0,0,0,0,0,0,0
2024-02-13,火,27,0,0,113560,0,9,0,0,146300,0,42,0,0,18800,0,65,0,0,425430,0,0,0,0,0,0,0,0,0,0,0
2024-02-14,水,15,0,0,55540,0,9,0,0,96490,0,33,0,0,17510,0,0,0,0,0,0,0,0,0,0,0,0,0,0,0,0
2024-02-15,木,16,0,0,59120,0,18,0,0,196570,0,36,0,0,14560,0,0,0,0,0,0,0,0,0,0,0,0,0,0,0,0
2024-02-16,金,24,0,0,92830,0,8,0,0,143930,0,26,0,0,11600,0,29,0,0,196794,0,0,0,0,0,0,0,0,0,0,0
2024-02-17,土,28,0,0,155830,0,17,0,0,258690,0,23,0,0,15870,0,0,0,0,0,0,0,0,0,0,0,0,0,0,0,0
2024-02-18,日,22,0,0,134700,0,14,0,0,167200,0,37,0,0,21350,0,0,0,0,0,0,0,0,0,0,0,0,0,0,0,0
2024-02-19,月,30,0,0,112460,0,7,0,0,82150,0,30,0,0,14840,0,0,0,0,0,0,0,0,0,0,0,0,0,0,0,0
2024-02-20,火,19,0,0,69500,0,15,0,0,163390,0,21,0,0,10370,0,14,0,0,73080,0,0,0,0,0,0,0,0,0,0,0
2024-02-21,水,32,0,0,157340,0,13,0,0,221480,0,10,0,0,4700,0,0,0,0,0,0,0,0,0,0,0,0,0,0,0,0
2024-02-22,木,27,0,0,98120,0,13,0,0,153105,0,11,0,0,8270,0,49,0,0,237945,0,0,0,0,0,0,0,0,0,0,0
2024-02-23,金,31,0,0,159970,0,18,0,0,232200,0,19,0,0,10470,0,0,0,0,0,0,0,0,0,0,0,0,0,0,0,0
2024-02-24,土,30,0,0,131610,0,8,0,0,71170,0,32,0,0,19020,0,0,0,0,0,0,0,0,0,0,0,0,0,0,0,0
2024-02-25,日,20,0,0,99270,0,7,0,0,92100,0,57,0,0,33080,0,0,0,0,0,0,0,0,0,0,0,0,0,0,0,0
2024-02-26,月,20,0,0,79850,0,4,0,0,63860,0,5,0,0,1850,0,61,0,0,318420,0,0,0,0,0,0,0,0,0,0,0
2024-02-27,火,26,0,0,98330,0,3,0,0,32500,0,14,0,0,11140,0,27,0,0,140940,0,0,0,0,0,0,0,0,0,0,0
2024-02-28,水,20,0,0,90460,0,31,0,0,310000,0,44,0,0,18020,0,0,0,0,0,0,0,0,0,0,0,0,0,0,0,0
2024-02-29,木,30,0,0,129900,0,7,0,0,52890,0,13,0,0,7770,0,0,0,0,0,0,0,0,0,0,0,0,0,0,0,0
2024-03-01,金,0,0,0,0,0,0,0,0,0,0,0,0,0,0,0,0,0,0,0,0,0,0,0,0,0,0,0,0,0,0
2024-03-02,土,0,0,0,0,0,0,0,0,0,0,0,0,0,0,0,0,0,0,0,0,0,0,0,0,0,0,0,0,0,0
2024-03-01,金,21,0,0,63890,0,8,0,0,88230,0,23,0,0,17950,0,31,0,0,161820,0,0,0,0,0,0,0,0,0,0,0
2024-03-02,土,22,0,0,99470,0,12,0,0,136290,0,23,0,0,13950,0,0,0,0,0,0,0,0,0,0,0,0,0,0,0,0
2024-03-03,日,25,0,0,116660,0,9,0,0,129130,0,30,0,0,13600,0,0,0,0,0,0,0,0,0,0,0,0,0,0,0,0
2024-03-04,月,16,0,0,76110,0,8,0,0,89650,0,57,0,0,24790,0,0,0,0,0,0,0,0,0,0,0,0,0,0,0,0
2024-03-05,火,23,0,0,98700,0,17,0,0,181980,0,18,0,0,11700,0,0,0,0,0,0,0,0,0,0,0,0,0,0,0,0
2024-03-06,水,32,0,0,137530,0,2,0,0,14950,0,40,0,0,27590,0,0,0,0,0,0,0,0,0,0,0,0,0,0,0,0
2024-03-07,木,24,0,0,94200,0,12,0,0,139480,0,28,0,0,13640,0,0,0,0,0,0,0,0,0,0,0,0,0,0,0,0
2024-03-08,金,24,0,0,104320,0,14,0,0,156980,0,26,0,0,14460,0,0,0,0,0,0,0,0,0,0,0,0,0,0,0,0
2024-03-09,土,32,0,0,169230,0,23,0,0,297660,0,23,0,0,15350,0,18,0,0,86337,0,0,0,0,0,0,0,0,0,0,0
2024-03-10,日,27,0,0,139860,0,9,0,0,118500,0,34,0,0,21620,0,0,0,0,0,0,0,0,0,0,0,0,0,0,0,0
2024-03-11,月,30,0,0,151320,0,11,0,0,132500,0,18,0,0,12180,0,0,0,0,0,0,0,0,0,0,0,0,0,0,0,0
2024-03-12,火,17,0,0,70100,0,16,0,0,166520,0,41,0,0,18850,0,0,0,0,0,0,0,0,0,0,0,0,0,0,0,0
2024-03-13,水,29,0,0,127800,0,19,0,0,231370,0,47,0,0,27010,0,21,0,0,109620,0,0,0,0,0,0,0,0,0,0,0
2024-03-14,木,19,0,0,116690,0,10,0,0,173740,0,14,0,0,7500,0,0,0,0,0,0,0,0,0,0,0,0,0,0,0,0
2024-03-15,金,30,0,0,172720,0,22,0,0,262790,0,21,0,0,15080,0,0,0,0,0,0,0,0,0,0,0,0,0,0,0,0
2024-03-16,土,29,0,0,143410,0,34,0,0,437440,0,40,0,0,24970,0,12,0,0,83520,0,0,0,0,0,0,0,0,0,0,0
2024-03-17,日,30,0,0,155770,0,10,0,0,133050,0,28,0,0,14910,0,0,0,0,0,0,0,0,0,0,0,0,0,0,0,0
2024-03-18,月,23,0,0,97060,0,10,0,0,135910,0,12,0,0,6240,0,0,0,0,0,0,0,0,0,0,0,0,0,0,0,0
2024-03-19,火,34,0,0,144870,0,31,0,0,378590,0,21,0,0,13170,0,0,0,0,0,0,0,0,0,0,0,0,0,0,0,0
2024-03-20,水,40,0,0,222190,0,27,0,0,319300,0,40,0,0,19400,0,0,0,0,0,0,0,0,0,0,0,0,0,0,0,0
2024-03-21,木,21,0,0,87830,0,18,0,0,266320,0,22,0,0,13260,0,0,0,0,0,0,0,0,0,0,0,0,0,0,0,0
2024-03-22,金,28,0,0,98310,0,18,0,0,239290,0,18,0,0,10520,0,20,0,0,104400,0,0,0,0,0,0,0,0,0,0,0
2024-03-23,土,33,0,0,157080,0,26,0,0,321040,0,49,0,0,26720,0,31,0,0,159279,0,0,0,0,0,0,0,0,0,0,0
2024-03-24,日,32,0,0,178430,0,8,0,0,132100,0,21,0,0,8550,0,0,0,0,0,0,0,0,0,0,0,0,0,0,0,0
2024-03-25,月,25,0,0,124550,0,7,0,0,105390,0,30,0,0,13800,0,52,0,0,271440,0,0,0,0,0,0,0,0,0,0,0
2024-03-26,火,35,0,0,155910,0,24,0,0,282020,0,25,0,0,13800,0,75,0,0,386949,0,0,0,0,0,0,0,0,0,0,0
2024-03-27,水,23,0,0,83040,0,15,0,0,173090,0,33,0,0,16570,0,71,0,0,537660,0,0,0,0,0,0,0,0,0,0,0
2024-03-28,木,29,0,0,107370,0,6,0,0,79360,0,11,0,0,7070,0,0,0,0,0,0,0,0,0,0,0,0,0,0,0,0
2024-03-29,金,24,0,0,95470,0,19,0,0,189510,0,19,0,0,11440,0,7,0,0,3349,0,0,0,0,0,0,0,0,0,0,0
2024-03-30,土,25,0,0,136670,0,19,0,0,177500,0,35,0,0,24270,0,0,0,0,0,0,0,0,0,0,0,0,0,0,0,0
2024-03-31,日,15,0,0,70990,0,21,0,0,311380,0,37,0,0,18590,0,0,0,0,0,0,0,0,0,0,0,0,0,0,0,0
2024-04-01,月,22,0,0,100560,0,8,0,0,143770,0,14,0,0,7840,0,44,0,0,248820,0,0,0,0,0,0,0,0,0,0,0
2024-04-02,火,18,0,0,68960,0,11,0,0,139230,0,11,0,0,8150,0,0,0,0,0,0,0,0,0,0,0,0,0,0,0,0
2024-04-03,水,25,0,0,122320,0,11,0,0,130950,0,78,0,0,31050,0,0,0,0,0,0,0,0,0,0,0,0,0,0,0,0
2024-04-04,木,9,0,0,44220,0,6,0,0,56870,0,17,0,0,9770,0,0,0,0,0,0,0,0,0,0,0,0,0,0,0,0
2024-04-05,金,17,0,0,81780,0,0,0,0,0,0,20,0,0,12420,0,0,0,0,0,0,0,0,0,0,0,0,0,0,0,0
2024-04-06,土,20,0,0,113120,0,19,0,0,203370,0,50,0,0,30790,0,0,0,0,0,0,0,0,0,0,0,0,0,0,0,0
2024-04-07,日,35,0,0,206200,0,7,0,0,159320,0,28,0,0,12920,0,0,0,0,0,0,0,0,0,0,0,0,0,0,0,0
2024-04-08,月,17,0,0,76320,0,0,0,0,0,0,21,0,0,11640,0,0,0,0,0,0,0,0,0,0,0,0,0,0,0,0
2024-04-09,火,23,0,0,79720,0,13,0,0,171840,0,11,0,0,5720,0,20,0,0,104400,0,0,0,0,0,0,0,0,0,0,0
2024-04-10,水,0,0,0,0,0,0,0,0,0,0,0,0,0,0,0,0,0,0,0,0,0,0,0,0,0,0,0,0,0,0
2024-04-11,木,23,0,0,109930,0,13,0,0,198860,0,5,0,0,4150,0,0,0,0,0,0,0,0,0,0,0,0,0,0,0,0
2024-04-12,金,32,0,0,144520,0,13,0,0,143170,0,21,0,0,13300,0,10,0,0,52200,0,0,0,0,0,0,0,0,0,0,0
2024-04-13,土,35,0,0,223390,0,29,0,0,322320,0,29,0,0,19510,0,0,0,0,0,0,0,0,0,0,0,0,0,0,0,0
2024-04-14,日,20,0,0,101620,0,10,0,0,145560,0,27,0,0,15420,0,0,0,0,0,0,0,0,0,0,0,0,0,0,0,0
2024-04-15,月,27,0,0,107450,0,13,0,0,165510,0,25,0,0,15450,0,0,0,0,0,0,0,0,0,0,0,0,0,0,0,0
2024-04-16,火,25,0,0,98440,0,6,0,0,94100,0,13,0,0,9590,0,0,0,0,0,0,0,0,0,0,0,0,0,0,0,0
2024-04-17,水,41,0,0,179740,0,9,0,0,115220,0,10,0,0,6200,0,0,0,0,0,0,0,0,0,0,0,0,0,0,0,0
2024-04-18,木,18,0,0,72650,0,4,0,0,61600,0,9,0,0,14090,0,0,0,0,0,0,0,0,0,0,0,0,0,0,0,0
2024-04-19,金,22,0,0,97820,0,22,0,0,314270,0,7,0,0,6350,0,36,0,0,187920,0,0,0,0,0,0,0,0,0,0,0
2024-04-20,土,29,0,0,192360,0,18,0,0,214160,0,13,0,0,10090,0,0,0,0,0,0,0,0,0,0,0,0,0,0,0,0
2024-04-21,日,9,0,0,42890,0,5,0,0,45090,0,21,0,0,11800,0,0,0,0,0,0,0,0,0,0,0,0,0,0,0,0
2024-04-22,月,33,0,0,129890,0,15,0,0,182810,0,18,0,0,11120,0,0,0,0,0,0,0,0,0,0,0,0,0,0,0,0
2024-04-23,火,23,0,0,92920,0,4,0,0,50320,0,9,0,0,7000,0,0,0,0,0,0,0,0,0,0,0,0,0,0,0,0
2024-04-24,水,27,0,0,138250,0,4,0,0,49720,0,5,0,0,9570,0,0,0,0,0,0,0,0,0,0,0,0,0,0,0,0
2024-04-25,木,19,0,0,73590,0,9,0,0,151080,0,15,0,0,13610,0,50,0,0,261000,0,0,0,0,0,0,0,0,0,0,0
2024-04-26,金,21,0,0,81780,0,8,0,0,146050,0,21,0,0,12150,0,0,0,0,0,0,0,0,0,0,0,0,0,0,0,0
2024-04-27,土,30,0,0,154400,0,26,0,0,381300,0,18,0,0,7820,0,0,0,0,0,0,179,0,0,0,0,243500,0,0,0,0
2024-04-28,日,28,0,0,265180,0,29,0,0,277840,0,9,0,0,7820,0,0,0,0,0,0,99,0,0,0,0,136500,0,0,0,0
2024-04-29,月,35,0,0,207900,0,10,0,0,109230,0,18,0,0,10430,0,0,0,0,0,0,79,0,0,0,0,119300,0,0,0,0
2024-04-30,火,31,0,0,124610,0,7,0,0,131940,0,17,0,0,11940,0,0,0,0,0,0,43,0,0,0,0,49850,0,0,0,0
2024-05-01,水,26,0,0,101750,0,6,0,0,92180,0,28,0,0,11800,0,0,0,0,0,0,84,0,0,0,0,100750,0,0,0,0
2024-05-02,木,25,0,0,143540,0,15,0,0,188810,0,24,0,0,17180,0,0,0,0,0,0,124,0,0,0,0,160340,0,0,0,0
2024-05-03,金,26,0,0,149900,0,20,0,0,197090,0,20,0,0,18750,0,0,0,0,0,0,139,0,0,0,0,164000,0,0,0,0
2024-05-04,土,26,0,0,109380,0,24,0,0,271240,0,30,0,0,16490,0,0,0,0,0,0,185,0,0,0,0,238250,0,0,0,0
2024-05-05,日,36,0,0,211340,0,18,0,0,180870,0,14,0,0,9320,0,0,0,0,0,0,179,0,0,0,0,248100,0,0,0,0
2024-05-06,月,19,0,0,94510,0,10,0,0,139310,0,3,0,0,3350,0,0,0,0,0,0,59,0,0,0,0,78290,0,0,0,0
2024-05-07,火,25,0,0,109940,0,7,0,0,90420,0,9,0,0,3990,0,0,0,0,0,0,28,0,0,0,0,39000,0,0,0,0
2024-05-08,水,21,0,0,75390,0,0,0,0,0,0,2,0,0,1050,0,0,0,0,0,0,17,0,0,0,0,42150,0,0,0,0
2024-05-09,木,24,0,0,104970,0,7,0,0,87720,0,11,0,0,11390,0,0,0,0,0,0,37,0,0,0,0,39100,0,0,0,0
2024-05-10,金,26,0,0,127210,0,6,0,0,68640,0,12,0,0,7730,0,0,0,0,0,0,55,0,0,0,0,76850,0,0,0,0
2024-05-11,土,35,0,0,151070,0,31,0,0,387400,0,29,0,0,14040,0,0,0,0,0,0,146,0,0,0,0,186100,0,0,0,0
2024-05-12,日,38,0,0,158610,0,4,0,0,38370,0,10,0,0,6790,0,18,0,0,93960,0,86,0,0,0,0,115480,0,0,0,0
2024-05-13,月,27,0,0,130150,0,8,0,0,97240,0,7,0,0,2950,0,77,0,0,401940,0,53,0,0,0,0,81150,0,0,0,0
2024-05-14,火,34,0,0,140510,0,6,0,0,61470,0,14,0,0,9670,0,0,0,0,0,0,93,0,0,0,0,113350,0,0,0,0
2024-05-15,水,29,0,0,134290,0,8,0,0,71600,0,17,0,0,10690,0,28,0,0,146160,0,66,0,0,0,0,76000,0,0,0,0
2024-05-16,木,26,0,0,110080,0,4,0,0,63190,0,10,0,0,7900,0,52,0,0,245688,0,77,0,0,0,0,123800,0,0,0,0
2024-05-17,金,23,0,0,99850,0,19,0,0,182700,0,12,0,0,8690,0,0,0,0,0,0,91,0,0,0,0,179400,0,0,0,0
2024-05-18,土,29,0,0,138110,0,15,0,0,206340,0,38,0,0,22640,0,0,0,0,0,0,275,0,0,0,0,376450,0,0,0,0
2024-05-19,日,33,0,0,206730,0,12,0,0,168890,0,15,0,0,10010,0,0,0,0,0,0,175,0,0,0,0,244550,0,0,0,0
2024-05-20,月,23,0,0,83700,0,25,0,0,316350,0,8,0,0,9090,0,32,0,0,167040,0,0,0,0,0,0,0,0,0,0,0
2024-05-21,火,20,0,0,83360,0,6,0,0,53610,0,15,0,0,9410,0,23,0,0,160080,0,0,0,0,0,0,0,0,0,0,0
2024-05-22,水,24,0,0,89750,0,11,0,0,132540,0,14,0,0,8000,0,1,0,0,2392,0,0,0,0,0,0,0,0,0,0,0
2024-05-23,木,31,0,0,149760,0,6,0,0,87340,0,10,0,0,7040,0,22,0,0,153120,0,0,0,0,0,0,0,0,0,0,0
2024-05-24,金,34,0,0,156010,0,6,0,0,50050,0,20,0,0,12150,0,55,0,0,224025,0,0,0,0,0,0,0,0,0,0,0
2024-05-25,土,17,0,0,100530,0,31,0,0,418790,0,4,0,0,4250,0,0,0,0,0,0,0,0,0,0,0,0,0,0,0,0
2024-05-26,日,18,0,0,84330,0,15,0,0,199800,0,28,0,0,13370,0,0,0,0,0,0,0,0,0,0,0,0,0,0,0,0
2024-05-27,月,14,0,0,54450,0,5,0,0,57520,0,12,0,0,9570,0,0,0,0,0,0,17,0,0,0,0,69200,0,0,0,0
2024-05-28,火,15,0,0,60470,0,8,0,0,95030,0,7,0,0,5620,0,65,0,0,339300,0,16,0,0,0,0,65950,0,0,0,0
2024-05-29,水,36,0,0,144660,0,6,0,0,89210,0,7,0,0,7230,0,0,0,0,0,0,9,0,0,0,0,21300,0,0,0,0
2024-05-30,木,22,0,0,85980,0,12,0,0,150690,0,13,0,0,11030,0,15,0,0,7177,0,24,0,0,0,0,83100,0,0,0,0
2024-05-31,金,23,0,0,93370,0,5,0,0,68090,0,15,0,0,11470,0,0,0,0,0,0,67,0,0,0,0,288400,0,0,0,0
2024-06-01,土,13,0,0,62150,0,12,0,0,108710,0,33,0,0,27300,0,0,0,0,0,0,214,0,0,0,0,691000,0,0,0,0
2024-06-02,日,23,0,0,133650,0,10,0,0,132110,0,10,0,0,10080,0,0,0,0,0,0,176,0,0,0,0,625300,0,0,0,0
2024-06-03,月,24,0,0,100420,0,6,0,0,99400,0,17,0,0,11010,0,0,0,0,0,0,46,0,0,0,0,177150,0,0,0,0
2024-06-04,火,16,0,0,59400,0,5,0,0,68060,0,11,0,0,9000,0,0,0,0,0,0,31,0,0,0,0,90300,0,0,0,0
2024-06-05,水,25,0,0,96460,0,10,0,0,174970,0,9,0,0,9470,0,33,0,0,129195,0,21,0,0,0,0,211550,0,0,0,0
2024-06-06,木,28,0,0,133530,0,6,0,0,85240,0,12,0,0,11340,0,34,0,0,236640,0,41,0,0,0,0,137300,0,0,0,0
2024-06-07,金,19,0,0,87770,0,19,0,0,223600,0,11,0,0,4970,0,43,0,0,237855,0,121,0,0,0,0,439890,0,0,0,0
2024-06-08,土,27,0,0,133520,0,27,0,0,254720,0,20,0,0,12530,0,0,0,0,0,0,345,0,0,0,0,1481780,0,0,0,0
2024-06-09,日,29,0,0,129910,0,23,0,0,273520,0,25,0,0,13550,0,57,0,0,297540,0,54,0,0,0,0,238550,0,0,0,0
2024-06-10,月,13,0,0,62740,0,7,0,0,77770,0,12,0,0,5420,0,0,0,0,0,0,122,0,0,0,0,486150,0,0,0,0
2024-06-11,火,27,0,0,129440,0,40,0,0,338830,0,4,0,0,2700,0,0,0,0,0,0,163,0,0,0,0,580500,0,0,0,0
2024-06-12,水,24,0,0,106040,0,30,0,0,480780,0,22,0,0,10920,0,0,0,0,0,0,205,0,0,0,0,808250,0,0,0,0
2024-06-13,木,31,0,0,122920,0,6,0,0,83980,0,26,0,0,17100,0,0,0,0,0,0,279,0,0,0,0,1352000,0,0,0,0
2024-06-14,金,21,0,0,83350,0,30,0,0,354900,0,8,0,0,5340,0,50,0,0,369750,0,154,0,0,0,0,716720,0,0,0,0
2024-06-15,土,31,0,0,155730,0,27,0,0,298620,0,27,0,0,13710,0,29,0,0,154059,0,300,0,0,0,0,1179610,0,0,0,0
2024-06-16,日,26,0,0,106410,0,15,0,0,203880,0,20,0,0,11540,0,0,0,0,0,0,101,0,0,0,0,428910,0,0,0,0
2024-06-17,月,25,0,0,105210,0,6,0,0,98170,0,15,0,0,7450,0,0,0,0,0,0,136,0,0,0,0,534450,0,0,0,0
2024-06-18,火,24,0,0,109500,0,13,0,0,140250,0,12,0,0,7420,0,13,0,0,68382,0,81,0,0,0,0,334280,0,0,0,0
2024-06-19,水,26,0,0,109720,0,31,0,0,217000,0,11,0,0,7950,0,27,0,0,117450,0,175,0,0,0,0,702850,0,0,0,0
2024-06-20,木,28,0,0,110830,0,30,0,0,324750,0,26,0,0,18560,0,35,0,0,182700,0,153,0,0,0,0,610650,0,0,0,0
2024-06-21,金,38,0,0,146760,0,13,0,0,185230,0,23,0,0,16700,0,0,0,0,0,0,184,0,0,0,0,668200,0,0,0,0
2024-06-22,土,37,0,0,215700,0,19,0,0,227340,0,22,0,0,14270,0,0,0,0,0,0,316,0,0,0,0,1307950,0,0,0,0
2024-06-23,日,45,0,0,297610,0,18,0,0,223230,0,27,0,0,14530,0,0,0,0,0,0,208,0,0,0,0,870500,0,0,0,0
2024-06-24,月,28,0,0,150320,0,20,0,0,217450,0,18,0,0,10370,0,22,0,0,114840,0,85,0,0,0,0,245750,0,0,0,0
2024-06-25,火,26,0,0,118630,0,0,0,0,0,0,14,0,0,12480,0,24,0,0,125280,0,64,0,0,0,0,262650,0,0,0,0
2024-06-26,水,22,0,0,87660,0,22,0,0,277870,0,15,0,0,8090,0,0,0,0,0,0,62,0,0,0,0,206650,0,0,0,0
2024-06-27,木,24,0,0,88370,0,32,0,0,480000,0,12,0,0,7240,0,0,0,0,0,0,145,0,0,0,0,590600,0,0,0,0
2024-06-28,金,31,0,0,153100,0,29,0,0,331560,0,9,0,0,7490,0,36,0,0,187920,0,329,0,0,0,0,1384450,0,0,0,0
2024-06-29,土,23,0,0,113990,0,36,0,0,330000,0,14,0,0,8800,0,17,0,0,99093,0,507,0,0,0,0,2339850,0,0,0,0
2024-06-30,日,23,0,0,122560,0,12,0,0,177840,0,30,0,0,24370,0,0,0,0,0,0,326,0,0,0,0,1383300,0,0,0,0
2024-07-01,月,0,0,0,0,0,0,0,0,0,0,0,0,0,0,0,0,0,0,0,0,0,0,0,0,0,0,0,0,0,0
2024-07-01,月,27,0,0,119180,0,23,0,0,332110,0,6,0,0,7250,0,0,0,0,0,0,52,0,0,0,0,253700,0,0,0,0
2024-07-02,火,20,0,0,85900,0,4,0,0,51800,0,17,0,0,7970,0,0,0,0,0,0,198,0,0,0,0,787700,0,0,0,0
2024-07-03,水,34,0,0,202780,0,17,0,0,203430,0,16,0,0,9500,0,0,0,0,0,0,275,0,0,0,0,1066100,0,0,0,0
2024-07-04,木,23,0,0,110330,0,33,0,0,482750,0,11,0,0,3850,0,27,0,0,12919,0,193,0,0,0,0,707450,0,0,0,0
2024-07-05,金,24,0,0,85500,0,26,0,0,282410,0,19,0,0,13300,0,33,0,0,172260,0,264,0,0,0,0,1230150,0,0,0,0
2024-07-06,土,23,0,0,135930,0,30,0,0,335300,0,18,0,0,10110,0,0,0,0,0,0,353,0,0,0,0,1596500,0,0,0,0
2024-07-07,日,42,0,0,254110,0,26,0,0,287580,0,22,0,0,12690,0,0,0,0,0,0,246,0,0,0,0,1145950,0,0,0,0
2024-07-08,月,36,0,0,297000,0,5,0,0,59830,0,15,0,0,12710,0,48,0,0,250560,0,161,0,0,0,0,747550,0,0,0,0
2024-07-09,火,36,0,0,202670,0,11,0,0,102630,0,27,0,0,15280,0,0,0,0,0,0,233,0,0,0,0,1101950,0,0,0,0
2024-07-10,水,34,0,0,107190,0,10,0,0,150600,0,31,0,0,27720,0,0,0,0,0,0,292,0,0,0,0,1295300,0,0,0,0
2024-07-11,木,30,0,0,121920,0,12,0,0,96230,0,15,0,0,9120,0,19,0,0,99180,0,303,0,0,0,0,1419100,0,0,0,0
2024-07-12,金,40,0,0,164760,0,21,0,0,257330,0,7,0,0,4360,0,80,0,0,487917,0,402,0,0,0,0,1888550,0,0,0,0
2024-07-13,土,27,0,0,152640,0,27,0,0,329830,0,18,0,0,8090,0,27,0,0,140940,0,506,0,0,0,0,2677730,0,0,0,0
2024-07-14,日,33,0,0,187710,0,25,0,0,330950,0,29,0,0,17850,0,52,0,0,277095,0,639,0,0,0,0,3082340,0,0,0,0
2024-07-15,月,20,0,0,112510,0,10,0,0,111590,0,19,0,0,12470,0,0,0,0,0,0,473,0,0,0,0,2208290,0,0,0,0
2024-07-16,火,7,0,0,36740,0,19,0,0,254000,0,24,0,0,18580,0,0,0,0,0,0,272,0,0,0,0,1146320,0,0,0,0
2024-07-17,水,24,0,0,98990,0,18,0,0,198970,0,13,0,0,9950,0,0,0,0,0,0,548,0,0,0,0,2516440,0,0,0,0
2024-07-18,木,21,0,0,110750,0,12,0,0,137100,0,10,0,0,6330,0,19,0,0,113520,0,699,0,0,0,0,2276750,0,0,0,0
2024-07-19,金,35,0,0,157060,0,17,0,0,201690,0,9,0,0,6620,0,36,0,0,187920,0,438,0,0,0,0,2242570,0,0,0,0
2024-07-20,土,36,0,0,162490,0,28,0,0,312030,0,54,0,0,22960,0,0,0,0,0,0,595,0,0,0,0,2951700,0,0,0,0
2024-07-21,日,19,0,0,101000,0,19,0,0,357110,0,33,0,0,22130,0,0,0,0,0,0,468,0,0,0,0,1968270,0,0,0,0
2024-07-22,月,25,0,0,112990,0,8,0,0,94700,0,31,0,0,23510,0,0,0,0,0,0,396,0,0,0,0,1941300,0,0,0,0
2024-07-23,火,31,0,0,158600,0,6,0,0,68860,0,19,0,0,12770,0,0,0,0,0,0,322,0,0,0,0,1368450,0,0,0,0
2024-07-24,水,28,0,0,118680,0,20,0,0,242050,0,10,0,0,5300,0,93,0,0,485460,0,272,0,0,0,0,1123770,0,0,0,0
2024-07-25,木,16,0,0,63070,0,12,0,0,206690,0,24,0,0,16150,0,0,0,0,0,0,443,0,0,0,0,1903920,0,0,0,0
2024-07-26,金,26,0,0,118560,0,27,0,0,272760,0,15,0,0,12430,0,0,0,0,0,0,460,0,0,0,0,2447570,0,0,0,0
2024-07-27,土,38,0,0,202640,0,25,0,0,334820,0,19,0,0,14130,0,0,0,0,0,0,643,0,0,0,0,3213770,0,0,0,0
2024-07-28,日,18,0,0,83470,0,30,0,0,372040,0,25,0,0,15780,0,0,0,0,0,0,394,0,0,0,0,1745470,0,0,0,0
2024-07-29,月,19,0,0,81600,0,23,0,0,275650,0,5,0,0,4970,0,10,0,0,52200,0,228,0,0,0,0,935450,0,0,0,0
2024-07-30,火,20,0,0,92340,0,3,0,0,36850,0,34,0,0,23110,0,26,0,0,135720,0,423,0,0,0,0,1769280,0,0,0,0
2024-07-31,水,27,0,0,124070,0,14,0,0,184110,0,9,0,0,6410,0,0,0,0,0,0,367,0,0,0,0,1607290,0,0,0,0
2024-08-01,木,11,0,0,60360,0,0,0,0,0,0,20,0,0,13510,0,0,0,0,0,0,350,0,0,0,0,1748130,0,0,0,0
2024-08-02,金,20,0,0,99480,0,6,0,0,109320,0,23,0,0,17350,0,30,0,0,156600,0,634,0,0,0,0,3214090,0,0,0,0
2024-08-03,土,21,0,0,115640,0,16,0,0,239790,0,36,0,0,20230,0,168,0,0,831222,0,689,0,0,0,0,3306880,0,0,0,0
2024-08-04,日,36,0,0,197370,0,22,0,0,272380,0,32,0,0,20270,0,0,0,0,0,0,445,0,0,0,0,2005290,0,0,0,0
2024-08-05,月,8,0,0,28930,0,15,0,0,245580,0,12,0,0,12360,0,0,0,0,0,0,389,0,0,0,0,1521980,0,0,0,0
2024-08-06,火,21,0,0,79620,0,5,0,0,53240,0,8,0,0,8140,0,12,0,0,62640,0,565,0,0,0,0,2354270,0,0,0,0
2024-08-07,水,31,0,0,131490,0,10,0,0,161750,0,20,0,0,9720,0,0,0,0,0,0,573,0,0,0,0,2777100,0,0,0,0
2024-08-08,木,22,0,0,133500,0,22,0,0,260340,0,38,0,0,22100,0,0,0,0,0,0,548,0,0,0,0,2243150,0,0,0,0
2024-08-09,金,29,0,0,128200,0,12,0,0,105050,0,11,0,0,9660,0,0,0,0,0,0,538,0,0,0,0,2608360,0,0,0,0
2024-08-10,土,15,0,0,91560,0,23,0,0,289520,0,12,0,0,9840,0,0,0,0,0,0,557,0,0,0,0,2594380,0,0,0,0
2024-08-11,日,21,0,0,94090,0,22,0,0,276830,0,27,0,0,17390,0,0,0,0,0,0,612,0,0,0,0,2693820,0,0,0,0
2024-08-12,月,6,0,0,29680,0,31,0,0,313050,0,42,0,0,23060,0,0,0,0,0,0,576,0,0,0,0,2474140,0,0,0,0
2024-08-13,火,25,0,0,115040,0,8,0,0,100370,0,20,0,0,15200,0,14,0,0,105825,0,289,0,0,0,0,1278970,0,0,0,0
2024-08-14,水,18,0,0,91240,0,19,0,0,262380,0,18,0,0,10920,0,0,0,0,0,0,283,0,0,0,0,1157450,0,0,0,0
2024-08-15,木,18,0,0,71170,0,9,0,0,90250,0,32,0,0,16850,0,0,0,0,0,0,610,0,0,0,0,2549940,0,0,0,0
2024-08-16,金,20,0,0,84790,0,19,0,0,256120,0,34,0,0,20520,0,0,0,0,0,0,628,0,0,0,0,2782400,0,0,0,0
2024-08-17,土,22,0,0,114280,0,26,0,0,305720,0,16,0,0,8270,0,0,0,0,0,0,479,0,0,0,0,2172740,0,0,0,0
2024-08-18,日,31,0,0,135770,0,19,0,0,197860,0,37,0,0,22000,0,0,0,0,0,0,478,0,0,0,0,1819490,0,0,0,0
2024-08-19,月,14,0,0,74960,0,10,0,0,140880,0,24,0,0,12780,0,0,0,0,0,0,279,0,0,0,0,967450,0,0,0,0
2024-08-20,火,18,0,0,79300,0,17,0,0,234440,0,21,0,0,10730,0,9,0,0,46980,0,333,0,0,0,0,1511300,0,0,0,0
2024-08-21,水,34,0,0,146430,0,18,0,0,211560,0,15,0,0,7880,0,0,0,0,0,0,506,0,0,0,0,1987800,0,0,0,0
2024-08-22,木,31,0,0,153490,0,14,0,0,142220,0,17,0,0,11260,0,0,0,0,0,0,244,0,0,0,0,1151350,0,0,0,0
2024-08-23,金,17,0,0,83400,0,16,0,0,188040,0,39,0,0,21470,0,16,0,0,78438,0,383,0,0,0,0,1729410,0,0,0,0
2024-08-24,土,40,0,0,326300,0,24,0,0,328480,0,42,0,0,21630,0,0,0,0,0,0,572,0,0,0,0,2548740,0,0,0,0
2024-08-25,日,25,0,0,149500,0,20,0,0,236690,0,24,0,0,17200,0,0,0,0,0,0,659,0,0,0,0,2238750,0,0,0,0
2024-08-26,月,32,0,0,114780,0,15,0,0,207290,0,23,0,0,12090,0,0,0,0,0,0,202,0,0,0,0,868050,0,0,0,0
2024-08-27,火,26,0,0,102840,0,17,0,0,177680,0,3,0,0,3360,0,0,0,0,0,0,100,0,0,0,0,697346,0,0,0,0
2024-08-28,水,34,0,0,142710,0,14,0,0,167870,0,11,0,0,8150,0,0,0,0,0,0,229,0,0,0,0,990520,0,0,0,0
2024-08-29,木,44,0,0,206070,0,21,0,0,231650,0,11,0,0,12210,0,0,0,0,0,0,249,0,0,0,0,1150110,0,0,0,0
2024-08-30,金,25,0,0,202540,0,16,0,0,249620,0,20,0,0,15760,0,0,0,0,0,0,371,0,0,0,0,2025610,0,0,0,0
2024-08-31,土,29,0,0,179000,0,21,0,0,275750,0,29,0,0,11370,0,0,0,0,0,0,521,0,0,0,0,2287480,0,0,0,0
2024-09-01,日,28,0,0,147170,0,21,0,0,269480,0,23,0,0,13200,0,0,0,0,0,0,468,0,0,0,0,1852810,0,0,0,0
2024-09-02,月,26,0,0,106980,0,8,0,0,110650,0,10,0,0,5610,0,0,0,0,0,0,92,0,0,0,0,392550,0,0,0,0
2024-09-03,火,28,0,0,105420,0,10,0,0,94020,0,36,0,0,24650,0,0,0,0,0,0,194,0,0,0,0,904360,0,0,0,0
2024-09-04,水,18,0,0,66930,0,6,0,0,75460,0,21,0,0,11390,0,0,0,0,0,0,269,0,0,0,0,1273330,0,0,0,0
2024-09-05,木,36,0,0,163650,0,11,0,0,138930,0,3,0,0,1640,0,0,0,0,0,0,186,0,0,0,0,790150,0,0,0,0
2024-09-06,金,18,0,0,71260,0,16,0,0,157400,0,7,0,0,3250,0,0,0,0,0,0,470,0,0,0,0,1219630,0,0,0,0
2024-09-07,土,29,0,0,162210,0,28,0,0,332700,0,5,0,0,1950,0,0,0,0,0,0,452,0,0,0,0,2112270,0,0,0,0
2024-09-08,日,21,0,0,99800,0,18,0,0,267110,0,26,0,0,20440,0,0,0,0,0,0,279,0,0,0,0,1153000,0,0,0,0
2024-09-09,月,30,0,0,120030,0,4,0,0,37180,0,16,0,0,7120,0,0,0,0,0,0,0,0,0,0,0,0,0,0,0,0
2024-09-10,火,34,0,0,177230,0,10,0,0,163620,0,16,0,0,10780,0,15,0,0,78300,0,0,0,0,0,0,0,0,0,0,0
2024-09-11,水,23,0,0,98200,0,17,0,0,200180,0,9,0,0,3150,0,12,0,0,62640,0,0,0,0,0,0,0,0,0,0,0
2024-09-12,木,23,0,0,102680,0,4,0,0,26620,0,9,0,0,5670,0,0,0,0,0,0,0,0,0,0,0,0,0,0,0,0
2024-09-13,金,33,0,0,144390,0,14,0,0,184740,0,6,0,0,3870,0,0,0,0,0,0,0,0,0,0,0,0,0,0,0,0
2024-09-14,土,21,0,0,120200,0,18,0,0,217410,0,32,0,0,20390,0,0,0,0,0,0,144,0,0,0,0,510280,0,0,0,0
2024-09-15,日,14,0,0,87160,0,33,0,0,400550,0,15,0,0,8930,0,0,0,0,0,0,57,0,0,0,0,148600,0,0,0,0
2024-09-16,月,13,0,0,67210,0,23,0,0,242900,0,9,0,0,5150,0,0,0,0,0,0,89,0,0,0,0,293000,0,0,0,0
2024-09-17,火,17,0,0,72480,0,13,0,0,157470,0,14,0,0,7940,0,16,0,0,83520,0,28,0,0,0,0,109900,0,0,0,0
2024-09-18,水,37,0,0,146660,0,14,0,0,195680,0,21,0,0,12800,0,64,0,0,247720,0,87,0,0,0,0,298850,0,0,0,0
2024-09-19,木,19,0,0,77410,0,12,0,0,109810,0,17,0,0,10460,0,0,0,0,0,0,39,0,0,0,0,90800,0,0,0,0
2024-09-20,金,24,0,0,103270,0,15,0,0,169200,0,22,0,0,18590,0,0,0,0,0,0,54,0,0,0,0,208500,0,0,0,0
2024-09-21,土,25,0,0,151600,0,16,0,0,225000,0,14,0,0,7620,0,15,0,0,78300,0,67,0,0,0,0,280260,0,0,0,0
2024-09-22,日,52,0,0,307660,0,26,0,0,314460,0,4,0,0,1500,0,0,0,0,0,0,95,0,0,0,0,346860,0,0,0,0
2024-09-23,月,24,0,0,123280,0,15,0,0,204240,0,15,0,0,10900,0,0,0,0,0,0,109,0,0,0,0,307950,0,0,0,0
2024-09-24,火,24,0,0,105040,0,19,0,0,275800,0,13,0,0,7150,0,0,0,0,0,0,45,0,0,0,0,115400,0,0,0,0
2024-09-25,水,18,0,0,82810,0,20,0,0,247500,0,18,0,0,16482,0,18,0,0,93960,0,40,0,0,0,0,135400,0,0,0,0
2024-09-26,木,23,0,0,101850,0,10,0,0,103240,0,8,0,0,3720,0,0,0,0,0,0,49,0,0,0,0,163750,0,0,0,0
2024-09-27,金,16,0,0,52960,0,2,0,0,22880,0,28,0,0,15810,0,0,0,0,0,0,93,0,0,0,0,255550,0,0,0,0
2024-09-28,土,22,0,0,129070,0,33,0,0,362980,0,20,0,0,9890,0,105,0,0,411075,0,81,0,0,0,0,192890,0,0,0,0
2024-09-29,日,32,0,0,155790,0,4,0,0,54560,0,8,0,0,4680,0,0,0,0,0,0,73,0,0,0,0,236800,0,0,0,0
2024-09-30,月,14,0,0,57620,0,0,0,0,0,0,4,0,0,2900,0,0,0,0,0,0,46,0,0,0,0,186220,0,0,0,0
2024-10-01,火,23,0,0,89730,0,15,0,0,198890,0,16,0,0,11300,0,0,0,0,0,0,66,0,0,0,0,192650,0,0,0,0
2024-10-02,水,18,0,0,73740,0,17,0,0,198420,0,4,0,0,5400,0,0,0,0,0,0,30,0,0,0,0,121000,0,0,0,0
2024-10-03,木,40,0,0,168470,0,21,0,0,224930,0,15,0,0,9160,0,11,0,0,57420,0,44,0,0,0,0,116600,0,0,0,0
2024-10-04,金,27,0,0,116240,0,16,0,0,169600,0,9,0,0,3870,0,0,0,0,0,0,25,0,0,0,0,70100,0,0,0,0
2024-10-05,土,23,0,0,107830,0,17,0,0,241970,0,11,0,0,5350,0,0,0,0,0,0,146,0,0,0,0,448200,0,0,0,0
2024-10-06,日,37,0,0,211970,0,28,0,0,308250,0,5,0,0,6250,0,0,0,0,0,0,197,0,0,0,0,651200,0,0,0,0
2024-10-07,月,22,0,0,83910,0,9,0,0,106540,0,15,0,0,16290,0,0,0,0,0,0,0,0,0,0,0,0,0,0,0,0
2024-10-08,火,29,0,0,151230,0,41,0,0,570300,0,7,0,0,4150,0,37,0,0,144855,0,0,0,0,0,0,0,0,0,0,0
2024-10-09,水,31,0,0,142630,0,30,0,0,354230,0,7,0,0,3740,0,0,0,0,0,0,0,0,0,0,0,0,0,0,0,0
2024-10-10,木,34,0,0,138050,0,21,0,0,247880,0,10,0,0,9600,0,0,0,0,0,0,0,0,0,0,0,0,0,0,0,0
2024-10-11,金,31,0,0,130800,0,31,0,0,314770,0,6,0,0,6480,0,0,0,0,0,0,0,0,0,0,0,0,0,0,0,0
2024-10-12,土,29,0,0,181110,0,29,0,0,320190,0,21,0,0,12370,0,20,0,0,104400,0,0,0,0,0,0,0,0,0,0,0
2024-10-13,日,46,0,0,414000,0,27,0,0,235090,0,26,0,0,19510,0,0,0,0,0,0,0,0,0,0,0,0,0,0,0,0
2024-10-14,月,26,0,0,131310,0,10,0,0,121330,0,12,0,0,6730,0,0,0,0,0,0,0,0,0,0,0,0,0,0,0,0
2024-10-15,火,30,0,0,149360,0,6,0,0,61900,0,15,0,0,11350,0,0,0,0,0,0,0,0,0,0,0,0,0,0,0,0
2024-10-16,水,28,0,0,147780,0,9,0,0,132710,0,19,0,0,14400,0,23,0,0,120060,0,0,0,0,0,0,0,0,0,0,0
2024-10-17,木,44,0,0,242000,0,4,0,0,46250,0,26,0,0,18120,0,0,0,0,0,0,0,0,0,0,0,0,0,0,0,0
2024-10-18,金,35,0,0,164020,0,31,0,0,333820,0,18,0,0,8000,0,20,0,0,81990,0,0,0,0,0,0,0,0,0,0,0
2024-10-19,土,25,0,0,141010,0,24,0,0,257040,0,11,0,0,7350,0,39,0,0,203580,0,0,0,0,0,0,0,0,0,0,0
2024-10-20,日,36,0,0,189860,0,20,0,0,233570,0,19,0,0,16680,0,0,0,0,0,0,0,0,0,0,0,0,0,0,0,0
2024-10-21,月,21,0,0,79640,0,7,0,0,107540,0,18,0,0,16290,0,0,0,0,0,0,0,0,0,0,0,0,0,0,0,0
2024-10-22,火,24,0,0,111630,0,7,0,0,93500,0,7,0,0,6030,0,0,0,0,0,0,0,0,0,0,0,0,0,0,0,0
2024-10-23,水,12,0,0,41800,0,18,0,0,176990,0,14,0,0,11520,0,0,0,0,0,0,0,0,0,0,0,0,0,0,0,0
2024-10-24,木,25,0,0,121490,0,6,0,0,84840,0,2,0,0,2700,0,0,0,0,0,0,0,0,0,0,0,0,0,0,0,0
2024-10-25,金,27,0,0,124180,0,32,0,0,349910,0,21,0,0,15170,0,0,0,0,0,0,0,0,0,0,0,0,0,0,0,0
2024-10-26,土,35,0,0,176600,0,31,0,0,308450,0,19,0,0,7150,0,0,0,0,0,0,0,0,0,0,0,0,0,0,0,0
2024-10-27,日,36,0,0,206490,0,15,0,0,135880,0,16,0,0,9440,0,0,0,0,0,0,0,0,0,0,0,0,0,0,0,0
2024-10-28,月,33,0,0,179410,0,17,0,0,153460,0,3,0,0,3450,0,14,0,0,73080,0,0,0,0,0,0,0,0,0,0,0
2024-10-29,火,20,0,0,81560,0,6,0,0,70210,0,20,0,0,13310,0,0,0,0,0,0,0,0,0,0,0,0,0,0,0,0
2024-10-30,水,24,0,0,109590,0,31,0,0,332740,0,11,0,0,7810,0,0,0,0,0,0,0,0,0,0,0,0,0,0,0,0
2024-10-31,木,24,0,0,115430,0,8,0,0,71260,0,8,0,0,5390,0,0,0,0,0,0,0,0,0,0,0,0,0,0,0,0
2024-11-01,金,19,0,0,71950,0,14,0,0,120940,0,14,0,0,7600,0,0,0,0,0,0,0,0,0,0,0,0,0,0,0,0
2024-11-02,土,34,0,0,218890,0,27,0,0,282550,0,27,0,0,13860,0,0,0,0,0,0,0,0,0,0,0,0,0,0,0,0
2024-11-03,日,30,0,0,187180,0,33,0,0,371400,0,14,0,0,12530,0,32,0,0,125280,0,0,0,0,0,0,0,0,0,0,0
2024-11-04,月,35,0,0,180400,0,25,0,0,233830,0,9,0,0,5750,0,0,0,0,0,0,0,0,0,0,0,0,0,0,0,0
2024-11-05,火,24,0,0,102400,0,12,0,0,120170,0,10,0,0,9800,0,0,0,0,0,0,0,0,0,0,0,0,0,0,0,0
2024-11-06,水,33,0,0,150690,0,14,0,0,165360,0,19,0,0,10200,0,42,0,0,219240,0,0,0,0,0,0,0,0,0,0,0
2024-11-07,木,22,0,0,86550,0,22,0,0,228860,0,22,0,0,13650,0,0,0,0,0,0,0,0,0,0,0,0,0,0,0,0
2024-11-08,金,30,0,0,145970,0,28,0,0,226180,0,20,0,0,10050,0,37,0,0,193140,0,0,0,0,0,0,0,0,0,0,0
2024-11-09,土,29,0,0,153540,0,25,0,0,386660,0,22,0,0,13400,0,0,0,0,0,0,0,0,0,0,0,0,0,0,0,0
2024-11-10,日,39,0,0,214420,0,30,0,0,256690,0,15,0,0,9550,0,0,0,0,0,0,0,0,0,0,0,0,0,0,0,0
2024-11-11,月,34,0,0,142090,0,21,0,0,199190,0,10,0,0,8100,0,0,0,0,0,0,0,0,0,0,0,0,0,0,0,0
2024-11-12,火,42,0,0,203170,0,15,0,0,131420,0,6,0,0,4200,0,0,0,0,0,0,0,0,0,0,0,0,0,0,0,0
2024-11-13,水,0,0,0,0,0,0,0,0,0,0,0,0,0,0,0,0,0,0,0,0,0,0,0,0,0,0,0,0,0,0
2024-11-14,木,27,0,0,126650,0,24,0,0,172450,0,3,0,0,2050,0,0,0,0,0,0,0,0,0,0,0,0,0,0,0,0
2024-11-15,金,25,0,0,130150,0,24,0,0,224570,0,15,0,0,20100,0,78,0,0,428040,0,0,0,0,0,0,0,0,0,0,0
2024-11-16,土,14,0,0,94870,0,20,0,0,211040,0,21,0,0,15100,0,0,0,0,0,0,0,0,0,0,0,0,0,0,0,0
2024-11-17,日,14,0,0,82500,0,19,0,0,160870,0,15,0,0,10250,0,0,0,0,0,0,0,0,0,0,0,0,0,0,0,0
2024-11-18,月,13,0,0,59500,0,17,0,0,228330,0,25,0,0,14150,0,0,0,0,0,0,0,0,0,0,0,0,0,0,0,0
2024-11-19,火,26,0,0,101190,0,9,0,0,121530,0,6,0,0,2700,0,15,0,0,78300,0,0,0,0,0,0,0,0,0,0,0
2024-11-20,水,25,0,0,107580,0,3,0,0,34260,0,0,0,0,0,0,78,0,0,762120,0,0,0,0,0,0,0,0,0,0,0
2024-11-21,木,25,0,0,93480,0,27,0,0,168000,0,15,0,0,8350,0,0,0,0,0,0,0,0,0,0,0,0,0,0,0,0
2024-11-22,金,12,0,0,50970,0,24,0,0,477450,0,4,0,0,2300,0,0,0,0,0,0,0,0,0,0,0,0,0,0,0,0
2024-11-23,土,28,0,0,168560,0,29,0,0,356900,0,15,0,0,15950,0,0,0,0,0,0,0,0,0,0,0,0,0,0,0,0
2024-11-24,日,36,0,0,178140,0,30,0,0,324360,0,17,0,0,13750,0,0,0,0,0,0,0,0,0,0,0,0,0,0,0,0
2024-11-25,月,29,0,0,108670,0,7,0,0,97240,0,11,0,0,8350,0,0,0,0,0,0,0,0,0,0,0,0,0,0,0,0
2024-11-26,火,34,0,0,129980,0,26,0,0,295560,0,10,0,0,10700,0,0,0,0,0,0,0,0,0,0,0,0,0,0,0,0
2024-11-27,水,32,0,0,134800,0,15,0,0,199990,0,25,0,0,14250,0,0,0,0,0,0,0,0,0,0,0,0,0,0,0,0
2024-11-28,木,35,0,0,150370,0,31,0,0,279000,0,4,0,0,2300,0,0,0,0,0,0,0,0,0,0,0,0,0,0,0,0
2024-11-29,金,27,0,0,126910,0,14,0,0,182110,0,13,0,0,8000,0,0,0,0,0,0,0,0,0,0,0,0,0,0,0,0
2024-11-30,土,22,0,0,103270,0,33,0,0,348940,0,34,0,0,16350,0,0,0,0,0,0,0,0,0,0,0,0,0,0,0,0
2024-12-01,日,0,0,0,0,0,0,0,0,0,0,0,0,0,0,0,0,0,0,0,0,0,0,0,0,0,0,0,0,0,0
2024-12-01,日,19,0,0,106910,0,31,0,0,433240,0,18,0,0,12200,0,12,0,0,62640,0,0,0,0,0,0,0,0,0,0,0
2024-12-02,月,23,0,0,95810,0,22,0,0,254650,0,21,0,0,11850,0,0,0,0,0,0,0,0,0,0,0,0,0,0,0,0
2024-12-03,火,30,0,0,120260,0,29,0,0,363350,0,10,0,0,5500,0,11,0,0,57420,0,0,0,0,0,0,0,0,0,0,0
2024-12-04,水,24,0,0,90910,0,7,0,0,61490,0,9,0,0,7400,0,0,0,0,0,0,0,0,0,0,0,0,0,0,0,0
2024-12-05,木,29,0,0,130680,0,19,0,0,221330,0,11,0,0,4650,0,0,0,0,0,0,0,0,0,0,0,0,0,0,0,0
2024-12-06,金,26,0,0,128040,0,39,0,0,316020,0,17,0,0,14800,0,41,0,0,214020,0,0,0,0,0,0,0,0,0,0,0
2024-12-07,土,35,0,0,235310,0,33,0,0,482270,0,16,0,0,8500,0,0,0,0,0,0,0,0,0,0,0,0,0,0,0,0
2024-12-08,日,23,0,0,140060,0,28,0,0,382720,0,17,0,0,14050,0,0,0,0,0,0,0,0,0,0,0,0,0,0,0,0
2024-12-09,月,25,0,0,86180,0,37,0,0,372160,0,2,0,0,900,0,0,0,0,0,0,0,0,0,0,0,0,0,0,0,0
2024-12-10,火,25,0,0,95250,0,23,0,0,265280,0,11,0,0,8550,0,0,0,0,0,0,0,0,0,0,0,0,0,0,0,0
2024-12-11,水,27,0,0,115270,0,16,0,0,204670,0,5,0,0,4150,0,69,0,0,360180,0,0,0,0,0,0,0,0,0,0,0
2024-12-12,木,28,0,0,119240,0,34,0,0,360940,0,2,0,0,1300,0,63,0,0,274050,0,0,0,0,0,0,0,0,0,0,0
2024-12-13,金,32,0,0,146720,0,31,0,0,394090,0,6,0,0,5800,0,0,0,0,0,0,0,0,0,0,0,0,0,0,0,0
2024-12-14,土,25,0,0,142890,0,30,0,0,394130,0,12,0,0,11150,0,32,0,0,167040,0,0,0,0,0,0,0,0,0,0,0
2024-12-15,日,33,0,0,174010,0,26,0,0,325740,0,1,0,0,2850,0,0,0,0,0,0,0,0,0,0,0,0,0,0,0,0
2024-12-16,月,30,0,0,151470,0,33,0,0,378780,0,6,0,0,4700,0,0,0,0,0,0,0,0,0,0,0,0,0,0,0,0
2024-12-17,火,29,0,0,142670,0,22,0,0,266260,0,14,0,0,7100,0,81,0,0,422820,0,0,0,0,0,0,0,0,0,0,0
2024-12-18,水,32,0,0,136610,0,40,0,0,480000,0,2,0,0,1300,0,0,0,0,0,0,0,0,0,0,0,0,0,0,0,0
2024-12-19,木,32,0,0,137310,0,31,0,0,408930,0,2,0,0,1800,0,8,0,0,69600,0,0,0,0,0,0,0,0,0,0,0
2024-12-20,金,37,0,0,188720,0,28,0,0,344320,0,15,0,0,9900,0,86,0,0,501120,0,0,0,0,0,0,0,0,0,0,0
2024-12-21,土,35,0,0,177900,0,32,0,0,622130,0,7,0,0,6050,0,0,0,0,0,0,0,0,0,0,0,0,0,0,0,0
2024-12-22,日,35,0,0,237070,0,25,0,0,507750,0,19,0,0,13300,0,0,0,0,0,0,0,0,0,0,0,0,0,0,0,0
2024-12-23,月,40,0,0,221110,0,26,0,0,543590,0,4,0,0,3000,0,67,0,0,394980,0,0,0,0,0,0,0,0,0,0,0
2024-12-24,火,30,0,0,142610,0,42,0,0,823870,0,16,0,0,12050,0,0,0,0,0,0,0,0,0,0,0,0,0,0,0,0
2024-12-25,水,28,0,0,180320,0,35,0,0,660290,0,10,0,0,6750,0,0,0,0,0,0,0,0,0,0,0,0,0,0,0,0
2024-12-26,木,23,0,0,156890,0,28,0,0,374300,0,16,0,0,8700,0,0,0,0,0,0,0,0,0,0,0,0,0,0,0,0
2024-12-27,金,37,0,0,198790,0,25,0,0,302900,0,13,0,0,7500,0,0,0,0,0,0,0,0,0,0,0,0,0,0,0,0
2024-12-28,土,32,0,0,158690,0,32,0,0,355240,0,19,0,0,14500,0,0,0,0,0,0,0,0,0,0,0,0,0,0,0,0
2024-12-29,日,35,0,0,178140,0,40,0,0,411940,0,2,0,0,900,0,0,0,0,0,0,0,0,0,0,0,0,0,0,0,0
2024-12-30,月,41,0,0,171640,0,35,0,0,423850,0,24,0,0,13100,0,0,0,0,0,0,0,0,0,0,0,0,0,0,0,0
2024-12-31,火,31,0,0,159220,0,36,0,0,392920,0,22,0,0,13750,0,0,0,0,0,0,0,0,0,0,0,0,0,0,0,0
2025-01-01,水,0,0,0,0,0,0,0,0,0,0,0,0,0,0,0,0,0,0,0,0,0,0,0,0,0,0,0,0,0,0
2025-01-02,木,34,0,0,155650,0,34,0,0,439460,0,19,0,0,9350,0,0,0,0,0,0,0,0,0,0,0,0,0,0,0,0
2025-01-03,金,31,0,0,151900,0,27,0,0,337570,0,11,0,0,8000,0,0,0,0,0,0,0,0,0,0,0,0,0,0,0,0
2025-01-04,土,31,0,0,183470,0,22,0,0,210660,0,8,0,0,6450,0,0,0,0,0,0,0,0,0,0,0,0,0,0,0,0
2025-01-05,日,31,0,0,162680,0,24,0,0,312710,0,8,0,0,5800,0,0,0,0,0,0,0,0,0,0,0,0,0,0,0,0
2025-01-06,月,10,0,0,39930,0,19,0,0,181250,0,6,0,0,5200,0,0,0,0,0,0,0,0,0,0,0,0,0,0,0,0
2025-01-07,火,24,0,0,99980,0,20,0,0,226290,0,3,0,0,1150,0,0,0,0,0,0,0,0,0,0,0,0,0,0,0,0
2025-01-08,水,17,0,0,78750,0,7,0,0,83980,0,2,0,0,1550,0,0,0,0,0,0,0,0,0,0,0,0,0,0,0,0
2025-01-09,木,15,0,0,61490,0,9,0,0,91630,0,8,0,0,7350,0,0,0,0,0,0,0,0,0,0,0,0,0,0,0,0
2025-01-10,金,19,0,0,85020,0,6,0,0,51970,0,16,0,0,11000,0,0,0,0,0,0,0,0,0,0,0,0,0,0,0,0
2025-01-11,土,30,0,0,142490,0,22,0,0,285430,0,20,0,0,10200,0,0,0,0,0,0,0,0,0,0,0,0,0,0,0,0
2025-01-12,日,35,0,0,153350,0,20,0,0,310660,0,8,0,0,5300,0,0,0,0,0,0,0,0,0,0,0,0,0,0,0,0
2025-01-13,月,33,0,0,189520,0,14,0,0,121050,0,8,0,0,6550,0,0,0,0,0,0,0,0,0,0,0,0,0,0,0,0
2025-01-14,火,29,0,0,153780,0,6,0,0,73370,0,7,0,0,2850,0,16,0,0,83520,0,0,0,0,0,0,0,0,0,0,0
2025-01-15,水,20,0,0,98630,0,28,0,0,392420,0,3,0,0,2150,0,0,0,0,0,0,0,0,0,0,0,0,0,0,0,0
2025-01-16,木,21,0,0,91350,0,0,0,0,0,0,16,0,0,10600,0,0,0,0,0,0,0,0,0,0,0,0,0,0,0,0
2025-01-17,金,33,0,0,142330,0,10,0,0,126280,0,9,0,0,9050,0,0,0,0,0,0,0,0,0,0,0,0,0,0,0,0
2025-01-18,土,17,0,0,84370,0,29,0,0,343850,0,20,0,0,15650,0,16,0,0,83520,0,0,0,0,0,0,0,0,0,0,0
2025-01-19,日,24,0,0,99640,0,11,0,0,140130,0,17,0,0,8250,0,0,0,0,0,0,0,0,0,0,0,0,0,0,0,0
2025-01-20,月,19,0,0,68080,0,8,0,0,89640,0,24,0,0,12700,0,0,0,0,0,0,0,0,0,0,0,0,0,0,0,0
2025-01-21,火,32,0,0,144320,0,9,0,0,122340,0,2,0,0,1900,0,0,0,0,0,0,0,0,0,0,0,0,0,0,0,0
2025-01-22,水,27,0,0,117680,0,23,0,0,244090,0,6,0,0,4100,0,0,0,0,0,0,0,0,0,0,0,0,0,0,0,0
2025-01-23,木,19,0,0,65000,0,32,0,0,360860,0,8,0,0,6850,0,0,0,0,0,0,0,0,0,0,0,0,0,0,0,0
2025-01-24,金,28,0,0,145710,0,23,0,0,220380,0,8,0,0,6600,0,0,0,0,0,0,0,0,0,0,0,0,0,0,0,0
2025-01-25,土,36,0,0,184980,0,23,0,0,267300,0,24,0,0,15750,0,0,0,0,0,0,0,0,0,0,0,0,0,0,0,0
2025-01-26,日,33,0,0,167560,0,19,0,0,246380,0,14,0,0,13500,0,0,0,0,0,0,0,0,0,0,0,0,0,0,0,0
2025-01-27,月,19,0,0,105850,0,19,0,0,259210,0,9,0,0,7350,0,0,0,0,0,0,0,0,0,0,0,0,0,0,0,0
2025-01-28,火,29,0,0,134060,0,20,0,0,206460,0,11,0,0,9300,0,51,0,0,266220,0,0,0,0,0,0,0,0,0,0,0
2025-01-29,水,37,0,0,241360,0,6,0,0,91560,0,18,0,0,18450,0,0,0,0,0,0,0,0,0,0,0,0,0,0,0,0
2025-01-30,木,29,0,0,154150,0,14,0,0,176590,0,12,0,0,6600,0,0,0,0,0,0,0,0,0,0,0,0,0,0,0,0
2025-01-31,金,29,0,0,188330,0,16,0,0,189960,0,30,0,0,24100,0,17,0,0,147900,0,0,0,0,0,0,0,0,0,0,0
2025-02-01,土,28,0,0,147320,0,27,0,0,271590,0,6,0,0,4200,0,21,0,0,109620,0,0,0,0,0,0,0,0,0,0,0
2025-02-02,日,20,0,0,101780,0,23,0,0,227280,0,6,0,0,7000,0,0,0,0,0,0,0,0,0,0,0,0,0,0,0,0
2025-02-03,月,27,0,0,116480,0,21,0,0,250650,0,30,0,0,19350,0,0,0,0,0,0,0,0,0,0,0,0,0,0,0,0
2025-02-04,火,29,0,0,124040,0,25,0,0,297930,0,31,0,0,18350,0,0,0,0,0,0,0,0,0,0,0,0,0,0,0,0
2025-02-05,水,31,0,0,139410,0,34,0,0,398560,0,19,0,0,11550,0,0,0,0,0,0,0,0,0,0,0,0,0,0,0,0
2025-02-06,木,33,0,0,170080,0,29,0,0,416930,0,30,0,0,18600,0,8,0,0,3828,0,0,0,0,0,0,0,0,0,0,0
2025-02-07,金,26,0,0,148640,0,35,0,0,475270,0,28,0,0,18050,0,0,0,0,0,0,0,0,0,0,0,0,0,0,0,0
2025-02-08,土,33,0,0,203860,0,29,0,0,396720,0,45,0,0,20570,0,0,0,0,0,0,0,0,0,0,0,0,0,0,0,0
2025-02-09,日,34,0,0,163820,0,34,0,0,451120,0,18,0,0,12600,0,0,0,0,0,0,0,0,0,0,0,0,0,0,0,0
2025-02-10,月,31,0,0,124460,0,34,0,0,437930,0,14,0,0,7450,0,12,0,0,5742,0,0,0,0,0,0,0,0,0,0,0
2025-02-11,火,31,0,0,170750,0,26,0,0,320590,0,19,0,0,11300,0,0,0,0,0,0,0,0,0,0,0,0,0,0,0,0
2025-02-12,水,31,0,0,120900,0,27,0,0,324000,0,13,0,0,7150,0,0,0,0,0,0,0,0,0,0,0,0,0,0,0,0
2025-02-13,木,29,0,0,124520,0,18,0,0,179460,0,13,0,0,6250,0,0,0,0,0,0,0,0,0,0,0,0,0,0,0,0
2025-02-14,金,37,0,0,155680,0,27,0,0,286370,0,27,0,0,12650,0,36,0,0,250560,0,0,0,0,0,0,0,0,0,0,0
2025-02-15,土,20,0,0,99590,0,34,0,0,453950,0,15,0,0,10650,0,0,0,0,0,0,0,0,0,0,0,0,0,0,0,0
2025-02-16,日,32,0,0,162880,0,16,0,0,199740,0,21,0,0,12450,0,0,0,0,0,0,0,0,0,0,0,0,0,0,0,0
2025-02-17,月,13,0,0,44150,0,6,0,0,87670,0,13,0,0,7850,0,0,0,0,0,0,0,0,0,0,0,0,0,0,0,0
2025-02-18,火,24,0,0,95910,0,23,0,0,238820,0,20,0,0,8650,0,0,0,0,0,0,0,0,0,0,0,0,0,0,0,0
2025-02-19,水,23,0,0,83800,0,14,0,0,209030,0,16,0,0,9000,0,71,0,0,370620,0,0,0,0,0,0,0,0,0,0,0
2025-02-20,木,25,0,0,97230,0,14,0,0,149970,0,11,0,0,6450,0,48,0,0,236640,0,194,0,0,0,0,1049125,0,0,0,0
2025-02-21,金,29,0,0,127590,0,28,0,0,420000,0,3,0,0,1050,0,18,0,0,93960,0,0,0,0,0,0,0,0,0,0,0
2025-02-22,土,36,0,0,206040,0,22,0,0,294410,0,19,0,0,11100,0,0,0,0,0,0,0,0,0,0,0,0,0,0,0,0
2025-02-23,日,30,0,0,141680,0,18,0,0,221420,0,21,0,0,9350,0,0,0,0,0,0,0,0,0,0,0,0,0,0,0,0
2025-02-24,月,28,0,0,152700,0,6,0,0,92910,0,7,0,0,2650,0,0,0,0,0,0,0,0,0,0,0,0,0,0,0,0
2025-02-25,火,19,0,0,102900,0,10,0,0,95740,0,21,0,0,8550,0,24,0,0,125280,0,0,0,0,0,0,0,0,0,0,0
2025-02-26,水,42,0,0,159600,0,14,0,0,155630,0,7,0,0,2750,0,0,0,0,0,0,0,0,0,0,0,0,0,0,0,0
2025-02-27,木,26,0,0,129570,0,7,0,0,149700,0,12,0,0,6800,0,0,0,0,0,0,0,0,0,0,0,0,0,0,0,0
2025-02-28,金,19,0,0,78470,0,25,0,0,345250,0,19,0,0,11000,0,0,0,0,0,0,0,0,0,0,0,0,0,0,0,0
2025-03-01,土,25,0,0,130140,0,28,0,0,328640,0,13,0,0,5650,0,0,0,0,0,0,0,0,0,0,0,0,0,0,0,0
2025-03-02,日,33,0,0,169790,0,27,0,0,369510,0,17,0,0,9850,0,0,0,0,0,0,0,0,0,0,0,0,0,0,0,0
2025-03-03,月,23,0,0,70830,0,13,0,0,146890,0,12,0,0,6300,0,0,0,0,0,0,0,0,0,0,0,0,0,0,0,0
2025-03-04,火,22,0,0,132530,0,4,0,0,48640,0,8,0,0,3250,0,0,0,0,0,0,0,0,0,0,0,0,0,0,0,0
2025-03-05,水,24,0,0,84030,0,10,0,0,104730,0,18,0,0,8900,0,16,0,0,90480,0,0,0,0,0,0,0,0,0,0,0
2025-03-06,木,33,0,0,176320,0,0,0,0,0,0,16,0,0,8900,0,0,0,0,0,0,0,0,0,0,0,0,0,0,0,0
2025-03-07,金,27,0,0,135120,0,16,0,0,169650,0,8,0,0,4300,0,0,0,0,0,0,0,0,0,0,0,0,0,0,0,0
2025-03-08,土,30,0,0,154960,0,19,0,0,230390,0,13,0,0,4100,0,0,0,0,0,0,0,0,0,0,0,0,0,0,0,0
2025-03-09,日,32,0,0,192000,0,14,0,0,182240,0,17,0,0,7800,0,0,0,0,0,0,0,0,0,0,0,0,0,0,0,0
2025-03-10,月,28,0,0,117630,0,4,0,0,36960,0,4,0,0,3100,0,14,0,0,73080,0,0,0,0,0,0,0,0,0,0,0
2025-03-11,火,27,0,0,119390,0,10,0,0,113560,0,9,0,0,4700,0,0,0,0,0,0,0,0,0,0,0,0,0,0,0,0
2025-03-12,水,25,0,0,102890,0,13,0,0,151310,0,10,0,0,2550,0,0,0,0,0,0,0,0,0,0,0,0,0,0,0,0
2025-03-13,木,24,0,0,97700,0,23,0,0,287270,0,17,0,0,11450,0,0,0,0,0,0,0,0,0,0,0,0,0,0,0,0
2025-03-14,金,19,0,0,86440,0,25,0,0,270020,0,2,0,0,700,0,0,0,0,0,0,0,0,0,0,0,0,0,0,0,0
2025-03-15,土,31,0,0,168270,0,34,0,0,420670,0,17,0,0,3950,0,12,0,0,62640,0,0,0,0,0,0,0,0,0,0,0
2025-03-16,日,25,0,0,125360,0,14,0,0,171660,0,16,0,0,9300,0,0,0,0,0,0,0,0,0,0,0,0,0,0,0,0
2025-03-17,月,20,0,0,92770,0,15,0,0,144180,0,21,0,0,14550,0,15,0,0,78300,0,0,0,0,0,0,0,0,0,0,0
2025-03-18,火,26,0,0,113460,0,12,0,0,142990,0,19,0,0,11500,0,30,0,0,156600,0,0,0,0,0,0,0,0,0,0,0
2025-03-19,水,32,0,0,129610,0,21,0,0,300000,0,7,0,0,7250,0,14,0,0,97440,0,0,0,0,0,0,0,0,0,0,0
2025-03-20,木,30,0,0,182300,0,10,0,0,98660,0,39,0,0,19100,0,0,0,0,0,0,0,0,0,0,0,0,0,0,0,0
2025-03-21,金,30,0,0,132230,0,8,0,0,105890,0,17,0,0,7250,0,0,0,0,0,0,0,0,0,0,0,0,0,0,0,0
2025-03-22,土,28,0,0,112990,0,28,0,0,357160,0,19,0,0,6050,0,103,0,0,750732,0,0,0,0,0,0,0,0,0,0,0
2025-03-23,日,22,0,0,121700,0,18,0,0,202940,0,7,0,0,3350,0,0,0,0,0,0,0,0,0,0,0,0,0,0,0,0
2025-03-24,月,36,0,0,163820,0,11,0,0,130470,0,18,0,0,9550,0,94,0,0,515040,0,0,0,0,0,0,0,0,0,0,0
2025-03-25,火,31,0,0,132610,0,18,0,0,232520,0,10,0,0,3500,0,83,0,0,433260,0,0,0,0,0,0,0,0,0,0,0
2025-03-26,水,29,0,0,132730,0,28,0,0,314320,0,20,0,0,9000,0,50,0,0,265307,0,0,0,0,0,0,0,0,0,0,0
2025-03-27,木,26,0,0,126050,0,12,0,0,147640,0,4,0,0,1300,0,0,0,0,0,0,0,0,0,0,0,0,0,0,0,0
2025-03-28,金,26,0,0,101070,0,17,0,0,164840,0,20,0,0,8850,0,0,0,0,0,0,0,0,0,0,0,0,0,0,0,0
2025-03-29,土,30,0,0,125560,0,26,0,0,302220,0,20,0,0,10500,0,31,0,0,161820,0,0,0,0,0,0,0,0,0,0,0
2025-03-30,日,37,0,0,211040,0,19,0,0,205190,0,8,0,0,6800,0,0,0,0,0,0,0,0,0,0,0,0,0,0,0,0
2025-03-31,月,33,0,0,131220,0,24,0,0,260490,0,11,0,0,8400,0,0,0,0,0,0,0,0,0,0,0,0,0,0,0,0
2025-04-01,火,25,0,0,112730,0,10,0,0,122750,0,2,0,0,5500,0,0,0,0,0,0,0,0,0,0,0,0,0,0,0,0
2025-04-02,水,22,0,0,104410,0,21,0,0,192490,0,10,0,0,18000,0,0,0,0,0,0,0,0,0,0,0,0,0,0,0,0
2025-04-03,木,31,0,0,140860,0,13,0,0,104020,0,4,0,0,8600,0,0,0,0,0,0,0,0,0,0,0,0,0,0,0,0
2025-04-04,金,18,0,0,56320,0,0,0,0,0,0,8,0,0,7600,0,35,0,0,182700,0,0,0,0,0,0,0,0,0,0,0
2025-04-05,土,27,0,0,133230,0,26,0,0,259780,0,14,0,0,19800,0,0,0,0,0,0,0,0,0,0,0,0,0,0,0,0
2025-04-06,日,11,0,0,66944,0,27,0,0,273020,0,7,0,0,12550,0,0,0,0,0,0,0,0,0,0,0,0,0,0,0,0
2025-04-07,月,19,0,0,62380,0,6,0,0,67720,0,3,0,0,1500,0,0,0,0,0,0,0,0,0,0,0,0,0,0,0,0
2025-04-08,火,13,0,0,65920,0,16,0,0,135390,0,3,0,0,8250,0,12,0,0,62640,0,0,0,0,0,0,0,0,0,0,0
2025-04-09,水,0,0,0,0,0,0,0,0,0,0,0,0,0,0,0,0,0,0,0,0,0,0,0,0,0,0,0,0,0,0
2025-04-10,木,21,0,0,84110,0,2,0,0,28000,0,6,0,0,3700,0,0,0,0,0,0,0,0,0,0,0,0,0,0,0,0
2025-04-11,金,17,0,0,79660,0,12,0,0,170180,0,10,0,0,4900,0,0,0,0,0,0,0,0,0,0,0,0,0,0,0,0
2025-04-12,土,32,0,0,184850,0,23,0,0,246380,0,7,0,0,5950,0,0,0,0,0,0,0,0,0,0,0,0,0,0,0,0
2025-04-13,日,38,0,0,190950,0,20,0,0,222970,0,3,0,0,1350,0,0,0,0,0,0,0,0,0,0,0,0,0,0,0,0
2025-04-14,月,25,0,0,135550,0,8,0,0,72340,0,2,0,0,4700,0,10,0,0,52200,0,0,0,0,0,0,0,0,0,0,0
2025-04-15,火,15,0,0,58910,0,14,0,0,142400,0,1,0,0,550,0,17,0,0,88740,0,0,0,0,0,0,0,0,0,0,0
2025-04-16,水,21,0,0,72160,0,4,0,0,39630,0,1,0,0,350,0,0,0,0,0,0,0,0,0,0,0,0,0,0,0,0
2025-04-17,木,24,0,0,89330,0,17,0,0,220610,0,12,0,0,20700,0,37,0,0,257520,0,0,0,0,0,0,0,0,0,0,0
2025-04-18,金,15,0,0,68660,0,19,0,0,195400,0,4,0,0,3600,0,0,0,0,0,0,0,0,0,0,0,0,0,0,0,0
2025-04-19,土,31,0,0,181760,0,31,0,0,342800,0,25,0,0,19450,0,0,0,0,0,0,0,0,0,0,0,0,0,0,0,0
2025-04-20,日,29,0,0,151230,0,15,0,0,165380,0,8,0,0,12400,0,0,0,0,0,0,0,0,0,0,0,0,0,0,0,0
2025-04-21,月,21,0,0,86870,0,3,0,0,69080,0,6,0,0,7800,0,85,0,0,443700,0,0,0,0,0,0,0,0,0,0,0
2025-04-22,火,23,0,0,86850,0,16,0,0,227920,0,2,0,0,3600,0,31,0,0,161820,0,0,0,0,0,0,0,0,0,0,0
2025-04-23,水,17,0,0,63800,0,17,0,0,196030,0,2,0,0,900,0,42,0,0,221920,0,0,0,0,0,0,0,0,0,0,0
2025-04-24,木,30,0,0,126230,0,1,0,0,12760,0,1,0,0,350,0,43,0,0,224460,0,0,0,0,0,0,0,0,0,0,0
2025-04-25,金,18,0,0,76860,0,2,0,0,21560,0,1,0,0,1800,0,54,0,0,281880,0,0,0,0,0,0,0,0,0,0,0
2025-04-26,土,18,0,0,94460,0,20,0,0,255440,0,19,0,0,24500,0,0,0,0,0,0,118,0,0,0,0,182650,0,0,0,0
2025-04-27,日,26,0,0,136690,0,11,0,0,127950,0,9,0,0,7950,0,0,0,0,0,0,58,0,0,0,0,79900,0,0,0,0
2025-04-28,月,18,0,0,94110,0,9,0,0,131460,0,9,0,0,13350,0,0,0,0,0,0,92,0,0,0,0,134550,0,0,0,0
2025-04-29,火,28,0,0,156790,0,26,0,0,324090,0,3,0,0,5950,0,0,0,0,0,0,37,0,0,0,0,57950,0,0,0,0
2025-04-30,水,24,0,0,109900,0,13,0,0,204240,0,18,0,0,16000,0,0,0,0,0,0,47,0,0,0,0,84100,0,0,0,0
2025-05-01,木,0,0,0,0,0,0,0,0,0,0,0,0,0,0,0,0,0,0,0,0,0,0,0,0,0,0,0,0,0,0
2025-05-01,木,28,0,0,124710,0,11,0,0,114350,0,5,0,0,11350,0,0,0,0,0,0,118,0,0,0,0,171600,0,0,0,0
2025-05-02,金,13,0,0,55130,0,12,0,0,136190,0,10,0,0,11050,0,0,0,0,0,0,71,0,0,0,0,65200,0,0,0,0
2025-05-03,土,36,0,0,194710,0,20,0,0,222970,0,11,0,0,6100,0,0,0,0,0,0,163,0,0,0,0,235100,0,0,0,0
2025-05-04,日,38,0,0,213260,0,36,0,0,426500,0,4,0,0,2700,0,0,0,0,0,0,153,0,0,0,0,192700,0,0,0,0
2025-05-05,月,24,0,0,152590,0,31,0,0,393170,0,17,0,0,16150,0,0,0,0,0,0,155,0,0,0,0,231700,0,0,0,0
2025-05-06,火,31,0,0,161180,0,12,0,0,120310,0,18,0,0,14250,0,0,0,0,0,0,154,0,0,0,0,196350,0,0,0,0
2025-05-07,水,31,0,0,148620,0,10,0,0,156750,0,5,0,0,13750,0,0,0,0,0,0,39,0,0,0,0,66700,0,0,0,0
2025-05-08,木,25,0,0,91450,0,9,0,0,173140,0,4,0,0,9350,0,0,0,0,0,0,46,0,0,0,0,51850,0,0,0,0
2025-05-09,金,16,0,0,81870,0,8,0,0,104570,0,5,0,0,13750,0,0,0,0,0,0,75,0,0,0,0,138200,0,0,0,0
2025-05-10,土,27,0,0,144170,0,25,0,0,355480,0,5,0,0,13750,0,0,0,0,0,0,75,0,0,0,0,108600,0,0,0,0
2025-05-11,日,36,0,0,220760,0,21,0,0,251570,0,6,0,0,16500,0,0,0,0,0,0,108,0,0,0,0,141150,0,0,0,0
2025-05-12,月,36,0,0,142530,0,13,0,0,138500,0,2,0,0,7150,0,0,0,0,0,0,79,0,0,0,0,120400,0,0,0,0
2025-05-13,火,28,0,0,115630,0,13,0,0,153190,0,2,0,0,5500,0,37,0,0,209235,0,57,0,0,0,0,89800,0,0,0,0
2025-05-14,水,13,0,0,43910,0,37,0,0,630000,0,4,0,0,11000,0,0,0,0,0,0,59,0,0,0,0,105200,0,0,0,0
2025-05-15,木,26,0,0,109090,0,2,0,0,24100,0,6,0,0,16500,0,0,0,0,0,0,73,0,0,0,0,105150,0,0,0,0
2025-05-16,金,25,0,0,113840,0,19,0,0,260490,0,8,0,0,22000,0,0,0,0,0,0,110,0,0,0,0,135150,0,0,0,0
2025-05-17,土,55,0,0,327460,0,28,0,0,349410,0,0,0,0,0,0,0,0,0,0,0,190,0,0,0,0,259550,0,0,0,0
2025-05-18,日,41,0,0,203060,0,6,0,0,84360,0,5,0,0,1250,0,0,0,0,0,0,234,0,0,0,0,361750,0,0,0,0
2025-05-19,月,31,0,0,132560,0,6,0,0,67770,0,4,0,0,11000,0,0,0,0,0,0,0,0,0,0,0,0,0,0,0,0
2025-05-20,火,24,0,0,109910,0,12,0,0,131010,0,0,0,0,0,0,0,0,0,0,0,0,0,0,0,0,0,0,0,0,0
2025-05-21,水,27,0,0,106150,0,6,0,0,93190,0,6,0,0,16500,0,36,0,0,187920,0,0,0,0,0,0,0,0,0,0,0
2025-05-22,木,31,0,0,130960,0,12,0,0,138350,0,5,0,0,14950,0,22,0,0,97745,0,0,0,0,0,0,0,0,0,0,0
2025-05-23,金,27,0,0,166440,0,20,0,0,238540,0,4,0,0,15130,0,50,0,0,239250,0,0,0,0,0,0,0,0,0,0,0
2025-05-24,土,37,0,0,191270,0,22,0,0,255140,0,4,0,0,11000,0,0,0,0,0,0,0,0,0,0,0,0,0,0,0,0
2025-05-25,日,30,0,0,161490,0,20,0,0,260310,0,6,0,0,16500,0,0,0,0,0,0,0,0,0,0,0,0,0,0,0,0
2025-05-26,月,11,0,0,43290,0,16,0,0,202100,0,6,0,0,16500,0,0,0,0,0,0,0,0,0,0,0,0,0,0,0,0
2025-05-27,火,28,0,0,126360,0,14,0,0,169320,0,8,0,0,22000,0,60,0,0,313200,0,0,0,0,0,0,0,0,0,0,0
2025-05-28,水,26,0,0,114070,0,13,0,0,125540,0,2,0,0,5500,0,19,0,0,82650,0,0,0,0,0,0,0,0,0,0,0
2025-05-29,木,30,0,0,129490,0,12,0,0,157400,0,11,0,0,22600,0,15,0,0,7178,0,0,0,0,0,0,0,0,0,0,0
2025-05-30,金,20,0,0,66660,0,12,0,0,155820,0,2,0,0,5500,0,82,0,0,479370,0,218,0,0,0,0,971270,0,0,0,0
2025-05-31,土,23,0,0,123380,0,21,0,0,263680,0,6,0,0,16500,0,0,0,0,0,0,433,0,0,0,0,1876020,0,0,0,0
2025-06-01,日,36,0,0,197010,0,26,0,0,303650,0,6,0,0,16500,0,0,0,0,0,0,337,0,0,0,0,1559650,0,0,0,0
2025-06-02,月,30,0,0,140380,0,1,0,0,16170,0,8,0,0,22000,0,72,0,0,326250,0,99,0,0,0,0,354100,0,0,0,0
2025-06-03,火,24,0,0,95000,0,8,0,0,90490,0,5,0,0,13750,0,0,0,0,0,0,74,0,0,0,0,212450,0,0,0,0
2025-06-04,水,31,0,0,122160,0,28,0,0,368750,0,6,0,0,16500,0,35,0,0,243600,0,128,0,0,0,0,610450,0,0,0,0
2025-06-05,木,25,0,0,109560,0,6,0,0,97080,0,2,0,0,5500,0,0,0,0,0,0,50,0,0,0,0,157200,0,0,0,0
2025-06-06,金,25,0,0,103400,0,26,0,0,353340,0,5,0,0,13750,0,34,0,0,177480,0,240,0,0,0,0,1018400,0,0,0,0
2025-06-07,土,28,0,0,146420,0,21,0,0,300870,0,6,0,0,16500,0,56,0,0,279618,0,307,0,0,0,0,1244430,0,0,0,0
2025-06-08,日,34,0,0,216190,0,10,0,0,101170,0,7,0,0,19250,0,0,0,0,0,0,212,0,0,0,0,866930,0,0,0,0
2025-06-09,月,27,0,0,113820,0,12,0,0,143560,0,4,0,0,11000,0,0,0,0,0,0,242,0,0,0,0,1140600,0,0,0,0
2025-06-10,火,29,0,0,99750,0,10,0,0,105670,0,6,0,0,16500,0,0,0,0,0,0,196,0,0,0,0,856700,0,0,0,0
2025-06-11,水,15,0,0,63420,0,8,0,0,95010,0,6,0,0,16500,0,8,0,0,3828,0,163,0,0,0,0,552850,0,0,0,0
2025-06-12,木,24,0,0,125910,0,10,0,0,106480,0,6,0,0,18500,0,0,0,0,0,0,100,0,0,0,0,433010,0,0,0,0
2025-06-13,金,22,0,0,90870,0,10,0,0,121620,0,6,0,0,16500,0,27,0,0,140940,0,275,0,0,0,0,1202210,0,0,0,0
2025-06-14,土,35,0,0,191060,0,32,0,0,365000,0,6,0,0,16500,0,0,0,0,0,0,425,0,0,0,0,1783530,0,0,0,0
2025-06-15,日,26,0,0,137190,0,21,0,0,275510,0,6,0,0,16950,0,0,0,0,0,0,251,0,0,0,0,1098390,0,0,0,0
2025-06-16,月,27,0,0,135510,0,19,0,0,226940,0,6,0,0,16500,0,0,0,0,0,0,281,0,0,0,0,911200,0,0,0,0
2025-06-17,火,24,0,0,111790,0,4,0,0,39780,0,4,0,0,17600,0,68,0,0,354960,0,248,0,0,0,0,1024530,0,0,0,0
2025-06-18,水,24,0,0,95580,0,37,0,0,354090,0,6,0,0,16500,0,0,0,0,0,0,368,0,0,0,0,1489100,0,0,0,0
2025-06-19,木,31,0,0,118870,0,12,0,0,151460,0,4,0,0,11000,0,0,0,0,0,0,266,0,0,0,0,1196800,0,0,0,0
2025-06-20,金,18,0,0,74710,0,28,0,0,270020,0,5,0,0,13750,0,38,0,0,285360,0,405,0,0,0,0,1866630,0,0,0,0
2025-06-21,土,38,0,0,191170,0,11,0,0,173540,0,6,0,0,16500,0,49,0,0,157905,0,296,0,0,0,0,1341170,0,0,0,0
2025-06-22,日,39,0,0,169130,0,23,0,0,252130,0,6,0,0,16500,0,0,0,0,0,0,276,0,0,0,0,1356160,0,0,0,0
2025-06-23,月,22,0,0,80280,0,9,0,0,124290,0,2,0,0,9500,0,0,0,0,0,0,285,0,0,0,0,1285120,0,0,0,0
2025-06-24,火,27,0,0,142170,0,16,0,0,210320,0,4,0,0,11000,0,11,0,0,57420,0,346,0,0,0,0,1553050,0,0,0,0
2025-06-25,水,26,0,0,123290,0,16,0,0,185990,0,4,0,0,12000,0,73,0,0,508080,0,412,0,0,0,0,2019020,0,0,0,0
2025-06-26,木,24,0,0,100660,0,21,0,0,225760,0,2,0,0,5500,0,0,0,0,0,0,425,0,0,0,0,1835680,0,0,0,0
2025-06-27,金,29,0,0,135420,0,17,0,0,228890,0,4,0,0,12000,0,35,0,0,243600,0,303,0,0,0,0,1688480,0,0,0,0
2025-06-28,土,43,0,0,177690,0,25,0,0,366430,0,6,0,0,16500,0,35,0,0,182700,0,559,0,0,0,0,2707380,0,0,0,0
2025-06-29,日,23,0,0,121510,0,20,0,0,231930,0,8,0,0,22000,0,0,0,0,0,0,452,0,0,0,0,2013922,0,0,0,0
2025-06-30,月,25,0,0,122610,0,5,0,0,69530,0,0,0,0,0,0,0,0,0,0,0,259,0,0,0,0,1066460,0,0,0,0
2025-07-01,火,0,0,0,0,0,0,0,0,0,0,0,0,0,0,0,0,0,0,0,0,0,0,0,0,0,0,0,0,0,0
2025-07-01,火,18,0,0,88900,0,16,0,0,171930,0,1,0,0,2750,0,0,0,0,0,0,268,0,0,0,0,1216090,0,0,0,0
2025-07-02,水,26,0,0,111620,0,5,0,0,124120,0,2,0,0,5500,0,0,0,0,0,0,372,0,0,0,0,1479290,0,0,0,0
2025-07-03,木,29,0,0,110060,0,11,0,0,141910,0,5,0,0,13750,0,177,0,0,1073545,0,331,0,0,0,0,1622960,0,0,0,0
2025-07-04,金,27,0,0,133940,0,36,0,0,409980,0,0,0,0,0,0,27,0,0,140940,0,463,0,0,0,0,2009480,0,0,0,0
2025-07-05,土,31,0,0,160130,0,32,0,0,445770,0,6,0,0,16500,0,12,0,0,62640,0,642,0,0,0,0,3158690,0,0,0,0
2025-07-06,日,31,0,0,167250,0,28,0,0,391050,0,0,0,0,0,0,0,0,0,0,0,566,0,0,0,0,2284290,0,0,0,0
2025-07-07,月,29,0,0,132450,0,24,0,0,286430,0,0,0,0,0,0,0,0,0,0,0,393,0,0,0,0,1737550,0,0,0,0
2025-07-08,火,23,0,0,115090,0,15,0,0,180680,0,0,0,0,0,0,0,0,0,0,0,480,0,0,0,0,2275340,0,0,0,0
2025-07-09,水,28,0,0,115840,0,22,0,0,202060,0,6,0,0,16500,0,0,0,0,0,0,365,0,0,0,0,1601620,0,0,0,0
2025-07-10,木,24,0,0,112080,0,12,0,0,153370,0,0,0,0,0,0,0,0,0,0,0,416,0,0,0,0,1955630,0,0,0,0
2025-07-11,金,12,0,0,54300,0,27,0,0,297450,0,0,0,0,0,0,0,0,0,0,0,541,0,0,0,0,2704120,0,0,0,0
2025-07-12,土,27,0,0,172020,0,28,0,0,328930,0,6,0,0,16500,0,0,0,0,0,0,692,0,0,0,0,3366920,0,0,0,0
2025-07-13,日,33,0,0,170760,0,22,0,0,297240,0,6,0,0,16500,0,0,0,0,0,0,508,0,0,0,0,2275300,0,0,0,0
2025-07-14,月,31,0,0,137240,0,22,0,0,272150,0,4,0,0,11000,0,0,0,0,0,0,402,0,0,0,0,1740600,0,0,0,0
2025-07-15,火,26,0,0,132500,0,12,0,0,175170,0,0,0,0,0,0,0,0,0,0,0,325,0,0,0,0,1498060,0,0,0,0
2025-07-16,水,31,0,0,132780,0,25,0,0,280520,0,3,0,0,8250,0,0,0,0,0,0,598,0,0,0,0,2414050,0,0,0,0
2025-07-17,木,27,0,0,132590,0,16,0,0,267350,0,0,0,0,0,0,42,0,0,310590,0,342,0,0,0,0,1772380,0,0,0,0
2025-07-18,金,19,0,0,82500,0,9,0,0,105840,0,0,0,0,0,0,59,0,0,307980,0,481,0,0,0,0,2396890,0,0,0,0
2025-07-19,土,32,0,0,135550,0,29,0,0,346850,0,2,0,0,5500,0,0,0,0,0,0,754,0,0,0,0,3694840,0,0,0,0
2025-07-20,日,32,0,0,157260,0,21,0,0,287490,0,2,0,0,6100,0,37,0,0,193140,0,652,0,0,0,0,3070050,0,0,0,0
2025-07-21,月,37,0,0,196480,0,14,0,0,195990,0,6,0,0,16500,0,0,0,0,0,0,543,0,0,0,0,2346260,0,0,0,0
2025-07-22,火,12,0,0,39050,0,10,0,0,125820,0,0,0,0,0,0,0,0,0,0,0,339,0,0,0,0,1727880,0,0,0,0
2025-07-23,水,22,0,0,113700,0,14,0,0,203810,0,0,0,0,0,0,34,0,0,236640,0,320,0,0,0,0,2350880,0,0,0,0
2025-07-24,木,28,0,0,142710,0,14,0,0,155860,0,0,0,0,0,0,94,0,0,654240,0,452,0,0,0,0,1941950,0,0,0,0
2025-07-25,金,11,0,0,43960,0,16,0,0,212660,0,6,0,0,16500,0,0,0,0,0,0,640,0,0,0,0,2864200,0,0,0,0
2025-07-26,土,27,0,0,146540,0,19,0,0,270620,0,6,0,0,17500,0,0,0,0,0,0,710,0,0,0,0,3601450,0,0,0,0
2025-07-27,日,26,0,0,165960,0,15,0,0,201890,0,4,0,0,11000,0,0,0,0,0,0,525,0,0,0,0,2409810,0,0,0,0
2025-07-28,月,32,0,0,157020,0,18,0,0,223610,0,6,0,0,16500,0,0,0,0,0,0,305,0,0,0,0,1310590,0,0,0,0
2025-07-29,火,18,0,0,74200,0,6,0,0,97900,0,0,0,0,0,0,124,0,0,647280,0,449,0,0,0,0,2172690,0,0,0,0
2025-07-30,水,15,0,0,60740,0,11,0,0,164370,0,4,0,0,11000,0,0,0,0,0,0,479,0,0,0,0,2169070,0,0,0,0
2025-07-31,木,14,0,0,49730,0,10,0,0,137740,0,2,0,0,5500,0,0,0,0,0,0,437,0,0,0,0,2156020,0,0,0,0
2025-08-01,金,30,0,0,125470,0,11,0,0,154590,0,2,0,0,5500,0,0,0,0,0,0,611,0,0,0,0,3106200,0,0,0,0
2025-08-02,土,19,0,0,110900,0,16,0,0,287320,0,3,0,0,8250,0,0,0,0,0,0,705,0,0,0,0,3624240,0,0,0,0
2025-08-03,日,25,0,0,144630,0,22,0,0,324470,0,1,0,0,2750,0,0,0,0,0,0,497,0,0,0,0,2249480,0,0,0,0
2025-08-04,月,24,0,0,134900,0,19,0,0,311160,0,0,0,0,0,0,0,0,0,0,0,454,0,0,0,0,2146090,0,0,0,0
2025-08-05,火,29,0,0,177490,0,13,0,0,144580,0,3,0,0,8250,0,12,0,0,62640,0,428,0,0,0,0,1954250,0,0,0,0
2025-08-06,水,26,0,0,119860,0,21,0,0,206850,0,0,0,0,0,0,0,0,0,0,0,515,0,0,0,0,2434370,0,0,0,0
2025-08-07,木,25,0,0,109120,0,18,0,0,205880,0,5,0,0,13750,0,0,0,0,0,0,373,0,0,0,0,1766560,0,0,0,0
2025-08-08,金,24,0,0,115640,0,22,0,0,266960,0,2,0,0,5500,0,0,0,0,0,0,542,0,0,0,0,2958810,0,0,0,0
2025-08-09,土,22,0,0,103120,0,25,0,0,271590,0,8,0,0,22000,0,0,0,0,0,0,575,0,0,0,0,2826900,0,0,0,0
2025-08-10,日,31,0,0,135450,0,26,0,0,352410,0,4,0,0,11000,0,0,0,0,0,0,675,0,0,0,0,3412620,0,0,0,0
2025-08-11,月,23,0,0,112130,0,26,0,0,346350,0,0,0,0,0,0,0,0,0,0,0,548,0,0,0,0,2334630,0,0,0,0
2025-08-12,火,28,0,0,140760,0,28,0,0,330480,0,2,0,0,5500,0,0,0,0,0,0,798,0,0,0,0,2420030,0,0,0,0
2025-08-13,水,21,0,0,95980,0,13,0,0,119670,0,1,0,0,800,0,0,0,0,0,0,501,0,0,0,0,2233260,0,0,0,0
2025-08-14,木,17,0,0,77440,0,21,0,0,302280,0,1,0,0,2750,0,0,0,0,0,0,614,0,0,0,0,2876330,0,0,0,0
2025-08-15,金,18,0,0,70250,0,17,0,0,229390,0,2,0,0,5500,0,0,0,0,0,0,726,0,0,0,0,3296440,0,0,0,0
2025-08-16,土,27,0,0,133070,0,22,0,0,295130,0,2,0,0,5500,0,0,0,0,0,0,705,0,0,0,0,3354870,0,0,0,0
2025-08-17,日,25,0,0,131510,0,15,0,0,184430,0,3,0,0,8250,0,0,0,0,0,0,313,0,0,0,0,1422810,0,0,0,0
2025-08-18,月,11,0,0,40700,0,14,0,0,160350,0,0,0,0,0,0,26,0,0,135720,0,509,0,0,0,0,1995090,0,0,0,0
2025-08-19,火,24,0,0,141060,0,17,0,0,153000,0,0,0,0,0,0,41,0,0,214020,0,374,0,0,0,0,1680270,0,0,0,0
2025-08-20,水,19,0,0,80410,0,8,0,0,106330,0,0,0,0,0,0,26,0,0,135720,0,301,0,0,0,0,1522820,0,0,0,0
2025-08-21,木,31,0,0,160730,0,13,0,0,137600,0,2,0,0,5500,0,0,0,0,0,0,343,0,0,0,0,1454430,0,0,0,0
2025-08-22,金,20,0,0,76480,0,18,0,0,264730,0,0,0,0,0,0,17,0,0,88740,0,451,0,0,0,0,2263820,0,0,0,0
2025-08-23,土,23,0,0,110550,0,24,0,0,283510,0,0,0,0,0,0,0,0,0,0,0,610,0,0,0,0,3150630,0,0,0,0
2025-08-24,日,25,0,0,134350,0,21,0,0,264010,0,3,0,0,8250,0,0,0,0,0,0,318,0,0,0,0,1469540,0,0,0,0
2025-08-25,月,28,0,0,128960,0,9,0,0,112890,0,2,0,0,5500,0,0,0,0,0,0,225,0,0,0,0,978860,0,0,0,0
2025-08-26,火,19,0,0,78990,0,18,0,0,216000,0,0,0,0,0,0,0,0,0,0,0,192,0,0,0,0,864150,0,0,0,0
2025-08-27,水,23,0,0,99170,0,31,0,0,440820,0,0,0,0,0,0,0,0,0,0,0,136,0,0,0,0,648750,0,0,0,0
2025-08-28,木,11,0,0,63250,0,15,0,0,219500,0,4,0,0,11000,0,0,0,0,0,0,312,0,0,0,0,1463760,0,0,0,0
2025-08-29,金,14,0,0,58700,0,27,0,0,347170,0,0,0,0,0,0,0,0,0,0,0,311,0,0,0,0,1554010,0,0,0,0
2025-08-30,土,28,0,0,146410,0,24,0,0,251770,0,0,0,0,0,0,15,0,0,78300,0,364,0,0,0,0,1636990,0,0,0,0
2025-08-31,日,18,0,0,86530,0,13,0,0,129280,0,2,0,0,5500,0,0,0,0,0,0,521,0,0,0,0,2486640,0,0,0,0
2025-09-01,月,10,0,0,43890,0,1,0,0,12100,0,2,0,0,5500,0,0,0,0,0,0,86,0,0,0,0,382240,0,0,0,0
2025-09-02,火,21,0,0,84000,0,9,0,0,99580,0,0,0,0,0,0,22,0,0,114840,0,128,0,0,0,0,509150,0,0,0,0
2025-09-03,水,24,0,0,110470,0,20,0,0,266710,0,0,0,0,0,0,0,0,0,0,0,202,0,0,0,0,906210,0,0,0,0
2025-09-04,木,13,0,0,74660,0,44,0,0,529500,0,0,0,0,0,0,61,0,0,332488,0,257,0,0,0,0,1256810,0,0,0,0
2025-09-05,金,32,0,0,156160,0,16,0,0,181320,0,0,0,0,0,0,0,0,0,0,0,448,0,0,0,0,1537580,0,0,0,0
2025-09-06,土,28,0,0,121970,0,26,0,0,300020,0,3,0,0,8250,0,0,0,0,0,0,448,0,0,0,0,2104580,0,0,0,0
2025-09-07,日,25,0,0,127440,0,22,0,0,375400,0,3,0,0,11550,0,0,0,0,0,0,343,0,0,0,0,1466430,0,0,0,0
2025-09-08,月,28,0,0,108120,0,19,0,0,229520,0,0,0,0,0,0,0,0,0,0,0,253,0,0,0,0,1001890,0,0,0,0
2025-09-09,火,16,0,0,76790,0,4,0,0,43670,0,4,0,0,13310,0,23,0,0,120060,0,647,0,0,0,0,1220820,0,0,0,0
2025-09-10,水,32,0,0,128760,0,14,0,0,179180,0,2,0,0,5500,0,32,0,0,167040,0,174,0,0,0,0,860490,0,0,0,0
2025-09-11,木,29,0,0,119660,0,24,0,0,360000,0,5,0,0,13750,0,0,0,0,0,0,226,0,0,0,0,1246140,0,0,0,0
2025-09-12,金,11,0,0,34770,0,19,0,0,228670,0,4,0,0,11000,0,75,0,0,391500,0,226,0,0,0,0,1116550,0,0,0,0
2025-09-13,土,20,0,0,106490,0,20,0,0,192200,0,0,0,0,0,0,84,0,0,438480,0,210,0,0,0,0,1068600,0,0,0,0
2025-09-14,日,33,0,0,216360,0,28,0,0,326080,0,4,0,0,11000,0,0,0,0,0,0,267,0,0,0,0,1144600,0,0,0,0
2025-09-15,月,28,0,0,214380,0,22,0,0,288620,0,0,0,0,0,0,0,0,0,0,0,158,0,0,0,0,641020,0,0,0,0
2025-09-16,火,21,0,0,97130,0,22,0,0,346460,0,4,0,0,11000,0,13,0,0,67860,0,0,0,0,0,0,0,0,0,0,0
2025-09-17,水,31,0,0,148090,0,22,0,0,255180,0,0,0,0,0,0,31,0,0,161820,0,0,0,0,0,0,0,0,0,0,0
2025-09-18,木,18,0,0,63090,0,11,0,0,130000,0,2,0,0,5500,0,0,0,0,0,0,0,0,0,0,0,0,0,0,0,0
2025-09-19,金,22,0,0,110870,0,12,0,0,99460,0,3,0,0,8250,0,0,0,0,0,0,0,0,0,0,0,0,0,0,0,0
2025-09-20,土,34,0,0,168620,0,23,0,0,280830,0,2,0,0,5500,0,0,0,0,0,0,99,0,0,0,0,130500,0,0,0,0
2025-09-21,日,33,0,0,134690,0,24,0,0,287200,0,0,0,0,0,0,0,0,0,0,0,60,0,0,0,0,82650,0,0,0,0
2025-09-22,月,28,0,0,144700,0,19,0,0,305290,0,0,0,0,0,0,42,0,0,230985,0,38,0,0,0,0,54400,0,0,0,0
2025-09-23,火,23,0,0,106880,0,22,0,0,254760,0,2,0,0,5500,0,0,0,0,0,0,76,0,0,0,0,110900,0,0,0,0
2025-09-24,水,32,0,0,141530,0,2,0,0,14630,0,4,0,0,11000,0,0,0,0,0,0,44,0,0,0,0,63000,0,0,0,0
2025-09-25,木,23,0,0,124050,0,20,0,0,258840,0,2,0,0,5500,0,7,0,0,6090,0,22,0,0,0,0,26800,0,0,0,0
2025-09-26,金,17,0,0,72890,0,6,0,0,60680,0,3,0,0,8250,0,0,0,0,0,0,45,0,0,0,0,100400,0,0,0,0
2025-09-27,土,29,0,0,156450,0,15,0,0,175150,0,2,0,0,8300,0,64,0,0,334080,0,76,0,0,0,0,136300,0,0,0,0
2025-09-28,日,37,0,0,217470,0,27,0,0,357150,0,6,0,0,16500,0,0,0,0,0,0,76,0,0,0,0,94050,0,0,0,0
2025-09-29,月,15,0,0,70520,0,9,0,0,78950,0,4,0,0,11000,0,0,0,0,0,0,30,0,0,0,0,48450,0,0,0,0
2025-09-30,火,13,0,0,69960,0,22,0,0,356670,0,2,0,0,5500,0,0,0,0,0,0,30,0,0,0,0,46500,0,0,0,0
2025-10-01,水,0,0,0,0,0,0,0,0,0,0,0,0,0,0,0,0,0,0,0,0,0,0,0,0,0,0,0,0,0,0
2025-10-01,水,21,0,0,84480,0,10,0,0,113200,0,0,0,0,0,0,0,0,0,0,0,35,0,0,0,0,40150,0,0,0,0
2025-10-02,木,32,0,0,144140,0,28,0,0,358000,0,0,0,0,0,0,0,0,0,0,0,43,0,0,0,0,63800,0,0,0,0
2025-10-03,金,28,0,0,106760,0,39,0,0,536060,0,0,0,0,0,0,56,0,0,292320,0,59,0,0,0,0,88800,0,0,0,0
2025-10-04,土,37,0,0,131790,0,27,0,0,316650,0,0,0,0,0,0,62,0,0,323640,0,72,0,0,0,0,111150,0,0,0,0
2025-10-05,日,36,0,0,172740,0,43,0,0,526650,0,2,0,0,5500,0,0,0,0,0,0,65,0,0,0,0,133550,0,0,0,0
2025-10-06,月,18,0,0,88350,0,34,0,0,417820,0,1,0,0,2750,0,0,0,0,0,0,0,0,0,0,0,0,0,0,0,0
2025-10-07,火,22,0,0,89610,0,29,0,0,266390,0,2,0,0,5500,0,35,0,0,182700,0,0,0,0,0,0,0,0,0,0,0
2025-10-08,水,29,0,0,172560,0,27,0,0,298310,0,0,0,0,0,0,0,0,0,0,0,0,0,0,0,0,0,0,0,0,0
2025-10-09,木,19,0,0,87240,0,21,0,0,247670,0,9,0,0,4950,0,0,0,0,0,0,0,0,0,0,0,0,0,0,0,0
2025-10-10,金,29,0,0,152910,0,31,0,0,299950,0,0,0,0,0,0,25,0,0,163995,0,0,0,0,0,0,0,0,0,0,0
2025-10-11,土,34,0,0,168920,0,26,0,0,238100,0,2,0,0,5500,0,80,0,0,313200,0,0,0,0,0,0,0,0,0,0,0
2025-10-12,日,34,0,0,245050,0,29,0,0,354980,0,0,0,0,0,0,0,0,0,0,0,0,0,0,0,0,0,0,0,0,0
2025-10-13,月,34,0,0,190280,0,21,0,0,272100,0,0,0,0,0,0,0,0,0,0,0,0,0,0,0,0,0,0,0,0,0
2025-10-14,火,25,0,0,92480,0,16,0,0,242350,0,0,0,0,0,0,0,0,0,0,0,0,0,0,0,0,0,0,0,0,0
2025-10-15,水,25,0,0,103630,0,13,0,0,235610,0,2,0,0,5500,0,0,0,0,0,0,0,0,0,0,0,0,0,0,0,0
2025-10-16,木,32,0,0,142860,0,14,0,0,149660,0,0,0,0,0,0,0,0,0,0,0,0,0,0,0,0,0,0,0,0,0
2025-10-17,金,36,0,0,159470,0,9,0,0,112650,0,0,0,0,0,0,0,0,0,0,0,0,0,0,0,0,0,0,0,0,0
2025-10-18,土,38,0,0,196600,0,29,0,0,357930,0,2,0,0,5500,0,0,0,0,0,0,0,0,0,0,0,0,0,0,0,0
2025-10-19,日,39,0,0,211720,0,36,0,0,382430,0,0,0,0,0,0,0,0,0,0,0,0,0,0,0,0,0,0,0,0,0
2025-10-20,月,21,0,0,103130,0,16,0,0,205880,0,0,0,0,0,0,0,0,0,0,0,0,0,0,0,0,0,0,0,0,0
2025-10-21,火,25,0,0,140670,0,22,0,0,246140,0,2,0,0,5500,0,33,0,0,129195,0,0,0,0,0,0,0,0,0,0,0
2025-10-22,水,24,0,0,122550,0,29,0,0,508820,0,0,0,0,0,0,0,0,0,0,0,0,0,0,0,0,0,0,0,0,0
2025-10-23,木,22,0,0,92410,0,28,0,0,294310,0,0,0,0,0,0,0,0,0,0,0,0,0,0,0,0,0,0,0,0,0
2025-10-24,金,6,0,0,24870,0,50,0,0,500000,0,0,0,0,0,0,89,0,0,549840,0,0,0,0,0,0,0,0,0,0,0
2025-10-25,土,27,0,0,157780,0,38,0,0,386570,0,6,0,0,16500,0,0,0,0,0,0,0,0,0,0,0,0,0,0,0,0
2025-10-26,日,33,0,0,196880,0,27,0,0,319440,0,4,0,0,14300,0,0,0,0,0,0,0,0,0,0,0,0,0,0,0,0
2025-10-27,月,27,0,0,149040,0,28,0,0,351840,0,0,0,0,0,0,0,0,0,0,0,0,0,0,0,0,0,0,0,0,0
2025-10-28,火,23,0,0,99350,0,33,0,0,303610,0,0,0,0,0,0,18,0,0,93960,0,0,0,0,0,0,0,0,0,0,0
2025-10-29,水,31,0,0,144560,0,24,0,0,271300,0,0,0,0,0,0,0,0,0,0,0,0,0,0,0,0,0,0,0,0,0
2025-10-30,木,20,0,0,100460,0,8,0,0,84060,0,1,0,0,2750,0,15,0,0,78300,0,0,0,0,0,0,0,0,0,0,0
2025-10-31,金,31,0,0,161390,0,31,0,0,360870,0,2,0,0,5500,0,25,0,0,174000,0,0,0,0,0,0,0,0,0,0,0
2025-11-01,土,26,0,0,164220,0,37,0,0,383060,0,3,0,0,8250,0,0,0,0,0,0,0,0,0,0,0,0,0,0,0,0
2025-11-02,日,36,0,0,182370,0,33,0,0,350680,0,3,0,0,8250,0,0,0,0,0,0,0,0,0,0,0,0,0,0,0,0
2025-11-03,月,35,0,0,190000,0,30,0,0,298990,0,1,0,0,2750,0,0,0,0,0,0,0,0,0,0,0,0,0,0,0,0
2025-11-04,火,30,0,0,148810,0,31,0,0,298860,0,0,0,0,0,0,0,0,0,0,0,0,0,0,0,0,0,0,0,0,0
2025-11-05,水,25,0,0,128230,0,27,0,0,272240,0,2,0,0,5500,0,26,0,0,112856,0,0,0,0,0,0,0,0,0,0,0
2025-11-06,木,25,0,0,124520,0,13,0,0,169390,0,4,0,0,14300,0,0,0,0,0,0,0,0,0,0,0,0,0,0,0,0
2025-11-07,金,29,0,0,132020,0,30,0,0,324610,0,0,0,0,0,0,18,0,0,93960,0,0,0,0,0,0,0,0,0,0,0
2025-11-08,土,34,0,0,202990,0,38,0,0,346970,0,4,0,0,11000,0,18,0,0,93960,0,0,0,0,0,0,0,0,0,0,0
2025-11-09,日,36,0,0,232540,0,31,0,0,319940,0,0,0,0,0,0,0,0,0,0,0,0,0,0,0,0,0,0,0,0,0
2025-11-10,月,31,0,0,149040,0,23,0,0,212290,0,4,0,0,11000,0,0,0,0,0,0,0,0,0,0,0,0,0,0,0,0
2025-11-11,火,25,0,0,132910,0,32,0,0,344410,0,0,0,0,0,0,21,0,0,54810,0,0,0,0,0,0,0,0,0,0,0
2025-11-12,水,0,0,0,0,0,0,0,0,0,0,0,0,0,0,0,0,0,0,0,0,0,0,0,0,0,0,0,0,0,0
2025-11-13,木,28,0,0,157650,0,30,0,0,350860,0,4,0,0,11000,0,0,0,0,0,0,0,0,0,0,0,0,0,0,0,0
2025-11-14,金,31,0,0,145180,0,36,0,0,317810,0,4,0,0,11000,0,0,0,0,0,0,0,0,0,0,0,0,0,0,0,0
2025-11-15,土,41,0,0,208630,0,27,0,0,390000,0,2,0,0,5500,0,0,0,0,0,0,0,0,0,0,0,0,0,0,0,0
2025-11-16,日,39,0,0,213120,0,20,0,0,253260,0,3,0,0,8250,0,0,0,0,0,0,0,0,0,0,0,0,0,0,0,0
2025-11-17,月,27,0,0,125280,0,13,0,0,147810,0,0,0,0,0,0,0,0,0,0,0,0,0,0,0,0,0,0,0,0,0
2025-11-18,火,29,0,0,119300,0,13,0,0,119060,0,0,0,0,0,0,19,0,0,132240,0,0,0,0,0,0,0,0,0,0,0
2025-11-19,水,31,0,0,150710,0,17,0,0,271760,0,2,0,0,5500,0,0,0,0,0,0,0,0,0,0,0,0,0,0,0,0
2025-11-20,木,18,0,0,94390,0,23,0,0,244781,0,0,0,0,0,0,0,0,0,0,0,0,0,0,0,0,0,0,0,0,0
2025-11-21,金,19,0,0,88230,0,33,0,0,403560,0,0,0,0,0,0,0,0,0,0,0,0,0,0,0,0,0,0,0,0,0
2025-11-22,土,33,0,0,175260,0,30,0,0,410060,0,2,0,0,5500,0,22,0,0,114840,0,0,0,0,0,0,0,0,0,0,0
2025-11-23,日,29,0,0,144540,0,32,0,0,388300,0,2,0,0,5500,0,14,0,0,73080,0,0,0,0,0,0,0,0,0,0,0
2025-11-24,月,35,0,0,187380,0,25,0,0,291040,0,6,0,0,16500,0,0,0,0,0,0,0,0,0,0,0,0,0,0,0,0
2025-11-25,火,33,0,0,137670,0,21,0,0,282740,0,4,0,0,11000,0,0,0,0,0,0,0,0,0,0,0,0,0,0,0,0
2025-11-26,水,32,0,0,212800,0,20,0,0,232150,0,0,0,0,0,0,55,0,0,287100,0,0,0,0,0,0,0,0,0,0,0
2025-11-27,木,21,0,0,102190,0,23,0,0,310650,0,4,0,0,11000,0,0,0,0,0,0,0,0,0,0,0,0,0,0,0,0
2025-11-28,金,33,0,0,152910,0,28,0,0,290790,0,0,0,0,0,0,0,0,0,0,0,0,0,0,0,0,0,0,0,0,0
2025-11-29,土,32,0,0,196160,0,28,0,0,351540,0,4,0,0,11000,0,0,0,0,0,0,0,0,0,0,0,0,0,0,0,0
2025-11-30,日,28,0,0,137540,0,24,0,0,310020,0,0,0,0,0,0,0,0,0,0,0,0,0,0,0,0,0,0,0,0,0
2025-12-01,月,0,0,0,0,0,0,0,0,0,0,0,0,0,0,0,0,0,0,0,0,0,0,0,0,0,0,0,0,0,0
2025-12-01,月,25,0,0,102340,0,17,0,0,185990,0,0,0,0,0,0,0,0,0,0,0,0,0,0,0,0,0,0,0,0,0
2025-12-02,火,37,0,0,156440,0,14,0,0,186000,0,0,0,0,0,0,23,0,0,120060,0,0,0,0,0,0,0,0,0,0,0
2025-12-03,水,34,0,0,171940,0,19,0,0,215390,0,2,0,0,5500,0,0,0,0,0,0,0,0,0,0,0,0,0,0,0,0
2025-12-04,木,24,0,0,104680,0,40,0,0,520000,0,0,0,0,0,0,0,0,0,0,0,0,0,0,0,0,0,0,0,0,0
2025-12-05,金,27,0,0,133080,0,29,0,0,330800,0,2,0,0,5500,0,55,0,0,287100,0,0,0,0,0,0,0,0,0,0,0
2025-12-06,土,33,0,0,212650,0,37,0,0,432190,0,2,0,0,5500,0,28,0,0,146160,0,0,0,0,0,0,0,0,0,0,0
2025-12-07,日,29,0,0,148690,0,29,0,0,330950,0,0,0,0,0,0,0,0,0,0,0,0,0,0,0,0,0,0,0,0,0
2025-12-08,月,31,0,0,157210,0,19,0,0,259580,0,0,0,0,0,0,20,0,0,139200,0,0,0,0,0,0,0,0,0,0,0
2025-12-09,火,28,0,0,108460,0,46,0,0,670000,0,1,0,0,2750,0,42,0,0,219240,0,0,0,0,0,0,0,0,0,0,0
2025-12-10,水,28,0,0,125650,0,25,0,0,240430,0,1,0,0,2750,0,90,0,0,457098,0,0,0,0,0,0,0,0,0,0,0
2025-12-11,木,33,0,0,165230,0,25,0,0,278370,0,0,0,0,0,0,0,0,0,0,0,0,0,0,0,0,0,0,0,0,0
2025-12-12,金,25,0,0,145910,0,46,0,0,546000,0,2,0,0,5500,0,77,0,0,355830,0,0,0,0,0,0,0,0,0,0,0
2025-12-13,土,42,0,0,178430,0,35,0,0,422550,0,2,0,0,5500,0,21,0,0,109620,0,0,0,0,0,0,0,0,0,0,0
2025-12-14,日,31,0,0,175680,0,42,0,0,569870,0,4,0,0,11000,0,0,0,0,0,0,0,0,0,0,0,0,0,0,0,0
2025-12-15,月,36,0,0,209560,0,28,0,0,349070,0,4,0,0,11000,0,21,0,0,109620,0,0,0,0,0,0,0,0,0,0,0
2025-12-16,火,32,0,0,138250,0,53,0,0,636000,0,0,0,0,0,0,0,0,0,0,0,0,0,0,0,0,0,0,0,0,0
2025-12-17,水,31,0,0,155170,0,32,0,0,361040,0,4,0,0,11000,0,82,0,0,428040,0,0,0,0,0,0,0,0,0,0,0
2025-12-18,木,31,0,0,135750,0,29,0,0,344100,0,3,0,0,8250,0,0,0,0,0,0,0,0,0,0,0,0,0,0,0,0
2025-12-19,金,32,0,0,139810,0,35,0,0,416430,0,0,0,0,0,0,71,0,0,370620,0,0,0,0,0,0,0,0,0,0,0
2025-12-20,土,32,0,0,192000,0,39,0,0,789350,0,6,0,0,16500,0,0,0,0,0,0,0,0,0,0,0,0,0,0,0,0
2025-12-21,日,35,0,0,203500,0,30,0,0,620340,0,5,0,0,13750,0,0,0,0,0,0,0,0,0,0,0,0,0,0,0,0
2025-12-22,月,31,0,0,150780,0,28,0,0,592380,0,4,0,0,14300,0,79,0,0,518224,0,0,0,0,0,0,0,0,0,0,0
2025-12-23,火,29,0,0,170280,0,26,0,0,542190,0,2,0,0,5500,0,29,0,0,151380,0,0,0,0,0,0,0,0,0,0,0
2025-12-24,水,37,0,0,198000,0,36,0,0,711950,0,6,0,0,16500,0,0,0,0,0,0,0,0,0,0,0,0,0,0,0,0
2025-12-25,木,42,0,0,231650,0,34,0,0,684190,0,6,0,0,16500,0,0,0,0,0,0,0,0,0,0,0,0,0,0,0,0
2025-12-26,金,37,0,0,176440,0,31,0,0,428210,0,4,0,0,11000,0,0,0,0,0,0,0,0,0,0,0,0,0,0,0,0
2025-12-27,土,32,0,0,181740,0,30,0,0,458940,0,6,0,0,21450,0,0,0,0,0,0,0,0,0,0,0,0,0,0,0,0
2025-12-28,日,34,0,0,218040,0,28,0,0,393460,0,6,0,0,16500,0,0,0,0,0,0,0,0,0,0,0,0,0,0,0,0
2025-12-29,月,41,0,0,241530,0,36,0,0,399560,0,6,0,0,16500,0,0,0,0,0,0,0,0,0,0,0,0,0,0,0,0
2025-12-30,火,40,0,0,232250,0,35,0,0,431840,0,6,0,0,16500,0,0,0,0,0,0,0,0,0,0,0,0,0,0,0,0
2025-12-31,水,35,0,0,209180,0,39,0,0,450240,0,0,0,0,0,0,0,0,0,0,0,0,0,0,0,0,0,0,0,0,0
2026-01-01,木,0,0,0,0,0,0,0,0,0,0,0,0,0,0,0,0,0,0,0,0,0,0,0,0,0,0,0,0,0,0
2026-01-02,金,41,0,0,191060,0,37,0,0,442070,0,0,0,0,0,0,0,0,0,0,0,0,0,0,0,0,0,0,0,0,0
2026-01-03,土,44,0,0,186580,0,36,0,0,391920,0,0,0,0,0,0,0,0,0,0,0,0,0,0,0,0,0,0,0,0,0
2026-01-04,日,44,0,0,192030,0,21,0,0,215960,0,0,0,0,0,0,0,0,0,0,0,0,0,0,0,0,0,0,0,0,0
2026-01-05,月,27,0,0,141460,0,2,0,0,22400,0,0,0,0,0,0,0,0,0,0,0,0,0,0,0,0,0,0,0,0,0
2026-01-06,火,21,0,0,97240,0,6,0,0,67020,0,0,0,0,0,0,0,0,0,0,0,0,0,0,0,0,0,0,0,0,0
2026-01-07,水,33,0,0,149940,0,11,0,0,122350,0,0,0,0,0,0,0,0,0,0,0,0,0,0,0,0,0,0,0,0,0
2026-01-08,木,22,0,0,104070,0,14,0,0,144000,0,0,0,0,0,0,0,0,0,0,0,0,0,0,0,0,0,0,0,0,0
2026-01-09,金,37,0,0,196770,0,11,0,0,114000,0,0,0,0,0,0,0,0,0,0,0,0,0,0,0,0,0,0,0,0,0
2026-01-10,土,17,0,0,63850,0,26,0,0,345770,0,0,0,0,0,0,0,0,0,0,0,0,0,0,0,0,0,0,0,0,0
2026-01-11,日,17,0,0,98020,0,31,0,0,355330,0,0,0,0,0,0,0,0,0,0,0,0,0,0,0,0,0,0,0,0,0
2026-01-12,月,26,0,0,133190,0,18,0,0,207510,0,3,0,0,11550,0,0,0,0,0,0,0,0,0,0,0,0,0,0,0,0
2026-01-13,火,15,0,0,50930,0,7,0,0,87270,0,0,0,0,0,0,53,0,0,187920,0,0,0,0,0,0,0,0,0,0,0
2026-01-14,水,19,0,0,92830,0,9,0,0,90590,0,0,0,0,0,0,0,0,0,0,0,0,0,0,0,0,0,0,0,0,0
2026-01-15,木,27,0,0,134740,0,40,0,0,391600,0,0,0,0,0,0,63,0,0,403680,0,0,0,0,0,0,0,0,0,0,0
2026-01-16,金,13,0,0,58950,0,25,0,0,412500,0,0,0,0,0,0,0,0,0,0,0,0,0,0,0,0,0,0,0,0,0
2026-01-17,土,30,0,0,146520,0,23,0,0,292440,0,0,0,0,0,0,0,0,0,0,0,0,0,0,0,0,0,0,0,0,0
2026-01-18,日,27,0,0,125990,0,23,0,0,220860,0,0,0,0,0,0,0,0,0,0,0,0,0,0,0,0,0,0,0,0,0
2026-01-19,月,32,0,0,152940,0,4,0,0,58960,0,0,0,0,0,0,0,0,0,0,0,0,0,0,0,0,0,0,0,0,0
2026-01-20,火,25,0,0,104060,0,24,0,0,264350,0,4,0,0,3690,0,63,0,0,328860,0,0,0,0,0,0,0,0,0,0,0
2026-01-21,水,25,0,0,103460,0,18,0,0,251860,0,0,0,0,0,0,14,0,0,73080,0,0,0,0,0,0,0,0,0,0,0
2026-01-22,木,26,0,0,107480,0,2,0,0,33000,0,1,0,0,2080,0,30,0,0,208800,0,0,0,0,0,0,0,0,0,0,0
2026-01-23,金,27,0,0,107970,0,33,0,0,333090,0,2,0,0,2200,0,0,0,0,0,0,0,0,0,0,0,0,0,0,0,0
2026-01-24,土,37,0,0,230270,0,29,0,0,342370,0,0,0,0,0,0,0,0,0,0,0,0,0,0,0,0,0,0,0,0,0
2026-01-25,日,40,0,0,248540,0,17,0,0,187570,0,0,0,0,0,0,0,0,0,0,0,0,0,0,0,0,0,0,0,0,0
2026-01-26,月,21,0,0,98080,0,27,0,0,349410,0,0,0,0,0,0,20,0,0,113100,0,0,0,0,0,0,0,0,0,0,0
2026-01-27,火,23,0,0,118880,0,16,0,0,212280,0,0,0,0,0,0,0,0,0,0,0,0,0,0,0,0,0,0,0,0,0
2026-01-28,水,24,0,0,105710,0,10,0,0,108270,0,2,0,0,1360,0,17,0,0,86200,0,0,0,0,0,0,0,0,0,0,0
2026-01-29,木,20,0,0,100800,0,14,0,0,130800,0,0,0,0,0,0,21,0,0,109620,0,0,0,0,0,0,0,0,0,0,0
2026-01-30,金,31,0,0,136840,0,15,0,0,185340,0,0,0,0,0,0,64,0,0,361920,0,0,0,0,0,0,0,0,0,0,0
2026-01-31,土,37,0,0,169730,0,22,0,0,243300,0,0,0,0,0,0,80,0,0,417600,0,0,0,0,0,0,0,0,0,0,0
2026-02-01,日,35,0,0,187510,0,29,0,0,354760,0,0,0,0,0,0,0,0,0,0,0,0,0,0,0,0,0,0,0,0,0
2026-02-02,月,26,0,0,126580,0,12,0,0,131560,0,0,0,0,0,0,16,0,0,111360,0,0,0,0,0,0,0,0,0,0,0
2026-02-03,火,30,0,0,145770,0,24,0,0,210700,0,0,0,0,0,0,0,0,0,0,0,0,0,0,0,0,0,0,0,0,0
2026-02-04,水,36,0,0,164960,0,31,0,0,394950,0,0,0,0,0,0,0,0,0,0,0,0,0,0,0,0,0,0,0,0,0
2026-02-05,木,30,0,0,138880,0,31,0,0,430750,0,0,0,0,0,0,21,0,0,10059,0,0,0,0,0,0,0,0,0,0,0
2026-02-06,金,27,0,0,150260,0,34,0,0,406260,0,0,0,0,0,0,11,0,0,5269,0,0,0,0,0,0,0,0,0,0,0
2026-02-07,土,32,0,0,186250,0,31,0,0,419780,0,0,0,0,0,0,6,0,0,2874,0,0,0,0,0,0,0,0,0,0,0
2026-02-08,日,37,0,0,251780,0,37,0,0,486780,0,0,0,0,0,0,6,0,0,2874,0,0,0,0,0,0,0,0,0,0,0
2026-02-09,月,36,0,0,215010,0,30,0,0,399500,0,0,0,0,0,0,0,0,0,0,0,0,0,0,0,0,0,0,0,0,0
2026-02-10,火,25,0,0,141920,0,33,0,0,393850,0,0,0,0,0,0,0,0,0,0,0,0,0,0,0,0,0,0,0,0,0
2026-02-11,水,0,0,0,0,0,0,0,0,0,0,0,0,0,0,0,0,0,0,0,0,0,0,0,0,0,0,0,0,0,0
2026-02-12,木,0,0,0,0,0,0,0,0,0,0,0,0,0,0,0,0,0,0,0,0,0,0,0,0,0,0,0,0,0,0
2026-02-13,金,0,0,0,0,0,0,0,0,0,0,0,0,0,0,0,0,0,0,0,0,0,0,0,0,0,0,0,0,0,0
2026-02-14,土,0,0,0,0,0,0,0,0,0,0,0,0,0,0,0,0,0,0,0,0,0,0,0,0,0,0,0,0,0,0
2026-02-15,日,0,0,0,0,0,0,0,0,0,0,0,0,0,0,0,0,0,0,0,0,0,0,0,0,0,0,0,0,0,0
2026-02-16,月,0,0,0,0,0,0,0,0,0,0,0,0,0,0,0,0,0,0,0,0,0,0,0,0,0,0,0,0,0,0
2026-02-17,火,0,0,0,0,0,0,0,0,0,0,0,0,0,0,0,0,0,0,0,0,0,0,0,0,0,0,0,0,0,0
2026-02-18,水,0,0,0,0,0,0,0,0,0,0,0,0,0,0,0,0,0,0,0,0,0,0,0,0,0,0,0,0,0,0
2026-02-19,木,0,0,0,0,0,0,0,0,0,0,0,0,0,0,0,0,0,0,0,0,0,0,0,0,0,0,0,0,0,0
2026-02-20,金,0,0,0,0,0,0,0,0,0,0,0,0,0,0,0,0,0,0,0,0,0,0,0,0,0,0,0,0,0,0
2026-02-21,土,0,0,0,0,0,0,0,0,0,0,0,0,0,0,0,0,0,0,0,0,0,0,0,0,0,0,0,0,0,0
2026-02-22,日,0,0,0,0,0,0,0,0,0,0,0,0,0,0,0,0,0,0,0,0,0,0,0,0,0,0,0,0,0,0
2026-02-23,月,0,0,0,0,0,0,0,0,0,0,0,0,0,0,0,0,0,0,0,0,0,0,0,0,0,0,0,0,0,0
2026-02-24,火,0,0,0,0,0,0,0,0,0,0,0,0,0,0,0,0,0,0,0,0,0,0,0,0,0,0,0,0,0,0
2026-02-25,水,0,0,0,0,0,0,0,0,0,0,0,0,0,0,0,0,0,0,0,0,0,0,0,0,0,0,0,0,0,0
2026-02-26,木,0,0,0,0,0,0,0,0,0,0,0,0,0,0,0,0,0,0,0,0,0,0,0,0,0,0,0,0,0,0
2026-02-27,金,0,0,0,0,0,0,0,0,0,0,0,0,0,0,0,0,0,0,0,0,0,0,0,0,0,0,0,0,0,0
2026-02-28,土,0,0,0,0,0,0,0,0,0,0,0,0,0,0,0,0,0,0,0,0,0,0,0,0,0,0,0,0,0,0
