date,weekday,l_count,l_food,l_drink,l_total,l_avg,d_count,d_food,d_drink,d_total,d_avg,to_count,to_food,to_drink,to_total,to_avg,bq_count,bq_food,bq_drink,bq_total,bq_avg,bg_count,bg_food,bg_drink,bg_total,bg_avg,seat_fee,lock_fee,flower,morris_curry,grand_total
2023-04-01,土,0,0,0,0,0,0,0,0,0,0,0,0,0,0,0,0,0,0,0,0,0,0,0,0,0,,,,,0
2023-04-02,日,0,0,0,0,0,0,0,0,0,0,0,0,0,0,0,0,0,0,0,0,0,0,0,0,0,,,,,0
2023-04-03,月,0,0,0,0,0,0,0,0,0,0,0,0,0,0,0,0,0,0,0,0,0,0,0,0,0,,,,,0
2023-04-04,火,0,0,0,0,0,0,0,0,0,0,0,0,0,0,0,0,0,0,0,0,0,0,0,0,0,,,,,0
2023-04-05,水,0,0,0,0,0,0,0,0,0,0,0,0,0,0,0,0,0,0,0,0,0,0,0,0,0,,,,,0
2023-04-06,木,0,0,0,0,0,0,0,0,0,0,0,0,0,0,0,0,0,0,0,0,0,0,0,0,0,,,,,0
2023-04-07,金,0,0,0,0,0,0,0,0,0,0,0,0,0,0,0,0,0,0,0,0,0,0,0,0,0,,,,,0
2023-04-08,土,0,0,0,0,0,0,0,0,0,0,0,0,0,0,0,0,0,0,0,0,0,0,0,0,0,,,,,0
2023-04-09,日,0,0,0,0,0,0,0,0,0,0,0,0,0,0,0,0,0,0,0,0,0,0,0,0,0,,,,,0
2023-04-10,月,0,0,0,0,0,0,0,0,0,0,0,0,0,0,0,0,0,0,0,0,0,0,0,0,0,,,,,0
2023-04-11,火,0,0,0,0,0,0,0,0,0,0,0,0,0,0,0,0,0,0,0,0,0,0,0,0,0,,,,,0
2023-04-12,水,0,0,0,0,0,0,0,0,0,0,0,0,0,0,0,0,0,0,0,0,0,0,0,0,0,,,,,0
2023-04-13,木,0,0,0,0,0,0,0,0,0,0,0,0,0,0,0,0,0,0,0,0,0,0,0,0,0,,,,,0
2023-04-14,金,0,0,0,0,0,0,0,0,0,0,0,0,0,0,0,0,0,0,0,0,0,0,0,0,0,,,,,0
2023-04-15,土,0,0,0,0,0,0,0,0,0,0,0,0,0,0,0,0,0,0,0,0,0,0,0,0,0,,,,,0
2023-04-16,日,0,0,0,0,0,0,0,0,0,0,0,0,0,0,0,0,0,0,0,0,0,0,0,0,0,,,,,0
2023-04-17,月,0,0,0,0,0,0,0,0,0,0,0,0,0,0,0,0,0,0,0,0,0,0,0,0,0,,,,,0
2023-04-18,火,0,0,0,0,0,0,0,0,0,0,0,0,0,0,0,0,0,0,0,0,0,0,0,0,0,,,,,0
2023-04-19,水,0,0,0,0,0,0,0,0,0,0,0,0,0,0,0,0,0,0,0,0,0,0,0,0,0,,,,,0
2023-04-20,木,0,0,0,0,0,0,0,0,0,0,0,0,0,0,0,0,0,0,0,0,0,0,0,0,0,,,,,0
2023-04-21,金,0,0,0,0,0,0,0,0,0,0,0,0,0,0,0,0,0,0,0,0,0,0,0,0,0,,,,,0
2023-04-22,土,0,0,0,0,0,0,0,0,0,0,0,0,0,0,0,0,0,0,0,0,0,0,0,0,0,,,,,0
2023-04-23,日,0,0,0,0,0,0,0,0,0,0,0,0,0,0,0,0,0,0,0,0,0,0,0,0,0,,,,,0
2023-04-24,月,0,0,0,0,0,0,0,0,0,0,0,0,0,0,0,0,0,0,0,0,0,0,0,0,0,,,,,0
2023-04-25,火,0,0,0,0,0,0,0,0,0,0,0,0,0,0,0,0,0,0,0,0,0,0,0,0,0,,,,,0
2023-04-26,水,0,0,0,0,0,0,0,0,0,0,0,0,0,0,0,0,0,0,0,0,0,0,0,0,0,,,,,0
2023-04-27,木,0,0,0,0,0,18,0,0,196090,0,51,0,0,37850,0,0,0,0,0,0,0,0,0,0,0,,,,,0
2023-04-28,金,0,0,0,0,0,29,0,0,334640,0,103,0,0,92500,0,0,0,0,0,0,0,0,0,0,0,,,,,0
2023-04-29,土,22,0,0,52450,0,42,0,0,489300,0,122,0,0,114750,0,0,0,0,0,0,0,0,0,0,0,,,,,0
2023-04-30,日,29,0,0,91950,0,32,0,0,341730,0,147,0,0,130400,0,0,0,0,0,0,0,0,0,0,0,,,,,0
2023-05-01,月,25,0,0,69450,0,29,0,0,293460,0,110,0,0,89500,0,0,0,0,0,0,0,0,0,0,0,,,,,0
2023-05-02,火,23,0,0,73250,0,41,0,0,428860,0,159,0,0,134900,0,0,0,0,0,0,0,0,0,0,0,,,,,0
2023-05-03,水,40,0,0,162340,0,35,0,0,353290,0,250,0,0,237550,0,0,0,0,0,0,0,0,0,0,0,,,,,0
2023-05-04,木,30,0,0,113420,0,39,0,0,428300,0,277,0,0,277950,0,0,0,0,0,0,0,0,0,0,0,,,,,0
2023-05-05,金,24,0,0,112500,0,40,0,0,368440,0,244,0,0,231700,0,0,0,0,0,0,0,0,0,0,0,,,,,0
2023-05-06,土,12,0,0,57130,0,20,0,0,265370,0,76,0,0,68700,0,0,0,0,0,0,0,0,0,0,0,,,,,0
2023-05-07,日,17,0,0,49890,0,27,0,0,344820,0,182,0,0,155500,0,0,0,0,0,0,0,0,0,0,0,,,,,0
2023-05-08,月,0,0,0,0,0,30,0,0,303840,0,71,0,0,56150,0,0,0,0,0,0,0,0,0,0,0,,,,,0
2023-05-09,火,0,0,0,0,0,26,0,0,260010,0,66,0,0,58600,0,0,0,0,0,0,0,0,0,0,0,,,,,0
2023-05-10,水,17,0,0,263940,0,32,0,0,357230,0,86,0,0,69900,0,0,0,0,0,0,0,0,0,0,0,,,,,0
2023-05-11,木,0,0,0,0,0,21,0,0,243950,0,83,0,0,72050,0,0,0,0,0,0,0,0,0,0,0,,,,,0
2023-05-12,金,0,0,0,0,0,42,0,0,460640,0,73,0,0,58650,0,0,0,0,0,0,0,0,0,0,0,,,,,0
2023-05-13,土,26,0,0,111140,0,43,0,0,444230,0,142,0,0,109800,0,0,0,0,0,0,0,0,0,0,0,,,,,0
2023-05-14,日,22,0,0,89300,0,26,0,0,237200,0,174,0,0,158750,0,0,0,0,0,0,0,0,0,0,0,,,,,0
2023-05-15,月,0,0,0,0,0,22,0,0,241900,0,15,0,0,13500,0,0,0,0,0,0,0,0,0,0,0,,,,,0
2023-05-16,火,0,0,0,0,0,38,0,0,399180,0,82,0,0,69900,0,0,0,0,0,0,0,0,0,0,0,,,,,0
2023-05-17,水,0,0,0,0,0,37,0,0,408850,0,60,0,0,54200,0,0,0,0,0,0,0,0,0,0,0,,,,,0
2023-05-18,木,0,0,0,0,0,22,0,0,273250,0,63,0,0,53400,0,0,0,0,0,0,0,0,0,0,0,,,,,0
2023-05-19,金,0,0,0,0,0,40,0,0,434910,0,81,0,0,77000,0,0,0,0,0,0,0,0,0,0,0,,,,,0
2023-05-20,土,22,0,0,100670,0,37,0,0,351750,0,169,0,0,137300,0,0,0,0,0,0,0,0,0,0,0,,,,,0
2023-05-21,日,7,0,0,29200,0,28,0,0,307900,0,47,0,0,36000,0,0,0,0,0,0,0,0,0,0,0,,,,,0
2023-05-22,月,0,0,0,0,0,21,0,0,238120,0,43,0,0,35950,0,0,0,0,0,0,0,0,0,0,0,,,,,0
2023-05-23,火,28,0,0,109540,0,40,0,0,411180,0,89,0,0,74350,0,0,0,0,0,0,0,0,0,0,0,,,,,0
2023-05-24,水,0,0,0,0,0,30,0,0,202510,0,75,0,0,73200,0,0,0,0,0,0,0,0,0,0,0,,,,,0
2023-05-25,木,0,0,0,0,0,25,0,0,296080,0,102,0,0,99450,0,0,0,0,0,0,0,0,0,0,0,,,,,0
2023-05-26,金,28,0,0,113540,0,27,0,0,290350,0,72,0,0,66250,0,0,0,0,0,0,0,0,0,0,0,,,,,0
2023-05-27,土,22,0,0,90410,0,32,0,0,314150,0,209,0,0,204300,0,0,0,0,0,0,0,0,0,0,0,,,,,0
2023-05-28,日,30,0,0,116520,0,25,0,0,266870,0,85,0,0,127300,0,0,0,0,0,0,0,0,0,0,0,,,,,0
2023-05-29,月,0,0,0,0,0,33,0,0,384900,0,69,0,0,70750,0,0,0,0,0,0,0,0,0,0,0,,,,,0
2023-05-30,火,0,0,0,0,0,28,0,0,343200,0,65,0,0,49750,0,0,0,0,0,0,0,0,0,0,0,,,,,0
2023-05-31,水,0,0,0,0,0,30,0,0,394000,0,124,0,0,124900,0,0,0,0,0,0,0,0,0,0,0,,,,,0
2023-06-01,木,0,0,0,0,0,37,0,0,355380,0,92,0,0,96750,0,0,0,0,0,0,0,0,0,0,0,,,,,0
2023-06-02,金,0,0,0,0,0,29,0,0,328780,0,42,0,0,40250,0,0,0,0,0,0,0,0,0,0,0,,,,,0
2023-06-03,土,20,0,0,103160,0,39,0,0,397710,0,35,0,0,34500,0,0,0,0,0,0,0,0,0,0,0,,,,,0
2023-06-04,日,23,0,0,75730,0,38,0,0,345440,0,78,0,0,71050,0,0,0,0,0,0,0,0,0,0,0,,,,,0
2023-06-05,月,0,0,0,0,0,29,0,0,294900,0,71,0,0,65400,0,0,0,0,0,0,0,0,0,0,0,,,,,0
2023-06-06,火,12,0,0,60340,0,25,0,0,287410,0,67,0,0,56500,0,0,0,0,0,0,0,0,0,0,0,,,,,0
2023-06-07,水,0,0,0,0,0,23,0,0,250270,0,22,0,0,15350,0,0,0,0,0,0,0,0,0,0,0,,,,,0
2023-06-08,木,0,0,0,0,0,28,0,0,313510,0,98,0,0,85550,0,0,0,0,0,0,0,0,0,0,0,,,,,0
2023-06-09,金,0,0,0,0,0,22,0,0,241190,0,1,0,0,550,0,0,0,0,0,0,0,0,0,0,0,,,,,0
2023-06-10,土,24,0,0,87980,0,35,0,0,349130,0,92,0,0,78250,0,0,0,0,0,0,0,0,0,0,0,,,,,0
2023-06-11,日,27,0,0,107170,0,36,0,0,344720,0,165,0,0,143700,0,0,0,0,0,0,0,0,0,0,0,,,,,0
2023-06-12,月,0,0,0,0,0,25,0,0,279930,0,107,0,0,88350,0,0,0,0,0,0,0,0,0,0,0,,,,,0
2023-06-13,火,0,0,0,0,0,30,0,0,378620,0,17,0,0,16500,0,0,0,0,0,0,0,0,0,0,0,,,,,0
2023-06-14,水,0,0,0,0,0,36,0,0,435310,0,42,0,0,34600,0,0,0,0,0,0,0,0,0,0,0,,,,,0
2023-06-15,木,0,0,0,0,0,34,0,0,400610,0,31,0,0,38000,0,0,0,0,0,0,0,0,0,0,0,,,,,0
2023-06-16,金,0,0,0,0,0,29,0,0,320020,0,112,0,0,89550,0,0,0,0,0,0,0,0,0,0,0,,,,,0
2023-06-17,土,29,0,0,105750,0,37,0,0,394490,0,121,0,0,104550,0,0,0,0,0,0,0,0,0,0,0,,,,,0
2023-06-18,日,29,0,0,128410,0,25,0,0,274600,0,79,0,0,69450,0,0,0,0,0,0,0,0,0,0,0,,,,,0
2023-06-19,月,0,0,0,0,0,29,0,0,265240,0,66,0,0,58550,0,0,0,0,0,0,0,0,0,0,0,,,,,0
2023-06-20,火,33,0,0,132000,0,28,0,0,296650,0,92,0,0,74700,0,0,0,0,0,0,0,0,0,0,0,,,,,0
2023-06-21,水,0,0,0,0,0,35,0,0,438240,0,82,0,0,73000,0,0,0,0,0,0,0,0,0,0,0,,,,,0
2023-06-22,木,0,0,0,0,0,35,0,0,354930,0,61,0,0,48600,0,0,0,0,0,0,0,0,0,0,0,,,,,0
2023-06-23,金,0,0,0,0,0,29,0,0,372030,0,52,0,0,44200,0,0,0,0,0,0,0,0,0,0,0,,,,,0
2023-06-24,土,30,0,0,108750,0,45,0,0,567860,0,126,0,0,100450,0,0,0,0,0,0,0,0,0,0,0,,,,,0
2023-06-25,日,29,0,0,137040,0,38,0,0,421910,0,166,0,0,151050,0,0,0,0,0,0,0,0,0,0,0,,,,,0
2023-06-26,月,0,0,0,0,0,34,0,0,382890,0,84,0,0,74500,0,0,0,0,0,0,0,0,0,0,0,,,,,0
2023-06-27,火,0,0,0,0,0,31,0,0,332940,0,76,0,0,76850,0,0,0,0,0,0,0,0,0,0,0,,,,,0
2023-06-28,水,0,0,0,0,0,40,0,0,377820,0,51,0,0,52750,0,0,0,0,0,0,0,0,0,0,0,,,,,0
2023-06-29,木,0,0,0,0,0,23,0,0,278810,0,17,0,0,19200,0,0,0,0,0,0,0,0,0,0,0,,,,,0
2023-06-30,金,0,0,0,0,0,40,0,0,450310,0,26,0,0,22850,0,0,0,0,0,0,0,0,0,0,0,,,,,0
2023-07-01,土,37,0,0,168295,0,29,0,0,306020,0,36,0,0,35500,0,0,0,0,0,0,0,0,0,0,0,,,,,0
2023-07-02,日,29,0,0,105430,0,32,0,0,317020,0,99,0,0,93550,0,0,0,0,0,0,0,0,0,0,0,,,,,0
2023-07-03,月,0,0,0,0,0,31,0,0,313670,0,60,0,0,50700,0,0,0,0,0,0,0,0,0,0,0,,,,,0
2023-07-04,火,0,0,0,0,0,31,0,0,325840,0,99,0,0,84750,0,0,0,0,0,0,0,0,0,0,0,,,,,0
2023-07-05,水,0,0,0,0,0,25,0,0,260110,0,68,0,0,63740,0,0,0,0,0,0,0,0,0,0,0,,,,,0
2023-07-06,木,0,0,0,0,0,24,0,0,256580,0,9,0,0,4850,0,0,0,0,0,0,0,0,0,0,0,,,,,0
2023-07-07,金,0,0,0,0,0,42,0,0,455040,0,90,0,0,74240,0,0,0,0,0,0,0,0,0,0,0,,,,,0
2023-07-08,土,45,0,0,117970,0,38,0,0,443490,0,115,0,0,116030,0,0,0,0,0,0,0,0,0,0,0,,,,,0
2023-07-09,日,24,0,0,87270,0,31,0,0,319210,0,123,0,0,113760,0,0,0,0,0,0,0,0,0,0,0,,,,,0
2023-07-10,月,0,0,0,0,0,32,0,0,354640,0,77,0,0,74300,0,0,0,0,0,0,0,0,0,0,0,,,,,0
2023-07-11,火,0,0,0,0,0,25,0,0,273300,0,30,0,0,26450,0,0,0,0,0,0,0,0,0,0,0,,,,,0
2023-07-12,水,0,0,0,0,0,29,0,0,344050,0,42,0,0,32650,0,0,0,0,0,0,0,0,0,0,0,,,,,0
2023-07-13,木,0,0,0,0,0,28,0,0,348420,0,59,0,0,57350,0,0,0,0,0,0,0,0,0,0,0,,,,,0
2023-07-14,金,0,0,0,0,0,38,0,0,423230,0,67,0,0,55150,0,0,0,0,0,0,0,0,0,0,0,,,,,0
2023-07-15,土,19,0,0,83680,0,36,0,0,376330,0,16,0,0,12930,0,0,0,0,0,0,0,0,0,0,0,,,,,0
2023-07-16,日,39,0,0,141710,0,33,0,0,455260,0,135,0,0,120800,0,0,0,0,0,0,0,0,0,0,0,,,,,0
2023-07-17,月,17,0,0,96770,0,36,0,0,296230,0,68,0,0,60300,0,0,0,0,0,0,0,0,0,0,0,,,,,0
2023-07-18,火,0,0,0,0,0,27,0,0,271370,0,51,0,0,54600,0,0,0,0,0,0,0,0,0,0,0,,,,,0
2023-07-19,水,0,0,0,0,0,31,0,0,313310,0,76,0,0,64400,0,0,0,0,0,0,0,0,0,0,0,,,,,0
2023-07-20,木,0,0,0,0,0,30,0,0,353520,0,78,0,0,71800,0,0,0,0,0,0,0,0,0,0,0,,,,,0
2023-07-21,金,0,0,0,0,0,30,0,0,311850,0,85,0,0,94850,0,0,0,0,0,0,0,0,0,0,0,,,,,0
2023-07-22,土,33,0,0,121780,0,33,0,0,342150,0,130,0,0,117350,0,0,0,0,0,0,0,0,0,0,0,,,,,0
2023-07-23,日,32,0,0,152580,0,27,0,0,324430,0,159,0,0,137550,0,0,0,0,0,0,0,0,0,0,0,,,,,0
2023-07-24,月,0,0,0,0,0,32,0,0,307260,0,64,0,0,58250,0,0,0,0,0,0,0,0,0,0,0,,,,,0
2023-07-25,火,0,0,0,0,0,30,0,0,309900,0,37,0,0,32150,0,0,0,0,0,0,0,0,0,0,0,,,,,0
2023-07-26,水,0,0,0,0,0,26,0,0,322090,0,119,0,0,120300,0,0,0,0,0,0,0,0,0,0,0,,,,,0
2023-07-27,木,0,0,0,0,0,27,0,0,281460,0,61,0,0,72700,0,0,0,0,0,0,0,0,0,0,0,,,,,0
2023-07-28,金,0,0,0,0,0,35,0,0,427670,0,120,0,0,128000,0,0,0,0,0,0,0,0,0,0,0,,,,,0
2023-07-29,土,32,0,0,107840,0,30,0,0,333010,0,124,0,0,110700,0,0,0,0,0,0,0,0,0,0,0,,,,,0
2023-07-30,日,20,0,0,60240,0,31,0,0,401100,0,69,0,0,69150,0,0,0,0,0,0,0,0,0,0,0,,,,,0
2023-07-31,月,0,0,0,0,0,35,0,0,392280,0,42,0,0,42050,0,0,0,0,0,0,0,0,0,0,0,,,,,0
2023-08-01,火,0,0,0,0,0,27,0,0,286090,0,97,0,0,95500,0,0,0,0,0,0,0,0,0,0,0,,,,,0
2023-08-02,水,0,0,0,0,0,32,0,0,319120,0,76,0,0,78200,0,0,0,0,0,0,0,0,0,0,0,,,,,0
2023-08-03,木,0,0,0,0,0,29,0,0,261450,0,61,0,0,64700,0,0,0,0,0,0,0,0,0,0,0,,,,,0
2023-08-04,金,0,0,0,0,0,27,0,0,288710,0,37,0,0,39800,0,0,0,0,0,0,0,0,0,0,0,,,,,0
2023-08-05,土,19,0,0,81620,0,30,0,0,336490,0,42,0,0,40650,0,0,0,0,0,0,0,0,0,0,0,,,,,0
2023-08-06,日,15,0,0,62220,0,33,0,0,353630,0,17,0,0,15950,0,0,0,0,0,0,0,0,0,0,0,,,,,0
2023-08-07,月,0,0,0,0,0,40,0,0,393180,0,60,0,0,65400,0,0,0,0,0,0,0,0,0,0,0,,,,,0
2023-08-08,火,0,0,0,0,0,34,0,0,392720,0,62,0,0,75800,0,0,0,0,0,0,0,0,0,0,0,,,,,0
2023-08-09,水,0,0,0,0,0,31,0,0,335090,0,101,0,0,95200,0,0,0,0,0,0,0,0,0,0,0,,,,,0
2023-08-10,木,0,0,0,0,0,30,0,0,311210,0,80,0,0,89900,0,0,0,0,0,0,0,0,0,0,0,,,,,0
2023-08-11,金,39,0,0,122630,0,31,0,0,347470,0,138,0,0,150050,0,0,0,0,0,0,0,0,0,0,0,,,,,0
2023-08-12,土,38,0,0,128490,0,33,0,0,333060,0,125,0,0,111650,0,0,0,0,0,0,0,0,0,0,0,,,,,0
2023-08-13,日,37,0,0,132660,0,38,0,0,379870,0,135,0,0,136900,0,0,0,0,0,0,0,0,0,0,0,,,,,0
2023-08-14,月,0,0,0,0,0,35,0,0,403590,0,141,0,0,134900,0,0,0,0,0,0,0,0,0,0,0,,,,,0
2023-08-15,火,0,0,0,0,0,30,0,0,318330,0,60,0,0,60250,0,0,0,0,0,0,0,0,0,0,0,,,,,0
2023-08-16,水,0,0,0,0,0,25,0,0,277940,0,11,0,0,15100,0,0,0,0,0,0,0,0,0,0,0,,,,,0
2023-08-17,木,0,0,0,0,0,31,0,0,303740,0,32,0,0,27450,0,0,0,0,0,0,0,0,0,0,0,,,,,0
2023-08-18,金,0,0,0,0,0,37,0,0,345560,0,104,0,0,113400,0,0,0,0,0,0,0,0,0,0,0,,,,,0
2023-08-19,土,34,0,0,119310,0,35,0,0,396590,0,67,0,0,75500,0,0,0,0,0,0,0,0,0,0,0,,,,,0
2023-08-20,日,31,0,0,100320,0,31,0,0,361870,0,66,0,0,72400,0,0,0,0,0,0,0,0,0,0,0,,,,,0
2023-08-21,月,0,0,0,0,0,36,0,0,355100,0,102,0,0,93400,0,0,0,0,0,0,0,0,0,0,0,,,,,0
2023-08-22,火,0,0,0,0,0,30,0,0,344310,0,91,0,0,97250,0,0,0,0,0,0,0,0,0,0,0,,,,,0
2023-08-23,水,0,0,0,0,0,38,0,0,401390,0,71,0,0,80750,0,0,0,0,0,0,0,0,0,0,0,,,,,0
2023-08-24,木,0,0,0,0,0,42,0,0,391390,0,32,0,0,36400,0,0,0,0,0,0,0,0,0,0,0,,,,,0
2023-08-25,金,0,0,0,0,0,32,0,0,314720,0,81,0,0,96400,0,0,0,0,0,0,0,0,0,0,0,,,,,0
2023-08-26,土,21,0,0,83800,0,31,0,0,348690,0,11,0,0,10500,0,0,0,0,0,0,0,0,0,0,0,,,,,0
2023-08-27,日,16,0,0,73520,0,26,0,0,295820,0,2,0,0,800,0,0,0,0,0,0,0,0,0,0,0,,,,,0
2023-08-28,月,0,0,0,0,0,35,0,0,324050,0,64,0,0,62300,0,0,0,0,0,0,0,0,0,0,0,,,,,0
2023-08-29,火,0,0,0,0,0,28,0,0,328070,0,94,0,0,80750,0,0,0,0,0,0,0,0,0,0,0,,,,,0
2023-08-30,水,0,0,0,0,0,30,0,0,312450,0,26,0,0,25400,0,0,0,0,0,0,0,0,0,0,0,,,,,0
2023-08-31,木,0,0,0,0,0,29,0,0,337550,0,10,0,0,4600,0,0,0,0,0,0,0,0,0,0,0,,,,,0
2023-09-01,金,0,0,0,0,0,24,0,0,276680,0,0,0,0,0,0,0,0,0,0,0,0,0,0,0,0,,,,,0
2023-09-02,土,33,0,0,107450,0,29,0,0,368520,0,103,0,0,94400,0,0,0,0,0,0,0,0,0,0,0,,,,,0
2023-09-03,日,28,0,0,167180,0,30,0,0,296070,0,160,0,0,144700,0,0,0,0,0,0,0,0,0,0,0,,,,,0
2023-09-04,月,0,0,0,0,0,27,0,0,410040,0,54,0,0,44150,0,0,0,0,0,0,0,0,0,0,0,,,,,0
2023-09-05,火,0,0,0,0,0,39,0,0,419530,0,55,0,0,44850,0,0,0,0,0,0,0,0,0,0,0,,,,,0
2023-09-06,水,0,0,0,0,0,28,0,0,323860,0,41,0,0,31350,0,0,0,0,0,0,0,0,0,0,0,,,,,0
2023-09-07,木,0,0,0,0,0,31,0,0,346480,0,32,0,0,37600,0,0,0,0,0,0,0,0,0,0,0,,,,,0
2023-09-08,金,0,0,0,0,0,37,0,0,370950,0,63,0,0,51050,0,0,0,0,0,0,0,0,0,0,0,,,,,0
2023-09-09,土,26,0,0,89820,0,27,0,0,290100,0,81,0,0,67950,0,0,0,0,0,0,0,0,0,0,0,,,,,0
2023-09-10,日,33,0,0,131860,0,27,0,0,328900,0,146,0,0,118800,0,0,0,0,0,0,0,0,0,0,0,,,,,0
2023-09-11,月,0,0,0,0,0,30,0,0,275720,0,47,0,0,54800,0,0,0,0,0,0,0,0,0,0,0,,,,,0
2023-09-12,火,0,0,0,0,0,18,0,0,209790,0,0,0,0,0,0,0,0,0,0,0,0,0,0,0,0,,,,,0
2023-09-13,水,0,0,0,0,0,30,0,0,325030,0,52,0,0,45750,0,0,0,0,0,0,0,0,0,0,0,,,,,0
2023-09-14,木,37,0,0,61050,0,25,0,0,276070,0,9,0,0,9800,0,0,0,0,0,0,0,0,0,0,0,,,,,0
2023-09-15,金,29,0,0,106240,0,37,0,0,432360,0,64,0,0,51250,0,0,0,0,0,0,0,0,0,0,0,,,,,0
2023-09-16,土,25,0,0,101800,0,31,0,0,324050,0,125,0,0,108550,0,0,0,0,0,0,0,0,0,0,0,,,,,0
2023-09-17,日,44,0,0,127370,0,27,0,0,293060,0,110,0,0,109550,0,0,0,0,0,0,0,0,0,0,0,,,,,0
2023-09-18,月,25,0,0,119290,0,31,0,0,336740,0,61,0,0,55250,0,0,0,0,0,0,0,0,0,0,0,,,,,0
2023-09-19,火,0,0,0,0,0,31,0,0,386690,0,26,0,0,20650,0,0,0,0,0,0,0,0,0,0,0,,,,,0
2023-09-20,水,0,0,0,0,0,29,0,0,270780,0,58,0,0,57050,0,0,0,0,0,0,0,0,0,0,0,,,,,0
2023-09-21,木,0,0,0,0,0,32,0,0,391040,0,48,0,0,46500,0,0,0,0,0,0,0,0,0,0,0,,,,,0
2023-09-22,金,0,0,0,0,0,36,0,0,427000,0,85,0,0,56050,0,0,0,0,0,0,0,0,0,0,0,,,,,0
2023-09-23,土,20,0,0,84450,0,37,0,0,479900,0,101,0,0,80500,0,0,0,0,0,0,0,0,0,0,0,,,,,0
2023-09-24,日,35,0,0,133660,0,33,0,0,343680,0,189,0,0,160050,0,0,0,0,0,0,0,0,0,0,0,,,,,0
2023-09-25,月,0,0,0,0,0,29,0,0,300600,0,73,0,0,47600,0,0,0,0,0,0,0,0,0,0,0,,,,,0
2023-09-26,火,0,0,0,0,0,30,0,0,299230,0,36,0,0,22250,0,0,0,0,0,0,0,0,0,0,0,,,,,0
2023-09-27,水,0,0,0,0,0,30,0,0,354140,0,66,0,0,49550,0,0,0,0,0,0,0,0,0,0,0,,,,,0
2023-09-28,木,0,0,0,0,0,26,0,0,338450,0,13,0,0,6300,0,0,0,0,0,0,0,0,0,0,0,,,,,0
2023-09-29,金,0,0,0,0,0,38,0,0,395400,0,48,0,0,44150,0,0,0,0,0,0,0,0,0,0,0,,,,,0
2023-09-30,土,19,0,0,56350,0,31,0,0,356780,0,111,0,0,79300,0,0,0,0,0,0,0,0,0,0,0,,,,,0
2023-10-01,日,28,0,0,127090,0,38,0,0,506310,0,102,0,0,70700,0,0,0,0,0,0,0,0,0,0,0,,,,,0
2023-10-02,月,0,0,0,0,0,42,0,0,271080,0,60,0,0,40000,0,0,0,0,0,0,0,0,0,0,0,,,,,0
2023-10-03,火,0,0,0,0,0,36,0,0,402740,0,51,0,0,50200,0,0,0,0,0,0,0,0,0,0,0,,,,,0
2023-10-04,水,0,0,0,0,0,26,0,0,265730,0,85,0,0,80300,0,0,0,0,0,0,0,0,0,0,0,,,,,0
2023-10-05,木,0,0,0,0,0,35,0,0,290350,0,1,0,0,500,0,0,0,0,0,0,0,0,0,0,0,,,,,0
2023-10-06,金,0,0,0,0,0,24,0,0,261610,0,12,0,0,12000,0,0,0,0,0,0,0,0,0,0,0,,,,,0
2023-10-07,土,11,0,0,44780,0,44,0,0,511740,0,25,0,0,18300,0,0,0,0,0,0,0,0,0,0,0,,,,,0
2023-10-08,日,37,0,0,118754,0,30,0,0,339390,0,225,0,0,218800,0,0,0,0,0,0,0,0,0,0,0,,,,,0
2023-10-09,月,30,0,0,116742,0,30,0,0,321660,0,148,0,0,128250,0,0,0,0,0,0,0,0,0,0,0,,,,,0
2023-10-10,火,0,0,0,0,0,22,0,0,221940,0,74,0,0,79100,0,0,0,0,0,0,0,0,0,0,0,,,,,0
2023-10-11,水,0,0,0,0,0,29,0,0,238340,0,85,0,0,92450,0,0,0,0,0,0,0,0,0,0,0,,,,,0
2023-10-12,木,36,0,0,184505,0,31,0,0,331630,0,66,0,0,49400,0,0,0,0,0,0,0,0,0,0,0,,,,,0
2023-10-13,金,0,0,0,0,0,15,0,0,260140,0,94,0,0,90750,0,0,0,0,0,0,0,0,0,0,0,,,,,0
2023-10-14,土,25,0,0,110280,0,33,0,0,380930,0,133,0,0,116000,0,0,0,0,0,0,0,0,0,0,0,,,,,0
2023-10-15,日,34,0,0,144206,0,31,0,0,335450,0,187,0,0,160550,0,0,0,0,0,0,0,0,0,0,0,,,,,0
2023-10-16,月,0,0,0,0,0,39,0,0,258200,0,79,0,0,82450,0,0,0,0,0,0,0,0,0,0,0,,,,,0
2023-10-17,火,0,0,0,0,0,37,0,0,412040,0,16,0,0,15200,0,0,0,0,0,0,0,0,0,0,0,,,,,0
2023-10-18,水,0,0,0,0,0,33,0,0,371680,0,114,0,0,105200,0,0,0,0,0,0,0,0,0,0,0,,,,,0
2023-10-19,木,0,0,0,0,0,30,0,0,342830,0,39,0,0,30750,0,0,0,0,0,0,0,0,0,0,0,,,,,0
2023-10-20,金,0,0,0,0,0,32,0,0,303230,0,9,0,0,9800,0,0,0,0,0,0,0,0,0,0,0,,,,,0
2023-10-21,土,27,0,0,110550,0,30,0,0,288440,0,86,0,0,74500,0,0,0,0,0,0,0,0,0,0,0,,,,,0
2023-10-22,日,38,0,0,139024,0,31,0,0,368120,0,98,0,0,89150,0,0,0,0,0,0,0,0,0,0,0,,,,,0
2023-10-23,月,0,0,0,0,0,33,0,0,361370,0,125,0,0,112250,0,0,0,0,0,0,0,0,0,0,0,,,,,0
2023-10-24,火,0,0,0,0,0,31,0,0,330540,0,91,0,0,84550,0,0,0,0,0,0,0,0,0,0,0,,,,,0
2023-10-25,水,0,0,0,0,0,54,0,0,513000,0,117,0,0,111000,0,0,0,0,0,0,0,0,0,0,0,,,,,0
2023-10-26,木,0,0,0,0,0,29,0,0,328030,0,118,0,0,83850,0,0,0,0,0,0,0,0,0,0,0,,,,,0
2023-10-27,金,0,0,0,0,0,29,0,0,299560,0,40,0,0,50800,0,0,0,0,0,0,0,0,0,0,0,,,,,0
2023-10-28,土,28,0,0,93684,0,31,0,0,356700,0,114,0,0,99150,0,0,0,0,0,0,0,0,0,0,0,,,,,0
2023-10-29,日,25,0,0,111130,0,31,0,0,325970,0,157,0,0,154550,0,0,0,0,0,0,0,0,0,0,0,,,,,0
2023-10-30,月,0,0,0,0,0,29,0,0,311720,0,144,0,0,136700,0,0,0,0,0,0,0,0,0,0,0,,,,,0
2023-10-31,火,0,0,0,0,0,31,0,0,325750,0,73,0,0,67100,0,0,0,0,0,0,0,0,0,0,0,,,,,0
2023-11-01,水,0,0,0,0,0,24,0,0,249780,0,17,0,0,15250,0,0,0,0,0,0,0,0,0,0,0,,,,,0
2023-11-02,木,0,0,0,0,0,37,0,0,405890,0,72,0,0,68750,0,0,0,0,0,0,0,0,0,0,0,,,,,0
2023-11-03,金,22,0,0,74710,0,35,0,0,389670,0,52,0,0,45850,0,0,0,0,0,0,0,0,0,0,0,,,,,0
2023-11-04,土,27,0,0,102970,0,37,0,0,442320,0,187,0,0,171650,0,0,0,0,0,0,0,0,0,0,0,,,,,0
2023-11-05,日,31,0,0,108310,0,33,0,0,344790,0,129,0,0,116850,0,0,0,0,0,0,0,0,0,0,0,,,,,0
2023-11-06,月,0,0,0,0,0,25,0,0,318060,0,6,0,0,12800,0,0,0,0,0,0,0,0,0,0,0,,,,,0
2023-11-07,火,0,0,0,0,0,27,0,0,308180,0,45,0,0,45550,0,0,0,0,0,0,0,0,0,0,0,,,,,0
2023-11-08,水,0,0,0,0,0,29,0,0,312630,0,63,0,0,56750,0,0,0,0,0,0,0,0,0,0,0,,,,,0
2023-11-09,木,0,0,0,0,0,28,0,0,301730,0,66,0,0,51650,0,0,0,0,0,0,0,0,0,0,0,,,,,0
2023-11-10,金,0,0,0,0,0,17,0,0,211950,0,4,0,0,3550,0,0,0,0,0,0,0,0,0,0,0,,,,,0
2023-11-11,土,20,0,0,66620,0,38,0,0,463840,0,38,0,0,32650,0,0,0,0,0,0,0,0,0,0,0,,,,,0
2023-11-12,日,29,0,0,126700,0,37,0,0,374000,0,86,0,0,78350,0,0,0,0,0,0,0,0,0,0,0,,,,,0
2023-11-13,月,0,0,0,0,0,10,0,0,107730,0,62,0,0,50600,0,0,0,0,0,0,0,0,0,0,0,,,,,0
2023-11-14,火,0,0,0,0,0,23,0,0,262470,0,21,0,0,19550,0,0,0,0,0,0,0,0,0,0,0,,,,,0
2023-11-15,水,0,0,0,0,0,29,0,0,342680,0,70,0,0,50800,0,0,0,0,0,0,0,0,0,0,0,,,,,0
2023-11-16,木,0,0,0,0,0,35,0,0,407775,0,73,0,0,72700,0,0,0,0,0,0,0,0,0,0,0,,,,,0
2023-11-17,金,0,0,0,0,0,4,0,0,45670,0,5,0,0,4600,0,0,0,0,0,0,0,0,0,0,0,,,,,0
2023-11-18,土,12,0,0,26110,0,36,0,0,413100,0,77,0,0,51950,0,0,0,0,0,0,0,0,0,0,0,,,,,0
2023-11-19,日,26,0,0,101730,0,30,0,0,327800,0,92,0,0,73650,0,0,0,0,0,0,0,0,0,0,0,,,,,0
2023-11-20,月,0,0,0,0,0,36,0,0,385490,0,35,0,0,35200,0,0,0,0,0,0,0,0,0,0,0,,,,,0
2023-11-21,火,0,0,0,0,0,31,0,0,337750,0,81,0,0,65250,0,0,0,0,0,0,0,0,0,0,0,,,,,0
2023-11-22,水,0,0,0,0,0,37,0,0,408300,0,43,0,0,34050,0,0,0,0,0,0,0,0,0,0,0,,,,,0
2023-11-23,木,28,0,0,128730,0,39,0,0,447870,0,74,0,0,68700,0,0,0,0,0,0,0,0,0,0,0,,,,,0
2023-11-24,金,0,0,0,0,0,0,0,0,0,0,5,0,0,2750,0,0,0,0,0,0,0,0,0,0,0,,,,,0
2023-11-25,土,0,0,0,0,0,0,0,0,0,0,0,0,0,0,0,0,0,0,0,0,0,0,0,0,0,,,,,0
2023-11-26,日,26,0,0,100640,0,32,0,0,319220,0,55,0,0,63800,0,0,0,0,0,0,0,0,0,0,0,,,,,0
2023-11-27,月,0,0,0,0,0,32,0,0,373010,0,41,0,0,38450,0,0,0,0,0,0,0,0,0,0,0,,,,,0
2023-11-28,火,0,0,0,0,0,25,0,0,279260,0,47,0,0,41650,0,0,0,0,0,0,0,0,0,0,0,,,,,0
2023-11-29,水,0,0,0,0,0,30,0,0,384340,0,20,0,0,16600,0,0,0,0,0,0,0,0,0,0,0,,,,,0
2023-11-30,木,0,0,0,0,0,14,0,0,163370,0,56,0,0,47600,0,0,0,0,0,0,0,0,0,0,0,,,,,0
2023-12-01,金,0,0,0,0,0,46,0,0,291870,0,46,0,0,53600,0,0,0,0,0,0,0,0,0,0,0,,,,,0
2023-12-02,土,33,0,0,136970,0,38,0,0,487750,0,90,0,0,86800,0,0,0,0,0,0,0,0,0,0,0,,,,,0
2023-12-03,日,22,0,0,89750,0,26,0,0,340590,0,70,0,0,81850,0,0,0,0,0,0,0,0,0,0,0,,,,,0
2023-12-04,月,0,0,0,0,0,32,0,0,398790,0,80,0,0,67000,0,0,0,0,0,0,0,0,0,0,0,,,,,0
2023-12-05,火,0,0,0,0,0,20,0,0,229340,0,49,0,0,37950,0,0,0,0,0,0,0,0,0,0,0,,,,,0
2023-12-06,水,0,0,0,0,0,25,0,0,310830,0,42,0,0,32950,0,0,0,0,0,0,0,0,0,0,0,,,,,0
2023-12-07,木,0,0,0,0,0,25,0,0,305740,0,10,0,0,8700,0,0,0,0,0,0,0,0,0,0,0,,,,,0
2023-12-08,金,0,0,0,0,0,25,0,0,302680,0,46,0,0,43000,0,0,0,0,0,0,0,0,0,0,0,,,,,0
2023-12-09,土,0,0,0,0,0,38,0,0,458230,0,6,0,0,5100,0,0,0,0,0,0,0,0,0,0,0,,,,,0
2023-12-10,日,29,0,0,100850,0,36,0,0,416570,0,67,0,0,67850,0,0,0,0,0,0,0,0,0,0,0,,,,,0
2023-12-11,月,0,0,0,0,0,25,0,0,274940,0,25,0,0,88550,0,0,0,0,0,0,0,0,0,0,0,,,,,0
2023-12-12,火,0,0,0,0,0,38,0,0,463160,0,38,0,0,32000,0,0,0,0,0,0,0,0,0,0,0,,,,,0
2023-12-13,水,0,0,0,0,0,0,0,0,0,0,0,0,0,0,0,0,0,0,0,0,0,0,0,0,0,,,,,0
2023-12-14,木,0,0,0,0,0,0,0,0,0,0,0,0,0,0,0,0,0,0,0,0,0,0,0,0,0,,,,,0
2023-12-15,金,0,0,0,0,0,34,0,0,413520,0,72,0,0,72350,0,0,0,0,0,0,0,0,0,0,0,,,,,0
2023-12-16,土,28,0,0,114940,0,38,0,0,539630,0,63,0,0,53500,0,0,0,0,0,0,0,0,0,0,0,,,,,0
2023-12-17,日,0,0,0,0,0,0,0,0,0,0,0,0,0,0,0,0,0,0,0,0,0,0,0,0,0,,,,,0
2023-12-18,月,0,0,0,0,0,31,0,0,389400,0,26,0,0,23750,0,0,0,0,0,0,0,0,0,0,0,,,,,0
2023-12-19,火,0,0,0,0,0,33,0,0,483710,0,73,0,0,87550,0,0,0,0,0,0,0,0,0,0,0,,,,,0
2023-12-20,水,0,0,0,0,0,33,0,0,437510,0,103,0,0,104200,0,0,0,0,0,0,0,0,0,0,0,,,,,0
2023-12-21,木,0,0,0,0,0,37,0,0,446380,0,84,0,0,99900,0,0,0,0,0,0,0,0,0,0,0,,,,,0
2023-12-22,金,0,0,0,0,0,34,0,0,656740,0,89,0,0,99400,0,0,0,0,0,0,0,0,0,0,0,,,,,0
2023-12-23,土,28,0,0,147900,0,37,0,0,690000,0,112,0,0,132600,0,0,0,0,0,0,0,0,0,0,0,,,,,0
2023-12-24,日,29,0,0,135770,0,38,0,0,1011670,0,179,0,0,202700,0,0,0,0,0,0,0,0,0,0,0,,,,,0
2023-12-25,月,20,0,0,135540,0,33,0,0,645040,0,166,0,0,156050,0,0,0,0,0,0,0,0,0,0,0,,,,,0
2023-12-26,火,0,0,0,0,0,31,0,0,321350,0,122,0,0,135350,0,0,0,0,0,0,0,0,0,0,0,,,,,0
2023-12-27,水,0,0,0,0,0,41,0,0,495350,0,125,0,0,119100,0,0,0,0,0,0,0,0,0,0,0,,,,,0
2023-12-28,木,0,0,0,0,0,39,0,0,393880,0,154,0,0,170930,0,0,0,0,0,0,0,0,0,0,0,,,,,0
2023-12-29,金,0,0,0,0,0,37,0,0,381370,0,153,0,0,165500,0,0,0,0,0,0,0,0,0,0,0,,,,,0
2023-12-30,土,31,0,0,131564,0,44,0,0,467360,0,141,0,0,144400,0,0,0,0,0,0,0,0,0,0,0,,,,,0
2023-12-31,日,36,0,0,160450,0,0,0,0,0,0,21,0,0,31950,0,0,0,0,0,0,0,0,0,0,0,,,,,0
2024-01-01,月,0,0,0,0,0,0,0,0,0,0,90,0,0,62150,0,0,0,0,0,0,0,0,0,0,0,,,,,0
2024-01-02,火,0,0,0,0,0,37,0,0,485150,0,100,0,0,106700,0,0,0,0,0,0,0,0,0,0,0,,,,,0
2024-01-03,水,0,0,0,0,0,32,0,0,305180,0,93,0,0,104600,0,0,0,0,0,0,0,0,0,0,0,,,,,0
2024-01-04,木,0,0,0,0,0,37,0,0,402260,0,145,0,0,164550,0,0,0,0,0,0,0,0,0,0,0,,,,,0
2024-01-05,金,0,0,0,0,0,29,0,0,310470,0,21,0,0,15150,0,0,0,0,0,0,0,0,0,0,0,,,,,0
2024-01-06,土,21,0,0,60082,0,32,0,0,311050,0,105,0,0,82100,0,0,0,0,0,0,0,0,0,0,0,,,,,0
2024-01-07,日,16,0,0,68120,0,38,0,0,407390,0,52,0,0,45900,0,0,0,0,0,0,0,0,0,0,0,,,,,0
2024-01-08,月,0,0,0,0,0,20,0,0,198230,0,23,0,0,16550,0,0,0,0,0,0,0,0,0,0,0,,,,,0
2024-01-09,火,0,0,0,0,0,22,0,0,274580,0,26,0,0,29050,0,0,0,0,0,0,0,0,0,0,0,,,,,0
2024-01-10,水,0,0,0,0,0,16,0,0,155390,0,17,0,0,11150,0,0,0,0,0,0,0,0,0,0,0,,,,,0
2024-01-11,木,0,0,0,0,0,24,0,0,207080,0,57,0,0,45550,0,0,0,0,0,0,0,0,0,0,0,,,,,0
2024-01-12,金,0,0,0,0,0,23,0,0,191950,0,42,0,0,44950,0,0,0,0,0,0,0,0,0,0,0,,,,,0
2024-01-13,土,16,0,0,52720,0,27,0,0,254600,0,42,0,0,44450,0,0,0,0,0,0,0,0,0,0,0,,,,,0
2024-01-14,日,13,0,0,51010,0,22,0,0,268430,0,71,0,0,57850,0,0,0,0,0,0,0,0,0,0,0,,,,,0
2024-01-15,月,0,0,0,0,0,0,0,0,0,0,0,0,0,0,0,0,0,0,0,0,0,0,0,0,0,,,,,0
2024-01-16,火,0,0,0,0,0,0,0,0,0,0,0,0,0,0,0,0,0,0,0,0,0,0,0,0,0,,,,,0
2024-01-17,水,0,0,0,0,0,12,0,0,122220,0,40,0,0,34800,0,0,0,0,0,0,0,0,0,0,0,,,,,0
2024-01-18,木,0,0,0,0,0,13,0,0,129210,0,55,0,0,54250,0,0,0,0,0,0,0,0,0,0,0,,,,,0
2024-01-19,金,0,0,0,0,0,24,0,0,257400,0,64,0,0,59550,0,0,0,0,0,0,0,0,0,0,0,,,,,0
2024-01-20,土,11,0,0,46790,0,30,0,0,334890,0,57,0,0,47050,0,0,0,0,0,0,0,0,0,0,0,,,,,0
2024-01-21,日,12,0,0,55530,0,24,0,0,224320,0,59,0,0,59350,0,0,0,0,0,0,0,0,0,0,0,,,,,0
2024-01-22,月,0,0,0,0,0,12,0,0,145580,0,62,0,0,48900,0,0,0,0,0,0,0,0,0,0,0,,,,,0
2024-01-23,火,0,0,0,0,0,12,0,0,113650,0,71,0,0,56700,0,0,0,0,0,0,0,0,0,0,0,,,,,0
2024-01-24,水,0,0,0,0,0,0,0,0,0,0,0,0,0,0,0,0,0,0,0,0,0,0,0,0,0,,,,,0
2024-01-25,木,0,0,0,0,0,0,0,0,0,0,0,0,0,0,0,0,0,0,0,0,0,0,0,0,0,,,,,0
2024-01-26,金,0,0,0,0,0,0,0,0,0,0,0,0,0,0,0,0,0,0,0,0,0,0,0,0,0,,,,,0
2024-01-27,土,25,0,0,75058,0,40,0,0,391210,0,112,0,0,98600,0,0,0,0,0,0,0,0,0,0,0,,,,,0
2024-01-28,日,23,0,0,108350,0,22,0,0,228070,0,108,0,0,101200,0,0,0,0,0,0,0,0,0,0,0,,,,,0
2024-01-29,月,0,0,0,0,0,14,0,0,124290,0,73,0,0,65400,0,0,0,0,0,0,0,0,0,0,0,,,,,0
2024-01-30,火,0,0,0,0,0,30,0,0,331950,0,61,0,0,54650,0,0,0,0,0,0,0,0,0,0,0,,,,,0
2024-01-31,水,0,0,0,0,0,24,0,0,252060,0,67,0,0,51000,0,0,0,0,0,0,0,0,0,0,0,,,,,0
2024-02-01,木,0,0,0,0,0,0,0,0,0,0,0,0,0,0,0,0,0,0,0,0,0,0,0,0,0,,,,,0
2024-02-02,金,0,0,0,0,0,0,0,0,0,0,0,0,0,0,0,0,0,0,0,0,0,0,0,0,0,,,,,0
2024-02-03,土,24,0,0,100784,0,40,0,0,444280,0,126,0,0,113300,0,0,0,0,0,0,0,0,0,0,0,,,,,0
2024-02-04,日,27,0,0,109562,0,38,0,0,421690,0,138,0,0,134250,0,0,0,0,0,0,0,0,0,0,0,,,,,0
2024-02-05,月,0,0,0,0,0,38,0,0,398540,0,244,0,0,235900,0,0,0,0,0,0,0,0,0,0,0,,,,,0
2024-02-06,火,0,0,0,0,0,39,0,0,417210,0,183,0,0,183700,0,0,0,0,0,0,0,0,0,0,0,,,,,0
2024-02-07,水,0,0,0,0,0,38,0,0,408010,0,159,0,0,160600,0,0,0,0,0,0,0,0,0,0,0,,,,,0
2024-02-08,木,0,0,0,0,0,42,0,0,392440,0,136,0,0,119050,0,0,0,0,0,0,0,0,0,0,0,,,,,0
2024-02-09,金,0,0,0,0,0,37,0,0,411390,0,150,0,0,142350,0,0,0,0,0,0,0,0,0,0,0,,,,,0
2024-02-10,土,29,0,0,133420,0,42,0,0,484420,0,164,0,0,166750,0,0,0,0,0,0,0,0,0,0,0,,,,,0
2024-02-11,日,31,0,0,134640,0,39,0,0,405320,0,126,0,0,103150,0,0,0,0,0,0,0,0,0,0,0,,,,,0
2024-02-12,月,41,0,0,167950,0,38,0,0,371280,0,150,0,0,141500,0,0,0,0,0,0,0,0,0,0,0,,,,,0
2024-02-13,火,0,0,0,0,0,33,0,0,332200,0,130,0,0,102350,0,0,0,0,0,0,0,0,0,0,0,,,,,0
2024-02-14,水,0,0,0,0,0,34,0,0,339500,0,87,0,0,88350,0,0,0,0,0,0,0,0,0,0,0,,,,,0
2024-02-15,木,0,0,0,0,0,18,0,0,182480,0,83,0,0,80750,0,0,0,0,0,0,0,0,0,0,0,,,,,0
2024-02-16,金,0,0,0,0,0,33,0,0,373820,0,43,0,0,27000,0,0,0,0,0,0,0,0,0,0,0,,,,,0
2024-02-17,土,30,0,0,112310,0,38,0,0,418920,0,106,0,0,97900,0,0,0,0,0,0,0,0,0,0,0,,,,,0
2024-02-18,日,26,0,0,103380,0,24,0,0,238780,0,122,0,0,120550,0,0,0,0,0,0,0,0,0,0,0,,,,,0
2024-02-19,月,0,0,0,0,0,15,0,0,160980,0,116,0,0,108350,0,0,0,0,0,0,0,0,0,0,0,,,,,0
2024-02-20,火,0,0,0,0,0,0,0,0,0,0,0,0,0,0,0,0,0,0,0,0,0,0,0,0,0,,,,,0
2024-02-21,水,0,0,0,0,0,29,0,0,292380,0,99,0,0,91750,0,0,0,0,0,0,0,0,0,0,0,,,,,0
2024-02-22,木,0,0,0,0,0,21,0,0,215850,0,22,0,0,19550,0,0,0,0,0,0,0,0,0,0,0,,,,,0
2024-02-23,金,22,0,0,78080,0,36,0,0,428950,0,58,0,0,43700,0,0,0,0,0,0,0,0,0,0,0,,,,,0
2024-02-24,土,5,0,0,13090,0,35,0,0,411990,0,65,0,0,63100,0,0,0,0,0,0,0,0,0,0,0,,,,,0
2024-02-25,日,16,0,0,51570,0,19,0,0,213140,0,82,0,0,65150,0,0,0,0,0,0,0,0,0,0,0,,,,,0
2024-02-26,月,0,0,0,0,0,25,0,0,247310,0,27,0,0,21850,0,0,0,0,0,0,0,0,0,0,0,,,,,0
2024-02-27,火,0,0,0,0,0,13,0,0,134130,0,67,0,0,65900,0,0,0,0,0,0,0,0,0,0,0,,,,,0
2024-02-28,水,0,0,0,0,0,0,0,0,0,0,0,0,0,0,0,0,0,0,0,0,0,0,0,0,0,,,,,0
2024-02-29,木,0,0,0,0,0,23,0,0,274660,0,72,0,0,74850,0,0,0,0,0,0,0,0,0,0,0,,,,,0
2024-03-01,金,0,0,0,0,0,0,0,0,0,0,0,0,0,0,0,0,0,0,0,0,0,0,0,0,0,,,,,0
2024-03-02,土,0,0,0,0,0,0,0,0,0,0,0,0,0,0,0,0,0,0,0,0,0,0,0,0,0,,,,,0
2024-03-03,日,17,0,0,58404,0,24,0,0,261580,0,81,0,0,40500,0,0,0,0,0,0,0,0,0,0,0,,,,,0
2024-03-04,月,0,0,0,0,0,28,0,0,250560,0,65,0,0,54150,0,0,0,0,0,0,0,0,0,0,0,,,,,0
2024-03-05,火,0,0,0,0,0,18,0,0,187020,0,72,0,0,66950,0,0,0,0,0,0,0,0,0,0,0,,,,,0
2024-03-06,水,0,0,0,0,0,16,0,0,175670,0,44,0,0,33950,0,0,0,0,0,0,0,0,0,0,0,,,,,0
2024-03-07,木,0,0,0,0,0,31,0,0,272820,0,28,0,0,25700,0,0,0,0,0,0,0,0,0,0,0,,,,,0
2024-03-08,金,0,0,0,0,0,40,0,0,441750,0,55,0,0,43800,0,0,0,0,0,0,0,0,0,0,0,,,,,0
2024-03-09,土,18,0,0,75840,0,37,0,0,425520,0,63,0,0,107220,0,0,0,0,0,0,0,0,0,0,0,,,,,0
2024-03-10,日,4,0,0,15740,0,40,0,0,402710,0,79,0,0,70550,0,0,0,0,0,0,0,0,0,0,0,,,,,0
2024-03-11,月,0,0,0,0,0,21,0,0,222020,0,72,0,0,59900,0,0,0,0,0,0,0,0,0,0,0,,,,,0
2024-03-12,火,0,0,0,0,0,31,0,0,325740,0,65,0,0,45200,0,0,0,0,0,0,0,0,0,0,0,,,,,0
2024-03-13,水,0,0,0,0,0,0,0,0,0,0,0,0,0,0,0,0,0,0,0,0,0,0,0,0,0,,,,,0
2024-03-14,木,0,0,0,0,0,36,0,0,370980,0,40,0,0,37700,0,0,0,0,0,0,0,0,0,0,0,,,,,0
2024-03-15,金,0,0,0,0,0,37,0,0,408940,0,32,0,0,24900,0,0,0,0,0,0,0,0,0,0,0,,,,,0
2024-03-16,土,0,0,0,0,0,39,0,0,344140,0,47,0,0,40700,0,0,0,0,0,0,0,0,0,0,0,,,,,0
2024-03-17,日,20,0,0,117940,0,39,0,0,353920,0,22,0,0,17550,0,0,0,0,0,0,0,0,0,0,0,,,,,0
2024-03-18,月,0,0,0,0,0,0,0,0,0,0,0,0,0,0,0,0,0,0,0,0,0,0,0,0,0,,,,,0
2024-03-19,火,0,0,0,0,0,0,0,0,0,0,0,0,0,0,0,0,0,0,0,0,0,0,0,0,0,,,,,0
2024-03-20,水,17,0,0,81020,0,0,0,0,0,0,17,0,0,10350,0,0,0,0,0,0,0,0,0,0,0,,,,,0
2024-03-21,木,0,0,0,0,0,34,0,0,304370,0,79,0,0,81000,0,0,0,0,0,0,0,0,0,0,0,,,,,0
2024-03-22,金,0,0,0,0,0,38,0,0,368300,0,100,0,0,71550,0,0,0,0,0,0,0,0,0,0,0,,,,,0
2024-03-23,土,19,0,0,62890,0,34,0,0,400210,0,102,0,0,91000,0,0,0,0,0,0,0,0,0,0,0,,,,,0
2024-03-24,日,21,0,0,76350,0,39,0,0,464610,0,150,0,0,143700,0,0,0,0,0,0,0,0,0,0,0,,,,,0
2024-03-25,月,0,0,0,0,0,2,0,0,50000,0,0,0,0,0,0,0,0,0,0,0,0,0,0,0,0,,,,,0
2024-03-26,火,0,0,0,0,0,0,0,0,0,0,0,0,0,0,0,0,0,0,0,0,0,0,0,0,0,,,,,0
2024-03-27,水,0,0,0,0,0,0,0,0,0,0,0,0,0,0,0,0,0,0,0,0,0,0,0,0,0,,,,,0
2024-03-28,木,0,0,0,0,0,0,0,0,0,0,0,0,0,0,0,0,0,0,0,0,0,0,0,0,0,,,,,0
2024-03-29,金,0,0,0,0,0,0,0,0,0,0,0,0,0,0,0,0,0,0,0,0,0,0,0,0,0,,,,,0
2024-03-30,土,0,0,0,0,0,0,0,0,0,0,0,0,0,0,0,0,0,0,0,0,0,0,0,0,0,,,,,0
2024-03-31,日,0,0,0,0,0,0,0,0,0,0,0,0,0,0,0,0,0,0,0,0,0,0,0,0,0,,,,,0
2024-04-01,月,0,0,0,0,0,0,0,0,0,0,0,0,0,0,0,0,0,0,0,0,0,0,0,0,0,,,,,0
2024-04-02,火,0,0,0,0,0,0,0,0,0,0,0,0,0,0,0,0,0,0,0,0,0,0,0,0,0,,,,,0
2024-04-03,水,0,0,0,0,0,0,0,0,0,0,0,0,0,0,0,0,0,0,0,0,0,0,0,0,0,,,,,0
2024-04-04,木,0,0,0,0,0,0,0,0,0,0,0,0,0,0,0,0,0,0,0,0,0,0,0,0,0,,,,,0
2024-04-05,金,0,0,0,0,0,0,0,0,0,0,0,0,0,0,0,0,0,0,0,0,0,0,0,0,0,,,,,0
2024-04-06,土,0,0,0,0,0,0,0,0,0,0,0,0,0,0,0,0,0,0,0,0,0,0,0,0,0,,,,,0
2024-04-07,日,0,0,0,0,0,0,0,0,0,0,0,0,0,0,0,0,0,0,0,0,0,0,0,0,0,,,,,0
2024-04-08,月,0,0,0,0,0,0,0,0,0,0,0,0,0,0,0,0,0,0,0,0,0,0,0,0,0,,,,,0
2024-04-09,火,0,0,0,0,0,0,0,0,0,0,0,0,0,0,0,0,0,0,0,0,0,0,0,0,0,,,,,0
2024-04-10,水,0,0,0,0,0,0,0,0,0,0,0,0,0,0,0,0,0,0,0,0,0,0,0,0,0,,,,,0
2024-04-11,木,0,0,0,0,0,0,0,0,0,0,0,0,0,0,0,0,0,0,0,0,0,0,0,0,0,,,,,0
2024-04-12,金,0,0,0,0,0,0,0,0,0,0,0,0,0,0,0,0,0,0,0,0,0,0,0,0,0,,,,,0
2024-04-13,土,0,0,0,0,0,0,0,0,0,0,0,0,0,0,0,0,0,0,0,0,0,0,0,0,0,,,,,0
2024-04-14,日,0,0,0,0,0,0,0,0,0,0,0,0,0,0,0,0,0,0,0,0,0,0,0,0,0,,,,,0
2024-04-15,月,0,0,0,0,0,0,0,0,0,0,0,0,0,0,0,0,0,0,0,0,0,0,0,0,0,,,,,0
2024-04-16,火,0,0,0,0,0,0,0,0,0,0,0,0,0,0,0,0,0,0,0,0,0,0,0,0,0,,,,,0
2024-04-17,水,0,0,0,0,0,0,0,0,0,0,0,0,0,0,0,0,0,0,0,0,0,0,0,0,0,,,,,0
2024-04-18,木,0,0,0,0,0,0,0,0,0,0,0,0,0,0,0,0,0,0,0,0,0,0,0,0,0,,,,,0
2024-04-19,金,0,0,0,0,0,8,0,0,108140,0,0,0,0,0,0,0,0,0,0,0,0,0,0,0,0,,,,,0
2024-04-20,土,0,0,0,0,0,30,0,0,331250,0,0,0,0,0,0,0,0,0,0,0,0,0,0,0,0,,,,,0
2024-04-21,日,0,0,0,0,0,26,0,0,296950,0,0,0,0,0,0,0,0,0,0,0,0,0,0,0,0,,,,,0
2024-04-22,月,0,0,0,0,0,10,0,0,118930,0,0,0,0,0,0,0,0,0,0,0,0,0,0,0,0,,,,,0
2024-04-23,火,0,0,0,0,0,17,0,0,183260,0,0,0,0,0,0,0,0,0,0,0,0,0,0,0,0,,,,,0
2024-04-24,水,0,0,0,0,0,4,0,0,55460,0,0,0,0,0,0,0,0,0,0,0,0,0,0,0,0,,,,,0
2024-04-25,木,0,0,0,0,0,4,0,0,48670,0,0,0,0,0,0,0,0,0,0,0,0,0,0,0,0,,,,,0
2024-04-26,金,0,0,0,0,0,34,0,0,360420,0,92,0,0,74860,0,0,0,0,0,0,0,0,0,0,0,,,,,0
2024-04-27,土,27,0,0,112024,0,38,0,0,406440,0,149,0,0,135310,0,0,0,0,0,0,0,0,0,0,0,,,,,0
2024-04-28,日,18,0,0,67062,0,40,0,0,506010,0,136,0,0,131730,0,0,0,0,0,0,0,0,0,0,0,,,,,0
2024-04-29,月,18,0,0,134080,0,40,0,0,392370,0,192,0,0,165250,0,0,0,0,0,0,0,0,0,0,0,,,,,0
2024-04-30,火,0,0,0,0,0,33,0,0,341200,0,30,0,0,25590,0,0,0,0,0,0,0,0,0,0,0,,,,,0
2024-05-01,水,0,0,0,0,0,38,0,0,399460,0,113,0,0,96280,0,0,0,0,0,0,0,0,0,0,0,,,,,0
2024-05-02,木,0,0,0,0,0,41,0,0,442150,0,155,0,0,136610,0,0,0,0,0,0,0,0,0,0,0,,,,,0
2024-05-03,金,30,0,0,119840,0,41,0,0,382250,0,106,0,0,85630,0,0,0,0,0,0,0,0,0,0,0,,,,,0
2024-05-04,土,33,0,0,134230,0,43,0,0,429450,0,225,0,0,238090,0,0,0,0,0,0,0,0,0,0,0,,,,,0
2024-05-05,日,32,0,0,205050,0,39,0,0,460080,0,194,0,0,184420,0,0,0,0,0,0,0,0,0,0,0,,,,,0
2024-05-06,月,8,0,0,47920,0,24,0,0,298890,0,26,0,0,23380,0,0,0,0,0,0,0,0,0,0,0,,,,,0
2024-05-07,火,0,0,0,0,0,35,0,0,367200,0,10,0,0,11210,0,0,0,0,0,0,0,0,0,0,0,,,,,0
2024-05-08,水,0,0,0,0,0,14,0,0,186330,0,10,0,0,11550,0,0,0,0,0,0,0,0,0,0,0,,,,,0
2024-05-09,木,0,0,0,0,0,21,0,0,236370,0,79,0,0,65510,0,0,0,0,0,0,0,0,0,0,0,,,,,0
2024-05-10,金,0,0,0,0,0,31,0,0,294260,0,64,0,0,57360,0,0,0,0,0,0,0,0,0,0,0,,,,,0
2024-05-11,土,22,0,0,96790,0,39,0,0,442910,0,130,0,0,108690,0,0,0,0,0,0,0,0,0,0,0,,,,,0
2024-05-12,日,24,0,0,59524,0,30,0,0,267680,0,69,0,0,56570,0,0,0,0,0,0,0,0,0,0,0,,,,,0
2024-05-13,月,0,0,0,0,0,24,0,0,298780,0,39,0,0,34720,0,0,0,0,0,0,0,0,0,0,0,,,,,0
2024-05-14,火,0,0,0,0,0,31,0,0,324940,0,100,0,0,78500,0,0,0,0,0,0,0,0,0,0,0,,,,,0
2024-05-15,水,0,0,0,0,0,35,0,0,390590,0,79,0,0,74690,0,0,0,0,0,0,0,0,0,0,0,,,,,0
2024-05-16,木,0,0,0,0,0,25,0,0,280420,0,93,0,0,90580,0,0,0,0,0,0,0,0,0,0,0,,,,,0
2024-05-17,金,0,0,0,0,0,32,0,0,276750,0,41,0,0,41930,0,0,0,0,0,0,0,0,0,0,0,,,,,0
2024-05-18,土,36,0,0,167920,0,38,0,0,395270,0,153,0,0,133030,0,0,0,0,0,0,0,0,0,0,0,,,,,0
2024-05-19,日,26,0,0,71698,0,33,0,0,361420,0,133,0,0,113090,0,0,0,0,0,0,0,0,0,0,0,,,,,0
2024-05-20,月,0,0,0,0,0,27,0,0,296540,0,118,0,0,158880,0,0,0,0,0,0,0,0,0,0,0,,,,,0
2024-05-21,火,0,0,0,0,0,28,0,0,324720,0,19,0,0,18990,0,0,0,0,0,0,0,0,0,0,0,,,,,0
2024-05-22,水,0,0,0,0,0,18,0,0,179430,0,78,0,0,58030,0,0,0,0,0,0,0,0,0,0,0,,,,,0
2024-05-23,木,0,0,0,0,0,31,0,0,339870,0,82,0,0,65610,0,0,0,0,0,0,0,0,0,0,0,,,,,0
2024-05-24,金,0,0,0,0,0,35,0,0,398570,0,14,0,0,11960,0,0,0,0,0,0,0,0,0,0,0,,,,,0
2024-05-25,土,25,0,0,137680,0,39,0,0,443560,0,61,0,0,54130,0,0,0,0,0,0,0,0,0,0,0,,,,,0
2024-05-26,日,32,0,0,99262,0,40,0,0,422220,0,151,0,0,117810,0,0,0,0,0,0,0,0,0,0,0,,,,,0
2024-05-27,月,0,0,0,0,0,26,0,0,345310,0,4,0,0,4730,0,0,0,0,0,0,0,0,0,0,0,,,,,0
2024-05-28,火,0,0,0,0,0,28,0,0,233530,0,31,0,0,30680,0,0,0,0,0,0,0,0,0,0,0,,,,,0
2024-05-29,水,0,0,0,0,0,33,0,0,297860,0,14,0,0,13510,0,0,0,0,0,0,0,0,0,0,0,,,,,0
2024-05-30,木,0,0,0,0,0,26,0,0,330650,0,31,0,0,55770,0,0,0,0,0,0,0,0,0,0,0,,,,,0
2024-05-31,金,0,0,0,0,0,28,0,0,320760,0,112,0,0,79900,0,0,0,0,0,0,0,0,0,0,0,,,,,0
2024-06-01,土,33,0,0,128830,0,37,0,0,445840,0,249,0,0,218500,0,0,0,0,0,0,0,0,0,0,0,,,,,0
2024-06-02,日,20,0,0,91900,0,29,0,0,314790,0,286,0,0,262160,0,0,0,0,0,0,0,0,0,0,0,,,,,0
2024-06-03,月,0,0,0,0,0,41,0,0,538767,0,66,0,0,54880,0,0,0,0,0,0,0,0,0,0,0,,,,,0
2024-06-04,火,0,0,0,0,0,27,0,0,288510,0,40,0,0,30010,0,0,0,0,0,0,0,0,0,0,0,,,,,0
2024-06-05,水,0,0,0,0,0,29,0,0,301820,0,7,0,0,8400,0,0,0,0,0,0,0,0,0,0,0,,,,,0
2024-06-06,木,0,0,0,0,0,36,0,0,349950,0,23,0,0,20920,0,0,0,0,0,0,0,0,0,0,0,,,,,0
2024-06-07,金,0,0,0,0,0,38,0,0,649440,0,158,0,0,138770,0,0,0,0,0,0,0,0,0,0,0,,,,,0
2024-06-08,土,27,0,0,110890,0,42,0,0,508200,0,168,0,0,151130,0,0,0,0,0,0,0,0,0,0,0,,,,,0
2024-06-09,日,22,0,0,73152,0,45,0,0,460920,0,36,0,0,32630,0,0,0,0,0,0,0,0,0,0,0,,,,,0
2024-06-10,月,0,0,0,0,0,41,0,0,385680,0,99,0,0,83010,0,0,0,0,0,0,0,0,0,0,0,,,,,0
2024-06-11,火,0,0,0,0,0,34,0,0,276860,0,70,0,0,66320,0,0,0,0,0,0,0,0,0,0,0,,,,,0
2024-06-12,水,32,0,0,57610,0,43,0,0,553130,0,109,0,0,87310,0,0,0,0,0,0,0,0,0,0,0,,,,,0
2024-06-13,木,0,0,0,0,0,42,0,0,442150,0,56,0,0,51080,0,0,0,0,0,0,0,0,0,0,0,,,,,0
2024-06-14,金,0,0,0,0,0,36,0,0,396810,0,72,0,0,66990,0,0,0,0,0,0,0,0,0,0,0,,,,,0
2024-06-15,土,40,0,0,223490,0,42,0,0,403810,0,161,0,0,163720,0,0,0,0,0,0,0,0,0,0,0,,,,,0
2024-06-16,日,27,0,0,119470,0,39,0,0,464400,0,23,0,0,22750,0,0,0,0,0,0,0,0,0,0,0,,,,,0
2024-06-17,月,0,0,0,0,0,33,0,0,369120,0,86,0,0,78780,0,0,0,0,0,0,0,0,0,0,0,,,,,0
2024-06-18,火,0,0,0,0,0,39,0,0,429300,0,53,0,0,54430,0,0,0,0,0,0,0,0,0,0,0,,,,,0
2024-06-19,水,0,0,0,0,0,46,0,0,550340,0,124,0,0,115570,0,0,0,0,0,0,0,0,0,0,0,,,,,0
2024-06-20,木,0,0,0,0,0,38,0,0,485820,0,78,0,0,64040,0,0,0,0,0,0,0,0,0,0,0,,,,,0
2024-06-21,金,0,0,0,0,0,44,0,0,517620,0,84,0,0,73950,0,0,0,0,0,0,0,0,0,0,0,,,,,0
2024-06-22,土,28,0,0,141624,0,37,0,0,419690,0,99,0,0,82310,0,0,0,0,0,0,0,0,0,0,0,,,,,0
2024-06-23,日,34,0,0,117010,0,37,0,0,418460,0,121,0,0,94520,0,0,0,0,0,0,0,0,0,0,0,,,,,0
2024-06-24,月,36,0,0,239050,0,39,0,0,516350,0,72,0,0,59670,0,0,0,0,0,0,0,0,0,0,0,,,,,0
2024-06-25,火,0,0,0,0,0,36,0,0,379070,0,31,0,0,39410,0,0,0,0,0,0,0,0,0,0,0,,,,,0
2024-06-26,水,0,0,0,0,0,41,0,0,398340,0,99,0,0,86170,0,0,0,0,0,0,0,0,0,0,0,,,,,0
2024-06-27,木,0,0,0,0,0,30,0,0,306970,0,78,0,0,63840,0,0,0,0,0,0,0,0,0,0,0,,,,,0
2024-06-28,金,0,0,0,0,0,38,0,0,344910,0,111,0,0,100390,0,0,0,0,0,0,0,0,0,0,0,,,,,0
2024-06-29,土,26,0,0,105870,0,39,0,0,370960,0,147,0,0,115700,0,0,0,0,0,0,0,0,0,0,0,,,,,0
2024-06-30,日,31,0,0,109350,0,36,0,0,407220,0,147,0,0,132540,0,0,0,0,0,0,0,0,0,0,0,,,,,0
2024-07-01,月,0,0,0,0,0,34,0,0,346210,0,8,0,0,8780,0,0,0,0,0,0,0,0,0,0,0,,,,,0
2024-07-02,火,0,0,0,0,0,40,0,0,407810,0,110,0,0,93160,0,0,0,0,0,0,0,0,0,0,0,,,,,0
2024-07-03,水,0,0,0,0,0,36,0,0,412430,0,95,0,0,86190,0,0,0,0,0,0,0,0,0,0,0,,,,,0
2024-07-04,木,0,0,0,0,0,43,0,0,404130,0,50,0,0,44860,0,0,0,0,0,0,0,0,0,0,0,,,,,0
2024-07-05,金,0,0,0,0,0,49,0,0,656150,0,63,0,0,55860,0,0,0,0,0,0,0,0,0,0,0,,,,,0
2024-07-06,土,37,0,0,147550,0,44,0,0,448530,0,63,0,0,63650,0,0,0,0,0,0,0,0,0,0,0,,,,,0
2024-07-07,日,33,0,0,153670,0,43,0,0,470430,0,91,0,0,88240,0,0,0,0,0,0,0,0,0,0,0,,,,,0
2024-07-08,月,0,0,0,0,0,35,0,0,411350,0,28,0,0,26370,0,0,0,0,0,0,0,0,0,0,0,,,,,0
2024-07-09,火,0,0,0,0,0,36,0,0,417400,0,55,0,0,46600,0,0,0,0,0,0,0,0,0,0,0,,,,,0
2024-07-10,水,0,0,0,0,0,40,0,0,454600,0,102,0,0,94070,0,0,0,0,0,0,0,0,0,0,0,,,,,0
2024-07-11,木,0,0,0,0,0,40,0,0,445320,0,100,0,0,91890,0,0,0,0,0,0,0,0,0,0,0,,,,,0
2024-07-12,金,0,0,0,0,0,37,0,0,392350,0,86,0,0,36980,0,0,0,0,0,0,0,0,0,0,0,,,,,0
2024-07-13,土,32,0,0,144510,0,39,0,0,418420,0,178,0,0,163020,0,0,0,0,0,0,0,0,0,0,0,,,,,0
2024-07-14,日,33,0,0,152730,0,41,0,0,430660,0,201,0,0,174870,0,0,0,0,0,0,0,0,0,0,0,,,,,0
2024-07-15,月,39,0,0,148070,0,37,0,0,459900,0,132,0,0,167420,0,0,0,0,0,0,0,0,0,0,0,,,,,0
2024-07-16,火,0,0,0,0,0,41,0,0,379620,0,94,0,0,82800,0,0,0,0,0,0,0,0,0,0,0,,,,,0
2024-07-17,水,0,0,0,0,0,38,0,0,392760,0,79,0,0,76120,0,0,0,0,0,0,0,0,0,0,0,,,,,0
2024-07-18,木,0,0,0,0,0,41,0,0,457050,0,95,0,0,76530,0,0,0,0,0,0,0,0,0,0,0,,,,,0
2024-07-19,金,0,0,0,0,0,35,0,0,407550,0,3,0,0,2330,0,0,0,0,0,0,0,0,0,0,0,,,,,0
2024-07-20,土,29,0,0,116434,0,36,0,0,406490,0,140,0,0,149080,0,0,0,0,0,0,0,0,0,0,0,,,,,0
2024-07-21,日,37,0,0,131610,0,39,0,0,414890,0,132,0,0,120900,0,0,0,0,0,0,0,0,0,0,0,,,,,0
2024-07-22,月,0,0,0,0,0,43,0,0,537630,0,105,0,0,107670,0,0,0,0,0,0,0,0,0,0,0,,,,,0
2024-07-23,火,0,0,0,0,0,37,0,0,440220,0,52,0,0,48090,0,0,0,0,0,0,0,0,0,0,0,,,,,0
2024-07-24,水,0,0,0,0,0,38,0,0,452380,0,17,0,0,15930,0,0,0,0,0,0,0,0,0,0,0,,,,,0
2024-07-25,木,0,0,0,0,0,39,0,0,463960,0,82,0,0,84290,0,0,0,0,0,0,0,0,0,0,0,,,,,0
2024-07-26,金,0,0,0,0,0,37,0,0,429930,0,82,0,0,67030,0,0,0,0,0,0,0,0,0,0,0,,,,,0
2024-07-27,土,33,0,0,142424,0,42,0,0,453220,0,102,0,0,89650,0,0,0,0,0,0,0,0,0,0,0,,,,,0
2024-07-28,日,11,0,0,39470,0,37,0,0,398620,0,100,0,0,94820,0,0,0,0,0,0,0,0,0,0,0,,,,,0
2024-07-29,月,0,0,0,0,0,38,0,0,400550,0,15,0,0,17370,0,0,0,0,0,0,0,0,0,0,0,,,,,0
2024-07-30,火,0,0,0,0,0,39,0,0,384620,0,116,0,0,116660,0,0,0,0,0,0,0,0,0,0,0,,,,,0
2024-07-31,水,0,0,0,0,0,43,0,0,484160,0,118,0,0,132060,0,0,0,0,0,0,0,0,0,0,0,,,,,0
2024-08-01,木,0,0,0,0,0,36,0,0,378400,0,69,0,0,66710,0,0,0,0,0,0,0,0,0,0,0,,,,,0
2024-08-02,金,0,0,0,0,0,43,0,0,453610,0,71,0,0,61380,0,0,0,0,0,0,0,0,0,0,0,,,,,0
2024-08-03,土,34,0,0,114434,0,41,0,0,410470,0,105,0,0,98580,0,0,0,0,0,0,0,0,0,0,0,,,,,0
2024-08-04,日,35,0,0,160500,0,39,0,0,493250,0,107,0,0,108920,0,0,0,0,0,0,0,0,0,0,0,,,,,0
2024-08-05,月,0,0,0,0,0,40,0,0,371270,0,66,0,0,69600,0,0,0,0,0,0,0,0,0,0,0,,,,,0
2024-08-06,火,0,0,0,0,0,42,0,0,405990,0,98,0,0,118530,0,0,0,0,0,0,0,0,0,0,0,,,,,0
2024-08-07,水,0,0,0,0,0,37,0,0,403880,0,129,0,0,111550,0,0,0,0,0,0,0,0,0,0,0,,,,,0
2024-08-08,木,0,0,0,0,0,39,0,0,378380,0,75,0,0,61990,0,0,0,0,0,0,0,0,0,0,0,,,,,0
2024-08-09,金,0,0,0,0,0,39,0,0,409010,0,57,0,0,55430,0,0,0,0,0,0,0,0,0,0,0,,,,,0
2024-08-10,土,22,0,0,222920,0,41,0,0,519940,0,133,0,0,101160,0,0,0,0,0,0,0,0,0,0,0,,,,,0
2024-08-11,日,34,0,0,181140,0,39,0,0,405780,0,176,0,0,158130,0,0,0,0,0,0,0,0,0,0,0,,,,,0
2024-08-12,月,37,0,0,154290,0,42,0,0,366820,0,168,0,0,179700,0,0,0,0,0,0,0,0,0,0,0,,,,,0
2024-08-13,火,0,0,0,0,0,34,0,0,395180,0,0,0,0,0,0,0,0,0,0,0,0,0,0,0,0,,,,,0
2024-08-14,水,0,0,0,0,0,40,0,0,394840,0,47,0,0,60730,0,0,0,0,0,0,0,0,0,0,0,,,,,0
2024-08-15,木,0,0,0,0,0,40,0,0,375870,0,136,0,0,126580,0,0,0,0,0,0,0,0,0,0,0,,,,,0
2024-08-16,金,0,0,0,0,0,40,0,0,440850,0,163,0,0,154650,0,0,0,0,0,0,0,0,0,0,0,,,,,0
2024-08-17,土,30,0,0,137140,0,36,0,0,362420,0,70,0,0,66110,0,0,0,0,0,0,0,0,0,0,0,,,,,0
2024-08-18,日,36,0,0,160360,0,38,0,0,392660,0,188,0,0,186730,0,0,0,0,0,0,0,0,0,0,0,,,,,0
2024-08-19,月,0,0,0,0,0,37,0,0,365680,0,128,0,0,118260,0,0,0,0,0,0,0,0,0,0,0,,,,,0
2024-08-20,火,0,0,0,0,0,40,0,0,430140,0,83,0,0,72200,0,0,0,0,0,0,0,0,0,0,0,,,,,0
2024-08-21,水,0,0,0,0,0,37,0,0,374380,0,112,0,0,114440,0,0,0,0,0,0,0,0,0,0,0,,,,,0
2024-08-22,木,0,0,0,0,0,41,0,0,503900,0,51,0,0,47310,0,0,0,0,0,0,0,0,0,0,0,,,,,0
2024-08-23,金,0,0,0,0,0,38,0,0,465040,0,44,0,0,46180,0,0,0,0,0,0,0,0,0,0,0,,,,,0
2024-08-24,土,33,0,0,128682,0,38,0,0,447460,0,126,0,0,119990,0,0,0,0,0,0,0,0,0,0,0,,,,,0
2024-08-25,日,22,0,0,69374,0,41,0,0,389580,0,146,0,0,140510,0,0,0,0,0,0,0,0,0,0,0,,,,,0
2024-08-26,月,0,0,0,0,0,42,0,0,428270,0,87,0,0,79460,0,0,0,0,0,0,0,0,0,0,0,,,,,0
2024-08-27,火,0,0,0,0,0,35,0,0,344120,0,0,0,0,0,0,0,0,0,0,0,0,0,0,0,0,,,,,0
2024-08-28,水,0,0,0,0,0,39,0,0,364310,0,125,0,0,97870,0,0,0,0,0,0,0,0,0,0,0,,,,,0
2024-08-29,木,0,0,0,0,0,33,0,0,441370,0,93,0,0,62390,0,0,0,0,0,0,0,0,0,0,0,,,,,0
2024-08-30,金,0,0,0,0,0,38,0,0,461570,0,16,0,0,16520,0,0,0,0,0,0,0,0,0,0,0,,,,,0
2024-08-31,土,2,0,0,11370,0,38,0,0,427440,0,55,0,0,57250,0,0,0,0,0,0,0,0,0,0,0,,,,,0
2024-09-01,日,36,0,0,140914,0,37,0,0,384240,0,182,0,0,169950,0,0,0,0,0,0,0,0,0,0,0,,,,,0
2024-09-02,月,0,0,0,0,0,39,0,0,483820,0,68,0,0,57710,0,0,0,0,0,0,0,0,0,0,0,,,,,0
2024-09-03,火,0,0,0,0,0,41,0,0,440190,0,119,0,0,108130,0,0,0,0,0,0,0,0,0,0,0,,,,,0
2024-09-04,水,0,0,0,0,0,39,0,0,463420,0,106,0,0,84840,0,0,0,0,0,0,0,0,0,0,0,,,,,0
2024-09-05,木,0,0,0,0,0,37,0,0,393050,0,51,0,0,45920,0,0,0,0,0,0,0,0,0,0,0,,,,,0
2024-09-06,金,0,0,0,0,0,48,0,0,505590,0,66,0,0,48080,0,0,0,0,0,0,0,0,0,0,0,,,,,0
2024-09-07,土,27,0,0,109384,0,39,0,0,393910,0,131,0,0,109920,0,0,0,0,0,0,0,0,0,0,0,,,,,0
2024-09-08,日,33,0,0,139980,0,42,0,0,411400,0,167,0,0,157940,0,0,0,0,0,0,0,0,0,0,0,,,,,0
2024-09-09,月,0,0,0,0,0,42,0,0,470320,0,86,0,0,75430,0,0,0,0,0,0,0,0,0,0,0,,,,,0
2024-09-10,火,0,0,0,0,0,33,0,0,381150,0,13,0,0,8590,0,0,0,0,0,0,0,0,0,0,0,,,,,0
2024-09-11,水,0,0,0,0,0,35,0,0,375110,0,69,0,0,63790,0,0,0,0,0,0,0,0,0,0,0,,,,,0
2024-09-12,木,0,0,0,0,0,40,0,0,445610,0,86,0,0,62980,0,0,0,0,0,0,0,0,0,0,0,,,,,0
2024-09-13,金,0,0,0,0,0,42,0,0,454200,0,69,0,0,42580,0,0,0,0,0,0,0,0,0,0,0,,,,,0
2024-09-14,土,33,0,0,133640,0,38,0,0,470450,0,149,0,0,124390,0,0,0,0,0,0,0,0,0,0,0,,,,,0
2024-09-15,日,37,0,0,165740,0,40,0,0,432470,0,73,0,0,61230,0,0,0,0,0,0,0,0,0,0,0,,,,,0
2024-09-16,月,30,0,0,99210,0,37,0,0,373140,0,203,0,0,160960,0,0,0,0,0,0,0,0,0,0,0,,,,,0
2024-09-17,火,0,0,0,0,0,38,0,0,447770,0,64,0,0,55330,0,0,0,0,0,0,0,0,0,0,0,,,,,0
2024-09-18,水,0,0,0,0,0,36,0,0,406250,0,101,0,0,99080,0,0,0,0,0,0,0,0,0,0,0,,,,,0
2024-09-19,木,0,0,0,0,0,38,0,0,416440,0,91,0,0,65780,0,0,0,0,0,0,0,0,0,0,0,,,,,0
2024-09-20,金,0,0,0,0,0,39,0,0,393590,0,7,0,0,5380,0,0,0,0,0,0,0,0,0,0,0,,,,,0
2024-09-21,土,17,0,0,77790,0,40,0,0,444500,0,115,0,0,93430,0,0,0,0,0,0,0,0,0,0,0,,,,,0
2024-09-22,日,27,0,0,122982,0,40,0,0,424400,0,106,0,0,96440,0,0,0,0,0,0,0,0,0,0,0,,,,,0
2024-09-23,月,24,0,0,124120,0,38,0,0,433290,0,183,0,0,170710,0,0,0,0,0,0,0,0,0,0,0,,,,,0
2024-09-24,火,0,0,0,0,0,37,0,0,339720,0,89,0,0,84750,0,0,0,0,0,0,0,0,0,0,0,,,,,0
2024-09-25,水,0,0,0,0,0,34,0,0,384130,0,92,0,0,61400,0,0,0,0,0,0,0,0,0,0,0,,,,,0
2024-09-26,木,0,0,0,0,0,37,0,0,336330,0,53,0,0,43760,0,0,0,0,0,0,0,0,0,0,0,,,,,0
2024-09-27,金,0,0,0,0,0,38,0,0,364390,0,70,0,0,58800,0,0,0,0,0,0,0,0,0,0,0,,,,,0
2024-09-28,土,20,0,0,86988,0,37,0,0,383260,0,64,0,0,48210,0,0,0,0,0,0,0,0,0,0,0,,,,,0
2024-09-29,日,29,0,0,128080,0,36,0,0,348110,0,169,0,0,177850,0,0,0,0,0,0,0,0,0,0,0,,,,,0
2024-09-30,月,0,0,0,0,0,35,0,0,358280,0,61,0,0,57200,0,0,0,0,0,0,0,0,0,0,0,,,,,0
2024-10-01,火,0,0,0,0,0,0,0,0,1696,0,92,0,0,69740,0,0,0,0,0,0,0,0,0,0,0,,,,,0
2024-10-02,水,0,0,0,0,0,0,0,0,1747,0,36,0,0,28370,0,0,0,0,0,0,0,0,0,0,0,,,,,0
2024-10-03,木,0,0,0,0,0,0,0,0,1441,0,52,0,0,40360,0,0,0,0,0,0,0,0,0,0,0,,,,,0
2024-10-04,金,0,0,0,0,0,0,0,0,2309,0,18,0,0,15310,0,0,0,0,0,0,0,0,0,0,0,,,,,0
2024-10-05,土,9,0,0,648,0,0,0,0,1294,0,181,0,0,161970,0,0,0,0,0,0,0,0,0,0,0,,,,,0
2024-10-06,日,11,0,0,432,0,0,0,0,1545,0,119,0,0,108170,0,0,0,0,0,0,0,0,0,0,0,,,,,0
2024-10-07,月,0,0,0,0,0,0,0,0,1973,0,28,0,0,25610,0,0,0,0,0,0,0,0,0,0,0,,,,,0
2024-10-08,火,0,0,0,0,0,0,0,0,1044,0,56,0,0,43860,0,0,0,0,0,0,0,0,0,0,0,,,,,0
2024-10-09,水,0,0,0,0,0,0,0,0,1336,0,70,0,0,56370,0,0,0,0,0,0,0,0,0,0,0,,,,,0
2024-10-10,木,0,0,0,0,0,0,0,0,935,0,101,0,0,63630,0,0,0,0,0,0,0,0,0,0,0,,,,,0
2024-10-11,金,0,0,0,0,0,0,0,0,1703,0,94,0,0,65270,0,0,0,0,0,0,0,0,0,0,0,,,,,0
2024-10-12,土,13,0,0,689,0,0,0,0,3000,0,150,0,0,148300,0,0,0,0,0,0,0,0,0,0,0,,,,,0
2024-10-13,日,14,0,0,372,0,0,0,0,1510,0,195,0,0,198440,0,0,0,0,0,0,0,0,0,0,0,,,,,0
2024-10-14,月,11,0,0,508,0,0,0,0,1692,0,225,0,0,214230,0,0,0,0,0,0,0,0,0,0,0,,,,,0
2024-10-15,火,0,0,0,0,0,0,0,0,1920,0,100,0,0,84880,0,0,0,0,0,0,0,0,0,0,0,,,,,0
2024-10-16,水,0,0,0,0,0,0,0,0,1879,0,91,0,0,85800,0,0,0,0,0,0,0,0,0,0,0,,,,,0
2024-10-17,木,0,0,0,0,0,0,0,0,1523,0,94,0,0,85190,0,0,0,0,0,0,0,0,0,0,0,,,,,0
2024-10-18,金,0,0,0,0,0,0,0,0,1630,0,35,0,0,31550,0,0,0,0,0,0,0,0,0,0,0,,,,,0
2024-10-19,土,3,0,0,507,0,0,0,0,1446,0,2,0,0,1600,0,0,0,0,0,0,0,0,0,0,0,,,,,0
2024-10-20,日,10,0,0,947,0,0,0,0,1561,0,185,0,0,140350,0,0,0,0,0,0,0,0,0,0,0,,,,,0
2024-10-21,月,0,0,0,0,0,0,0,0,1124,0,131,0,0,85770,0,0,0,0,0,0,0,0,0,0,0,,,,,0
2024-10-22,火,0,0,0,0,0,0,0,0,1536,0,97,0,0,88310,0,0,0,0,0,0,0,0,0,0,0,,,,,0
2024-10-23,水,0,0,0,0,0,0,0,0,636,0,0,0,0,0,0,0,0,0,0,0,0,0,0,0,0,,,,,0
2024-10-24,木,0,0,0,0,0,0,0,0,1306,0,104,0,0,77820,0,0,0,0,0,0,0,0,0,0,0,,,,,0
2024-10-25,金,0,0,0,0,0,0,0,0,1673,0,107,0,0,90100,0,0,0,0,0,0,0,0,0,0,0,,,,,0
2024-10-26,土,8,0,0,1132,0,0,0,0,1662,0,225,0,0,190690,0,0,0,0,0,0,0,0,0,0,0,,,,,0
2024-10-27,日,15,0,0,492,0,0,0,0,1925,0,183,0,0,165640,0,0,0,0,0,0,0,0,0,0,0,,,,,0
2024-10-28,月,0,0,0,0,0,0,0,0,1475,0,33,0,0,29020,0,0,0,0,0,0,0,0,0,0,0,,,,,0
2024-10-29,火,0,0,0,0,0,0,0,0,1279,0,179,0,0,110960,0,0,0,0,0,0,0,0,0,0,0,,,,,0
2024-10-30,水,0,0,0,0,0,0,0,0,1230,0,101,0,0,82010,0,0,0,0,0,0,0,0,0,0,0,,,,,0
2024-10-31,木,0,0,0,0,0,0,0,0,1374,0,86,0,0,74050,0,0,0,0,0,0,0,0,0,0,0,,,,,0
2024-11-01,金,0,0,0,0,0,0,0,0,2051,0,37,0,0,32080,0,0,0,0,0,0,0,0,0,0,0,,,,,0
2024-11-02,土,13,0,0,653,0,0,0,0,1238,0,93,0,0,88750,0,0,0,0,0,0,0,0,0,0,0,,,,,0
2024-11-03,日,14,0,0,269,0,0,0,0,1353,0,140,0,0,108980,0,0,0,0,0,0,0,0,0,0,0,,,,,0
2024-11-04,月,6,0,0,175,0,0,0,0,1180,0,45,0,0,36900,0,0,0,0,0,0,0,0,0,0,0,,,,,0
2024-11-05,火,0,0,0,0,0,0,0,0,1592,0,92,0,0,86030,0,0,0,0,0,0,0,0,0,0,0,,,,,0
2024-11-06,水,0,0,0,0,0,0,0,0,1211,0,49,0,0,48780,0,0,0,0,0,0,0,0,0,0,0,,,,,0
2024-11-07,木,0,0,0,0,0,0,0,0,0,0,0,0,0,0,0,0,0,0,0,0,0,0,0,0,0,,,,,0
2024-11-08,金,0,0,0,0,0,0,0,0,1372,0,70,0,0,62100,0,0,0,0,0,0,0,0,0,0,0,,,,,0
2024-11-09,土,13,0,0,409,0,0,0,0,1601,0,97,0,0,78090,0,0,0,0,0,0,0,0,0,0,0,,,,,0
2024-11-10,日,11,0,0,165,0,0,0,0,1596,0,111,0,0,93480,0,0,0,0,0,0,0,0,0,0,0,,,,,0
2024-11-11,月,0,0,0,0,0,0,0,0,1685,0,46,0,0,37120,0,0,0,0,0,0,0,0,0,0,0,,,,,0
2024-11-12,火,0,0,0,0,0,0,0,0,3125,0,31,0,0,36670,0,0,0,0,0,0,0,0,0,0,0,,,,,0
2024-11-13,水,0,0,0,0,0,0,0,0,1579,0,91,0,0,61120,0,0,0,0,0,0,0,0,0,0,0,,,,,0
2024-11-14,木,0,0,0,0,0,0,0,0,1080,0,74,0,0,67250,0,0,0,0,0,0,0,0,0,0,0,,,,,0
2024-11-15,金,0,0,0,0,0,0,0,0,1861,0,60,0,0,63280,0,0,0,0,0,0,0,0,0,0,0,,,,,0
2024-11-16,土,11,0,0,732,0,0,0,0,1496,0,56,0,0,59730,0,0,0,0,0,0,0,0,0,0,0,,,,,0
2024-11-17,日,6,0,0,678,0,0,0,0,1785,0,25,0,0,19630,0,0,0,0,0,0,0,0,0,0,0,,,,,0
2024-11-18,月,0,0,0,0,0,0,0,0,1520,0,48,0,0,51410,0,0,0,0,0,0,0,0,0,0,0,,,,,0
2024-11-19,火,0,0,0,0,0,0,0,0,1058,0,40,0,0,32810,0,0,0,0,0,0,0,0,0,0,0,,,,,0
2024-11-20,水,0,0,0,0,0,0,0,0,1342,0,106,0,0,94300,0,0,0,0,0,0,0,0,0,0,0,,,,,0
2024-11-21,木,0,0,0,0,0,0,0,0,1433,0,94,0,0,83760,0,0,0,0,0,0,0,0,0,0,0,,,,,0
2024-11-22,金,0,0,0,0,0,0,0,0,1067,0,52,0,0,40900,0,0,0,0,0,0,0,0,0,0,0,,,,,0
2024-11-23,土,12,0,0,630,0,0,0,0,0,0,0,0,0,0,0,0,0,0,0,0,0,0,0,0,0,,,,,0
2024-11-24,日,0,0,0,0,0,0,0,0,0,0,0,0,0,0,0,0,0,0,0,0,0,0,0,0,0,,,,,0
2024-11-25,月,0,0,0,0,0,0,0,0,1146,0,114,0,0,101170,0,0,0,0,0,0,0,0,0,0,0,,,,,0
2024-11-26,火,0,0,0,0,0,0,0,0,0,0,42,0,0,30740,0,0,0,0,0,0,0,0,0,0,0,,,,,0
2024-11-27,水,0,0,0,0,0,0,0,0,1734,0,53,0,0,35200,0,0,0,0,0,0,0,0,0,0,0,,,,,0
2024-11-28,木,0,0,0,0,0,0,0,0,1637,0,90,0,0,68580,0,0,0,0,0,0,0,0,0,0,0,,,,,0
2024-11-29,金,0,0,0,0,0,0,0,0,1089,0,48,0,0,49020,0,0,0,0,0,0,0,0,0,0,0,,,,,0
2024-11-30,土,6,0,0,972,0,0,0,0,1344,0,127,0,0,106010,0,0,0,0,0,0,0,0,0,0,0,,,,,0
2024-12-01,日,8,0,0,603,0,0,0,0,1797,0,148,0,0,133160,0,0,0,0,0,0,0,0,0,0,0,,,,,0
2024-12-02,月,0,0,0,0,0,0,0,0,1001,0,91,0,0,79220,0,0,0,0,0,0,0,0,0,0,0,,,,,0
2024-12-03,火,0,0,0,0,0,0,0,0,1302,0,66,0,0,65240,0,0,0,0,0,0,0,0,0,0,0,,,,,0
2024-12-04,水,0,0,0,0,0,0,0,0,847,0,60,0,0,50100,0,0,0,0,0,0,0,0,0,0,0,,,,,0
2024-12-05,木,0,0,0,0,0,0,0,0,1456,0,114,0,0,103430,0,0,0,0,0,0,0,0,0,0,0,,,,,0
2024-12-06,金,0,0,0,0,0,0,0,0,0,0,37,0,0,30310,0,0,0,0,0,0,0,0,0,0,0,,,,,0
2024-12-07,土,9,0,0,608,0,0,0,0,1508,0,117,0,0,112970,0,0,0,0,0,0,0,0,0,0,0,,,,,0
2024-12-08,日,0,0,0,0,0,0,0,0,0,0,0,0,0,0,0,0,0,0,0,0,0,0,0,0,0,,,,,0
2024-12-09,月,0,0,0,0,0,0,0,0,1640,0,99,0,0,82980,0,0,0,0,0,0,0,0,0,0,0,,,,,0
2024-12-10,火,0,0,0,0,0,0,0,0,1500,0,128,0,0,124120,0,0,0,0,0,0,0,0,0,0,0,,,,,0
2024-12-11,水,0,0,0,0,0,0,0,0,1202,0,120,0,0,102000,0,0,0,0,0,0,0,0,0,0,0,,,,,0
2024-12-12,木,0,0,0,0,0,0,0,0,1416,0,93,0,0,82840,0,0,0,0,0,0,0,0,0,0,0,,,,,0
2024-12-13,金,0,0,0,0,0,0,0,0,1547,0,108,0,0,72140,0,0,0,0,0,0,0,0,0,0,0,,,,,0
2024-12-14,土,5,0,0,230,0,0,0,0,1781,0,160,0,0,165140,0,0,0,0,0,0,0,0,0,0,0,,,,,0
2024-12-15,日,8,0,0,326,0,0,0,0,1055,0,135,0,0,120740,0,0,0,0,0,0,0,0,0,0,0,,,,,0
2024-12-16,月,0,0,0,0,0,0,0,0,1030,0,80,0,0,79970,0,0,0,0,0,0,0,0,0,0,0,,,,,0
2024-12-17,火,0,0,0,0,0,0,0,0,1173,0,141,0,0,111330,0,0,0,0,0,0,0,0,0,0,0,,,,,0
2024-12-18,水,0,0,0,0,0,0,0,0,1229,0,107,0,0,103720,0,0,0,0,0,0,0,0,0,0,0,,,,,0
2024-12-19,木,0,0,0,0,0,0,0,0,836,0,92,0,0,89470,0,0,0,0,0,0,0,0,0,0,0,,,,,0
2024-12-20,金,0,0,0,0,0,0,0,0,1825,0,120,0,0,115080,0,0,0,0,0,0,0,0,0,0,0,,,,,0
2024-12-21,土,14,0,0,777,0,0,0,0,2064,0,116,0,0,108460,0,0,0,0,0,0,0,0,0,0,0,,,,,0
2024-12-22,日,10,0,0,749,0,0,0,0,1758,0,238,0,0,235970,0,0,0,0,0,0,0,0,0,0,0,,,,,0
2024-12-23,月,3,0,0,551,0,0,0,0,1385,0,143,0,0,175330,0,0,0,0,0,0,0,0,0,0,0,,,,,0
2024-12-24,火,8,0,0,1510,0,0,0,0,1957,0,169,0,0,188340,0,0,0,0,0,0,0,0,0,0,0,,,,,0
2024-12-25,水,12,0,0,670,0,0,0,0,2193,0,188,0,0,222210,0,0,0,0,0,0,0,0,0,0,0,,,,,0
2024-12-26,木,0,0,0,0,0,0,0,0,999,0,202,0,0,271910,0,0,0,0,0,0,0,0,0,0,0,,,,,0
2024-12-27,金,0,0,0,0,0,0,0,0,1435,0,151,0,0,154720,0,0,0,0,0,0,0,0,0,0,0,,,,,0
2024-12-28,土,8,0,0,925,0,0,0,0,1234,0,197,0,0,207450,0,0,0,0,0,0,0,0,0,0,0,,,,,0
2024-12-29,日,7,0,0,392,0,0,0,0,1498,0,248,0,0,202090,0,0,0,0,0,0,0,0,0,0,0,,,,,0
2024-12-30,月,0,0,0,0,0,0,0,0,2205,0,203,0,0,244480,0,0,0,0,0,0,0,0,0,0,0,,,,,0
2024-12-31,火,0,0,0,0,0,0,0,0,0,0,0,0,0,0,0,0,0,0,0,0,0,0,0,0,0,,,,,0
2025-01-01,水,0,0,0,0,0,0,0,0,0,0,103,0,0,84780,0,0,0,0,0,0,0,0,0,0,0,,,,,0
2025-01-02,木,0,0,0,0,0,0,0,0,1310,0,225,0,0,234650,0,0,0,0,0,0,0,0,0,0,0,,,,,0
2025-01-03,金,0,0,0,0,0,0,0,0,1144,0,150,0,0,173240,0,0,0,0,0,0,0,0,0,0,0,,,,,0
2025-01-04,土,9,0,0,229,0,0,0,0,1968,0,174,0,0,181260,0,0,0,0,0,0,0,0,0,0,0,,,,,0
2025-01-05,日,13,0,0,871,0,0,0,0,2135,0,181,0,0,172630,0,0,0,0,0,0,0,0,0,0,0,,,,,0
2025-01-06,月,0,0,0,0,0,0,0,0,737,0,54,0,0,64830,0,0,0,0,0,0,0,0,0,0,0,,,,,0
2025-01-07,火,0,0,0,0,0,0,0,0,0,0,0,0,0,0,0,0,0,0,0,0,0,0,0,0,0,,,,,0
2025-01-08,水,0,0,0,0,0,0,0,0,1159,0,148,0,0,142690,0,0,0,0,0,0,0,0,0,0,0,,,,,0
2025-01-09,木,0,0,0,0,0,0,0,0,1412,0,122,0,0,109180,0,0,0,0,0,0,0,0,0,0,0,,,,,0
2025-01-10,金,0,0,0,0,0,0,0,0,1043,0,100,0,0,87160,0,0,0,0,0,0,0,0,0,0,0,,,,,0
2025-01-11,土,7,0,0,798,0,0,0,0,1251,0,87,0,0,81390,0,0,0,0,0,0,0,0,0,0,0,,,,,0
2025-01-12,日,7,0,0,167,0,0,0,0,2027,0,154,0,0,131490,0,0,0,0,0,0,0,0,0,0,0,,,,,0
2025-01-13,月,7,0,0,411,0,0,0,0,890,0,124,0,0,116370,0,0,0,0,0,0,0,0,0,0,0,,,,,0
2025-01-14,火,0,0,0,0,0,0,0,0,1230,0,88,0,0,85740,0,0,0,0,0,0,0,0,0,0,0,,,,,0
2025-01-15,水,0,0,0,0,0,0,0,0,1498,0,130,0,0,131520,0,0,0,0,0,0,0,0,0,0,0,,,,,0
2025-01-16,木,0,0,0,0,0,0,0,0,937,0,87,0,0,67620,0,0,0,0,0,0,0,0,0,0,0,,,,,0
2025-01-17,金,0,0,0,0,0,0,0,0,0,0,0,0,0,0,0,0,0,0,0,0,0,0,0,0,0,,,,,0
2025-01-18,土,6,0,0,660,0,0,0,0,1121,0,143,0,0,107900,0,0,0,0,0,0,0,0,0,0,0,,,,,0
2025-01-19,日,8,0,0,629,0,0,0,0,1904,0,148,0,0,138560,0,0,0,0,0,0,0,0,0,0,0,,,,,0
2025-01-20,月,0,0,0,0,0,0,0,0,1558,0,132,0,0,148350,0,0,0,0,0,0,0,0,0,0,0,,,,,0
2025-01-21,火,0,0,0,0,0,0,0,0,1377,0,104,0,0,89480,0,0,0,0,0,0,0,0,0,0,0,,,,,0
2025-01-22,水,0,0,0,0,0,0,0,0,1797,0,116,0,0,103280,0,0,0,0,0,0,0,0,0,0,0,,,,,0
2025-01-23,木,0,0,0,0,0,0,0,0,1423,0,120,0,0,108690,0,0,0,0,0,0,0,0,0,0,0,,,,,0
2025-01-24,金,0,0,0,0,0,0,0,0,1395,0,102,0,0,101950,0,0,0,0,0,0,0,0,0,0,0,,,,,0
2025-01-25,土,11,0,0,453,0,0,0,0,1466,0,178,0,0,149460,0,0,0,0,0,0,0,0,0,0,0,,,,,0
2025-01-26,日,8,0,0,543,0,0,0,0,1237,0,179,0,0,183460,0,0,0,0,0,0,0,0,0,0,0,,,,,0
2025-01-27,月,0,0,0,0,0,0,0,0,2000,0,158,0,0,154830,0,0,0,0,0,0,0,0,0,0,0,,,,,0
2025-01-28,火,0,0,0,0,0,0,0,0,1218,0,163,0,0,127500,0,0,0,0,0,0,0,0,0,0,0,,,,,0
2025-01-29,水,0,0,0,0,0,0,0,0,1297,0,135,0,0,112610,0,0,0,0,0,0,0,0,0,0,0,,,,,0
2025-01-30,木,0,0,0,0,0,0,0,0,0,0,0,0,0,0,0,0,0,0,0,0,0,0,0,0,0,,,,,0
2025-01-31,金,0,0,0,0,0,0,0,0,0,0,0,0,0,0,0,0,0,0,0,0,0,0,0,0,0,,,,,0
2025-02-01,土,7,0,0,461,0,0,0,0,1644,0,159,0,0,151240,0,0,0,0,0,0,0,0,0,0,0,,,,,0
2025-02-02,日,10,0,0,709,0,0,0,0,1370,0,147,0,0,105860,0,0,0,0,0,0,0,0,0,0,0,,,,,0
2025-02-03,月,0,0,0,0,0,0,0,0,2531,0,172,0,0,86440,0,0,0,0,0,0,0,0,0,0,0,,,,,0
2025-02-04,火,0,0,0,0,0,0,0,0,1640,0,165,0,0,158180,0,0,0,0,0,0,0,0,0,0,0,,,,,0
2025-02-05,水,0,0,0,0,0,0,0,0,0,0,154,0,0,124470,0,0,0,0,0,0,0,0,0,0,0,,,,,0
2025-02-06,木,0,0,0,0,0,0,0,0,1359,0,271,0,0,245680,0,0,0,0,0,0,0,0,0,0,0,,,,,0
2025-02-07,金,0,0,0,0,0,0,0,0,1943,0,185,0,0,199000,0,0,0,0,0,0,0,0,0,0,0,,,,,0
2025-02-08,土,8,0,0,796,0,0,0,0,0,0,67,0,0,78070,0,0,0,0,0,0,0,0,0,0,0,,,,,0
2025-02-09,日,0,0,0,0,0,0,0,0,0,0,0,0,0,0,0,0,0,0,0,0,0,0,0,0,0,,,,,0
2025-02-10,月,0,0,0,0,0,0,0,0,1801,0,193,0,0,227750,0,0,0,0,0,0,0,0,0,0,0,,,,,0
2025-02-11,火,6,0,0,762,0,0,0,0,0,0,54,0,0,65320,0,0,0,0,0,0,0,0,0,0,0,,,,,0
2025-02-12,水,0,0,0,0,0,0,0,0,1172,0,165,0,0,167490,0,0,0,0,0,0,0,0,0,0,0,,,,,0
2025-02-13,木,0,0,0,0,0,0,0,0,0,0,0,0,0,0,0,0,0,0,0,0,0,0,0,0,0,,,,,0
2025-02-14,金,0,0,0,0,0,0,0,0,0,0,0,0,0,0,0,0,0,0,0,0,0,0,0,0,0,,,,,0
2025-02-15,土,0,0,0,0,0,0,0,0,1404,0,47,0,0,38980,0,0,0,0,0,0,0,0,0,0,0,,,,,0
2025-02-16,日,6,0,0,976,0,0,0,0,1066,0,149,0,0,137120,0,0,0,0,0,0,0,0,0,0,0,,,,,0
2025-02-17,月,0,0,0,0,0,0,0,0,1339,0,136,0,0,131670,0,0,0,0,0,0,0,0,0,0,0,,,,,0
2025-02-18,火,0,0,0,0,0,0,0,0,1497,0,105,0,0,95780,0,0,0,0,0,0,0,0,0,0,0,,,,,0
2025-02-19,水,0,0,0,0,0,0,0,0,1316,0,71,0,0,43930,0,0,0,0,0,0,0,0,0,0,0,,,,,0
2025-02-20,木,0,0,0,0,0,0,0,0,835,0,164,0,0,137070,0,0,0,0,0,0,0,0,0,0,0,,,,,0
2025-02-21,金,0,0,0,0,0,0,0,0,1132,0,82,0,0,80660,0,0,0,0,0,0,0,0,0,0,0,,,,,0
2025-02-22,土,6,0,0,379,0,0,0,0,1205,0,135,0,0,137010,0,0,0,0,0,0,0,0,0,0,0,,,,,0
2025-02-23,日,8,0,0,615,0,0,0,0,1272,0,133,0,0,115190,0,0,0,0,0,0,0,0,0,0,0,,,,,0
2025-02-24,月,9,0,0,380,0,0,0,0,1080,0,116,0,0,109370,0,0,0,0,0,0,0,0,0,0,0,,,,,0
2025-02-25,火,0,0,0,0,0,0,0,0,1667,0,86,0,0,76750,0,0,0,0,0,0,0,0,0,0,0,,,,,0
2025-02-26,水,0,0,0,0,0,0,0,0,0,0,0,0,0,0,0,0,0,0,0,0,0,0,0,0,0,,,,,0
2025-02-27,木,0,0,0,0,0,0,0,0,1393,0,84,0,0,63380,0,0,0,0,0,0,0,0,0,0,0,,,,,0
2025-02-28,金,0,0,0,0,0,0,0,0,1234,0,113,0,0,90530,0,0,0,0,0,0,0,0,0,0,0,,,,,0
2025-03-01,土,8,0,0,1076,0,0,0,0,1893,0,182,0,0,118100,0,0,0,0,0,0,0,0,0,0,0,,,,,0
2025-03-02,日,0,0,0,0,0,0,0,0,0,0,0,0,0,0,0,0,0,0,0,0,0,0,0,0,0,,,,,0
2025-03-03,月,0,0,0,0,0,0,0,0,1299,0,65,0,0,54240,0,0,0,0,0,0,0,0,0,0,0,,,,,0
2025-03-04,火,0,0,0,0,0,0,0,0,856,0,24,0,0,20780,0,0,0,0,0,0,0,0,0,0,0,,,,,0
2025-03-05,水,0,0,0,0,0,0,0,0,1081,0,104,0,0,97810,0,0,0,0,0,0,0,0,0,0,0,,,,,0
2025-03-06,木,0,0,0,0,0,0,0,0,1057,0,57,0,0,44240,0,0,0,0,0,0,0,0,0,0,0,,,,,0
2025-03-07,金,0,0,0,0,0,0,0,0,0,0,18,0,0,18290,0,0,0,0,0,0,0,0,0,0,0,,,,,0
2025-03-08,土,7,0,0,373,0,0,0,0,1843,0,97,0,0,89560,0,0,0,0,0,0,0,0,0,0,0,,,,,0
2025-03-09,日,8,0,0,1399,0,0,0,0,1712,0,26,0,0,17430,0,0,0,0,0,0,0,0,0,0,0,,,,,0
2025-03-10,月,0,0,0,0,0,0,0,0,1363,0,78,0,0,69380,0,0,0,0,0,0,0,0,0,0,0,,,,,0
2025-03-11,火,0,0,0,0,0,0,0,0,1246,0,136,0,0,93570,0,0,0,0,0,0,0,0,0,0,0,,,,,0
2025-03-12,水,0,0,0,0,0,0,0,0,1002,0,120,0,0,95660,0,0,0,0,0,0,0,0,0,0,0,,,,,0
2025-03-13,木,0,0,0,0,0,0,0,0,1910,0,146,0,0,88720,0,0,0,0,0,0,0,0,0,0,0,,,,,0
2025-03-14,金,0,0,0,0,0,0,0,0,0,0,0,0,0,0,0,0,0,0,0,0,0,0,0,0,0,,,,,0
2025-03-15,土,7,0,0,524,0,0,0,0,1941,0,77,0,0,72480,0,0,0,0,0,0,0,0,0,0,0,,,,,0
2025-03-16,日,8,0,0,533,0,0,0,0,1593,0,123,0,0,114600,0,0,0,0,0,0,0,0,0,0,0,,,,,0
2025-03-17,月,0,0,0,0,0,0,0,0,1482,0,96,0,0,81020,0,0,0,0,0,0,0,0,0,0,0,,,,,0
2025-03-18,火,0,0,0,0,0,0,0,0,1351,0,113,0,0,94350,0,0,0,0,0,0,0,0,0,0,0,,,,,0
2025-03-19,水,0,0,0,0,0,0,0,0,1224,0,97,0,0,80720,0,0,0,0,0,0,0,0,0,0,0,,,,,0
2025-03-20,木,11,0,0,537,0,0,0,0,1027,0,159,0,0,105500,0,0,0,0,0,0,0,0,0,0,0,,,,,0
2025-03-21,金,0,0,0,0,0,0,0,0,1128,0,131,0,0,71760,0,0,0,0,0,0,0,0,0,0,0,,,,,0
2025-03-22,土,0,0,0,0,0,0,0,0,0,0,0,0,0,0,0,0,0,0,0,0,0,0,0,0,0,,,,,0
2025-03-23,日,0,0,0,0,0,0,0,0,1468,0,33,0,0,16710,0,0,0,0,0,0,0,0,0,0,0,,,,,0
2025-03-24,月,0,0,0,0,0,0,0,0,1444,0,140,0,0,113770,0,0,0,0,0,0,0,0,0,0,0,,,,,0
2025-03-25,火,0,0,0,0,0,0,0,0,1495,0,87,0,0,84030,0,0,0,0,0,0,0,0,0,0,0,,,,,0
2025-03-26,水,0,0,0,0,0,0,0,0,0,0,0,0,0,0,0,0,0,0,0,0,0,0,0,0,0,,,,,0
2025-03-27,木,0,0,0,0,0,0,0,0,0,0,0,0,0,0,0,0,0,0,0,0,0,0,0,0,0,,,,,0
2025-03-28,金,0,0,0,0,0,0,0,0,0,0,0,0,0,0,0,0,0,0,0,0,0,0,0,0,0,,,,,0
2025-03-29,土,0,0,0,0,0,0,0,0,0,0,0,0,0,0,0,0,0,0,0,0,0,0,0,0,0,,,,,0
2025-03-30,日,0,0,0,0,0,0,0,0,0,0,0,0,0,0,0,0,0,0,0,0,0,0,0,0,0,,,,,0
2025-03-31,月,0,0,0,0,0,0,0,0,0,0,0,0,0,0,0,0,0,0,0,0,0,0,0,0,0,,,,,0
2025-04-01,火,0,0,0,0,0,0,0,0,0,0,0,0,0,0,0,0,0,0,0,0,0,0,0,0,0,,,,,0
2025-04-02,水,0,0,0,0,0,0,0,0,0,0,0,0,0,0,0,0,0,0,0,0,0,0,0,0,0,,,,,0
2025-04-03,木,0,0,0,0,0,0,0,0,0,0,0,0,0,0,0,0,0,0,0,0,0,0,0,0,0,,,,,0
2025-04-04,金,0,0,0,0,0,0,0,0,0,0,0,0,0,0,0,0,0,0,0,0,0,0,0,0,0,,,,,0
2025-04-05,土,0,0,0,0,0,0,0,0,0,0,0,0,0,0,0,0,0,0,0,0,0,0,0,0,0,,,,,0
2025-04-06,日,0,0,0,0,0,0,0,0,0,0,0,0,0,0,0,0,0,0,0,0,0,0,0,0,0,,,,,0
2025-04-07,月,0,0,0,0,0,0,0,0,0,0,0,0,0,0,0,0,0,0,0,0,0,0,0,0,0,,,,,0
2025-04-08,火,0,0,0,0,0,0,0,0,0,0,0,0,0,0,0,0,0,0,0,0,0,0,0,0,0,,,,,0
2025-04-09,水,0,0,0,0,0,0,0,0,0,0,0,0,0,0,0,0,0,0,0,0,0,0,0,0,0,,,,,0
2025-04-10,木,0,0,0,0,0,0,0,0,0,0,0,0,0,0,0,0,0,0,0,0,0,0,0,0,0,,,,,0
2025-04-11,金,0,0,0,0,0,0,0,0,0,0,0,0,0,0,0,0,0,0,0,0,0,0,0,0,0,,,,,0
2025-04-12,土,0,0,0,0,0,0,0,0,0,0,0,0,0,0,0,0,0,0,0,0,0,0,0,0,0,,,,,0
2025-04-13,日,0,0,0,0,0,0,0,0,0,0,0,0,0,0,0,0,0,0,0,0,0,0,0,0,0,,,,,0
2025-04-14,月,0,0,0,0,0,0,0,0,0,0,0,0,0,0,0,0,0,0,0,0,0,0,0,0,0,,,,,0
2025-04-15,火,0,0,0,0,0,0,0,0,0,0,0,0,0,0,0,0,0,0,0,0,0,0,0,0,0,,,,,0
2025-04-16,水,0,0,0,0,0,0,0,0,0,0,0,0,0,0,0,0,0,0,0,0,0,0,0,0,0,,,,,0
2025-04-17,木,0,0,0,0,0,0,0,0,0,0,0,0,0,0,0,0,0,0,0,0,0,0,0,0,0,,,,,0
2025-04-18,金,0,0,0,0,0,0,0,0,1300,0,0,0,0,0,0,0,0,0,0,0,0,0,0,0,0,,,,,0
2025-04-19,土,0,0,0,0,0,0,0,0,1817,0,0,0,0,0,0,0,0,0,0,0,0,0,0,0,0,,,,,0
2025-04-20,日,0,0,0,0,0,0,0,0,1961,0,0,0,0,0,0,0,0,0,0,0,0,0,0,0,0,,,,,0
2025-04-21,月,0,0,0,0,0,0,0,0,1826,0,0,0,0,0,0,0,0,0,0,0,0,0,0,0,0,,,,,0
2025-04-22,火,0,0,0,0,0,0,0,0,2479,0,0,0,0,0,0,0,0,0,0,0,0,0,0,0,0,,,,,0
2025-04-23,水,0,0,0,0,0,0,0,0,2144,0,0,0,0,0,0,0,0,0,0,0,0,0,0,0,0,,,,,0
2025-04-24,木,0,0,0,0,0,0,0,0,1545,0,0,0,0,0,0,0,0,0,0,0,0,0,0,0,0,,,,,0
2025-04-25,金,0,0,0,0,0,0,0,0,1028,0,92,0,0,80040,0,0,0,0,0,0,0,0,0,0,0,,,,,0
2025-04-26,土,9,0,0,591,0,0,0,0,1986,0,126,0,0,104560,0,0,0,0,0,0,0,0,0,0,0,,,,,0
2025-04-27,日,10,0,0,326,0,0,0,0,1379,0,148,0,0,117150,0,0,0,0,0,0,0,0,0,0,0,,,,,0
2025-04-28,月,0,0,0,0,0,0,0,0,919,0,141,0,0,136280,0,0,0,0,0,0,0,0,0,0,0,,,,,0
2025-04-29,火,9,0,0,435,0,0,0,0,1437,0,16,0,0,14120,0,0,0,0,0,0,0,0,0,0,0,,,,,0
2025-04-30,水,0,0,0,0,0,0,0,0,1628,0,36,0,0,26370,0,0,0,0,0,0,0,0,0,0,0,,,,,0
2025-05-01,木,0,0,0,0,0,0,0,0,1718,0,176,0,0,182310,0,0,0,0,0,0,0,0,0,0,0,,,,,0
2025-05-02,金,0,0,0,0,0,0,0,0,1505,0,15,0,0,11100,0,0,0,0,0,0,0,0,0,0,0,,,,,0
2025-05-03,土,0,0,0,577,0,0,0,0,1766,0,156,0,0,143220,0,0,0,0,0,0,0,0,0,0,0,,,,,0
2025-05-04,日,0,0,0,779,0,0,0,0,1520,0,103,0,0,125040,0,0,0,0,0,0,0,0,0,0,0,,,,,0
2025-05-05,月,0,0,0,847,0,0,0,0,1727,0,222,0,0,235950,0,0,0,0,0,0,0,0,0,0,0,,,,,0
2025-05-06,火,0,0,0,516,0,0,0,0,1625,0,142,0,0,140240,0,0,0,0,0,0,0,0,0,0,0,,,,,0
2025-05-07,水,0,0,0,0,0,0,0,0,1930,0,40,0,0,36520,0,0,0,0,0,0,0,0,0,0,0,,,,,0
2025-05-08,木,0,0,0,0,0,0,0,0,1498,0,64,0,0,57320,0,0,0,0,0,0,0,0,0,0,0,,,,,0
2025-05-09,金,0,0,0,0,0,0,0,0,1218,0,61,0,0,48290,0,0,0,0,0,0,0,0,0,0,0,,,,,0
2025-05-10,土,0,0,0,503,0,0,0,0,1840,0,25,0,0,23220,0,0,0,0,0,0,0,0,0,0,0,,,,,0
2025-05-11,日,0,0,0,567,0,0,0,0,1408,0,71,0,0,79310,0,0,0,0,0,0,0,0,0,0,0,,,,,0
2025-05-12,月,0,0,0,0,0,0,0,0,1285,0,116,0,0,97500,0,0,0,0,0,0,0,0,0,0,0,,,,,0
2025-05-13,火,0,0,0,0,0,0,0,0,1385,0,79,0,0,78100,0,0,0,0,0,0,0,0,0,0,0,,,,,0
2025-05-14,水,0,0,0,0,0,0,0,0,1584,0,70,0,0,67240,0,0,0,0,0,0,0,0,0,0,0,,,,,0
2025-05-15,木,0,0,0,0,0,0,0,0,1258,0,65,0,0,57470,0,0,0,0,0,0,0,0,0,0,0,,,,,0
2025-05-16,金,0,0,0,0,0,0,0,0,1405,0,156,0,0,134360,0,0,0,0,0,0,0,0,0,0,0,,,,,0
2025-05-17,土,0,0,0,2772,0,0,0,0,2441,0,67,0,0,68880,0,0,0,0,0,0,0,0,0,0,0,,,,,0
2025-05-18,日,0,0,0,2772,0,0,0,0,1390,0,120,0,0,113580,0,0,0,0,0,0,0,0,0,0,0,,,,,0
2025-05-19,月,0,0,0,0,0,0,0,0,1395,0,94,0,0,82240,0,0,0,0,0,0,0,0,0,0,0,,,,,0
2025-05-20,火,0,0,0,0,0,0,0,0,1861,0,67,0,0,63130,0,0,0,0,0,0,0,0,0,0,0,,,,,0
2025-05-21,水,0,0,0,0,0,0,0,0,2909,0,63,0,0,59290,0,0,0,0,0,0,0,0,0,0,0,,,,,0
2025-05-22,木,0,0,0,0,0,0,0,0,1280,0,35,0,0,29570,0,0,0,0,0,0,0,0,0,0,0,,,,,0
2025-05-23,金,0,0,0,0,0,0,0,0,3141,0,70,0,0,66300,0,0,0,0,0,0,0,0,0,0,0,,,,,0
2025-05-24,土,0,0,0,452,0,0,0,0,1425,0,172,0,0,133670,0,0,0,0,0,0,0,0,0,0,0,,,,,0
2025-05-25,日,0,0,0,4954,0,0,0,0,825,0,19,0,0,14590,0,0,0,0,0,0,0,0,0,0,0,,,,,0
2025-05-26,月,0,0,0,0,0,0,0,0,1687,0,46,0,0,47290,0,0,0,0,0,0,0,0,0,0,0,,,,,0
2025-05-27,火,0,0,0,0,0,0,0,0,1522,0,110,0,0,98960,0,0,0,0,0,0,0,0,0,0,0,,,,,0
2025-05-28,水,0,0,0,0,0,0,0,0,1333,0,81,0,0,56760,0,0,0,0,0,0,0,0,0,0,0,,,,,0
2025-05-29,木,0,0,0,0,0,0,0,0,6159,0,82,0,0,72100,0,0,0,0,0,0,0,0,0,0,0,,,,,0
2025-05-30,金,0,0,0,0,0,0,0,0,1937,0,65,0,0,56010,0,0,0,0,0,0,0,0,0,0,0,,,,,0
2025-05-31,土,0,0,0,675,0,0,0,0,1569,0,177,0,0,168540,0,0,0,0,0,0,0,0,0,0,0,,,,,0
2025-06-01,日,0,0,0,1261,0,0,0,0,1258,0,228,0,0,214780,0,0,0,0,0,0,0,0,0,0,0,,,,,0
2025-06-02,月,0,0,0,0,0,0,0,0,1165,0,58,0,0,56000,0,0,0,0,0,0,0,0,0,0,0,,,,,0
2025-06-03,火,0,0,0,0,0,0,0,0,1486,0,65,0,0,53310,0,0,0,0,0,0,0,0,0,0,0,,,,,0
2025-06-04,水,0,0,0,0,0,0,0,0,2549,0,37,0,0,36850,0,0,0,0,0,0,0,0,0,0,0,,,,,0
2025-06-05,木,0,0,0,0,0,0,0,0,1806,0,67,0,0,66400,0,0,0,0,0,0,0,0,0,0,0,,,,,0
2025-06-06,金,0,0,0,0,0,0,0,0,1843,0,81,0,0,77490,0,0,0,0,0,0,0,0,0,0,0,,,,,0
2025-06-07,土,0,0,0,507,0,0,0,0,1587,0,96,0,0,81870,0,0,0,0,0,0,0,0,0,0,0,,,,,0
2025-06-08,日,0,0,0,0,0,0,0,0,3480,0,179,0,0,168130,0,0,0,0,0,0,0,0,0,0,0,,,,,0
2025-06-09,月,0,0,0,0,0,0,0,0,1891,0,115,0,0,113610,0,0,0,0,0,0,0,0,0,0,0,,,,,0
2025-06-10,火,0,0,0,0,0,0,0,0,1294,0,84,0,0,80630,0,0,0,0,0,0,0,0,0,0,0,,,,,0
2025-06-11,水,0,0,0,0,0,0,0,0,1449,0,49,0,0,43970,0,0,0,0,0,0,0,0,0,0,0,,,,,0
2025-06-12,木,0,0,0,0,0,0,0,0,1641,0,40,0,0,37950,0,0,0,0,0,0,0,0,0,0,0,,,,,0
2025-06-13,金,0,0,0,0,0,0,0,0,3219,0,68,0,0,66540,0,0,0,0,0,0,0,0,0,0,0,,,,,0
2025-06-14,土,0,0,0,395,0,0,0,0,1563,0,158,0,0,145230,0,0,0,0,0,0,0,0,0,0,0,,,,,0
2025-06-15,日,0,0,0,1820,0,0,0,0,1794,0,160,0,0,148970,0,0,0,0,0,0,0,0,0,0,0,,,,,0
2025-06-16,月,0,0,0,0,0,0,0,0,2006,0,52,0,0,47050,0,0,0,0,0,0,0,0,0,0,0,,,,,0
2025-06-17,火,0,0,0,0,0,0,0,0,2201,0,80,0,0,71190,0,0,0,0,0,0,0,0,0,0,0,,,,,0
2025-06-18,水,0,0,0,0,0,0,0,0,1323,0,96,0,0,86860,0,0,0,0,0,0,0,0,0,0,0,,,,,0
2025-06-19,木,0,0,0,0,0,0,0,0,1432,0,86,0,0,86020,0,0,0,0,0,0,0,0,0,0,0,,,,,0
2025-06-20,金,0,0,0,0,0,0,0,0,1681,0,94,0,0,85640,0,0,0,0,0,0,0,0,0,0,0,,,,,0
2025-06-21,土,0,0,0,604,0,0,0,0,1702,0,60,0,0,50850,0,0,0,0,0,0,0,0,0,0,0,,,,,0
2025-06-22,日,0,0,0,1190,0,0,0,0,1232,0,126,0,0,117250,0,0,0,0,0,0,0,0,0,0,0,,,,,0
2025-06-23,月,0,0,0,0,0,0,0,0,1106,0,78,0,0,69240,0,0,0,0,0,0,0,0,0,0,0,,,,,0
2025-06-24,火,0,0,0,0,0,0,0,0,854,0,90,0,0,85400,0,0,0,0,0,0,0,0,0,0,0,,,,,0
2025-06-25,水,0,0,0,0,0,0,0,0,2789,0,94,0,0,92250,0,0,0,0,0,0,0,0,0,0,0,,,,,0
2025-06-26,木,0,0,0,0,0,0,0,0,1586,0,56,0,0,49810,0,0,0,0,0,0,0,0,0,0,0,,,,,0
2025-06-27,金,0,0,0,0,0,0,0,0,2852,0,33,0,0,25890,0,0,0,0,0,0,0,0,0,0,0,,,,,0
2025-06-28,土,0,0,0,776,0,0,0,0,2106,0,192,0,0,164630,0,0,0,0,0,0,0,0,0,0,0,,,,,0
2025-06-29,日,0,0,0,927,0,0,0,0,1640,0,184,0,0,173020,0,0,0,0,0,0,0,0,0,0,0,,,,,0
2025-06-30,月,0,0,0,0,0,0,0,0,1240,0,80,0,0,70630,0,0,0,0,0,0,0,0,0,0,0,,,,,0
2025-07-01,火,0,0,0,0,0,0,0,0,1748,0,59,0,0,52750,0,0,0,0,0,0,0,0,0,0,0,,,,,0
2025-07-02,水,0,0,0,0,0,0,0,0,2994,0,53,0,0,48870,0,0,0,0,0,0,0,0,0,0,0,,,,,0
2025-07-03,木,0,0,0,0,0,0,0,0,3285,0,95,0,0,72710,0,0,0,0,0,0,0,0,0,0,0,,,,,0
2025-07-04,金,0,0,0,0,0,0,0,0,1351,0,65,0,0,59790,0,0,0,0,0,0,0,0,0,0,0,,,,,0
2025-07-05,土,0,0,0,385,0,0,0,0,1438,0,144,0,0,140590,0,0,0,0,0,0,0,0,0,0,0,,,,,0
2025-07-06,日,0,0,0,302,0,0,0,0,1636,0,143,0,0,153500,0,0,0,0,0,0,0,0,0,0,0,,,,,0
2025-07-07,月,0,0,0,0,0,0,0,0,1931,0,110,0,0,92900,0,0,0,0,0,0,0,0,0,0,0,,,,,0
2025-07-08,火,0,0,0,0,0,0,0,0,1799,0,105,0,0,92380,0,0,0,0,0,0,0,0,0,0,0,,,,,0
2025-07-09,水,0,0,0,0,0,0,0,0,1032,0,83,0,0,75770,0,0,0,0,0,0,0,0,0,0,0,,,,,0
2025-07-10,木,0,0,0,0,0,0,0,0,1633,0,82,0,0,71800,0,0,0,0,0,0,0,0,0,0,0,,,,,0
2025-07-11,金,0,0,0,0,0,0,0,0,1624,0,109,0,0,95870,0,0,0,0,0,0,0,0,0,0,0,,,,,0
2025-07-12,土,0,0,0,1071,0,0,0,0,1778,0,198,0,0,197980,0,0,0,0,0,0,0,0,0,0,0,,,,,0
2025-07-13,日,0,0,0,783,0,0,0,0,1449,0,181,0,0,196210,0,0,0,0,0,0,0,0,0,0,0,,,,,0
2025-07-14,月,0,0,0,0,0,0,0,0,2124,0,72,0,0,59870,0,0,0,0,0,0,0,0,0,0,0,,,,,0
2025-07-15,火,0,0,0,0,0,0,0,0,1387,0,50,0,0,49220,0,0,0,0,0,0,0,0,0,0,0,,,,,0
2025-07-16,水,0,0,0,0,0,0,0,0,1434,0,88,0,0,93220,0,0,0,0,0,0,0,0,0,0,0,,,,,0
2025-07-17,木,0,0,0,0,0,0,0,0,1179,0,86,0,0,87350,0,0,0,0,0,0,0,0,0,0,0,,,,,0
2025-07-18,金,0,0,0,0,0,0,0,0,1129,0,51,0,0,45650,0,0,0,0,0,0,0,0,0,0,0,,,,,0
2025-07-19,土,0,0,0,851,0,0,0,0,1762,0,81,0,0,94780,0,0,0,0,0,0,0,0,0,0,0,,,,,0
2025-07-20,日,0,0,0,0,0,0,0,0,4363,0,122,0,0,145320,0,0,0,0,0,0,0,0,0,0,0,,,,,0
2025-07-21,月,0,0,0,966,0,0,0,0,1582,0,0,0,0,0,0,0,0,0,0,0,0,0,0,0,0,,,,,0
2025-07-22,火,0,0,0,0,0,0,0,0,1170,0,0,0,0,0,0,0,0,0,0,0,0,0,0,0,0,,,,,0
2025-07-23,水,0,0,0,0,0,0,0,0,1331,0,0,0,0,0,0,0,0,0,0,0,0,0,0,0,0,,,,,0
2025-07-24,木,0,0,0,0,0,0,0,0,954,0,0,0,0,0,0,0,0,0,0,0,0,0,0,0,0,,,,,0
2025-07-25,金,0,0,0,0,0,0,0,0,1152,0,0,0,0,0,0,0,0,0,0,0,0,0,0,0,0,,,,,0
2025-07-26,土,0,0,0,615,0,0,0,0,1608,0,0,0,0,0,0,0,0,0,0,0,0,0,0,0,0,,,,,0
2025-07-27,日,0,0,0,455,0,0,0,0,1498,0,0,0,0,0,0,0,0,0,0,0,0,0,0,0,0,,,,,0
2025-07-28,月,0,0,0,0,0,0,0,0,1199,0,0,0,0,0,0,0,0,0,0,0,0,0,0,0,0,,,,,0
2025-07-29,火,0,0,0,0,0,0,0,0,2422,0,0,0,0,0,0,0,0,0,0,0,0,0,0,0,0,,,,,0
2025-07-30,水,0,0,0,0,0,0,0,0,1332,0,94,0,0,77290,0,0,0,0,0,0,0,0,0,0,0,,,,,0
2025-07-31,木,0,0,0,0,0,0,0,0,2317,0,66,0,0,67000,0,0,0,0,0,0,0,0,0,0,0,,,,,0
2025-08-01,金,0,0,0,0,0,0,0,0,1777,0,70,0,0,80060,0,0,0,0,0,0,0,0,0,0,0,,,,,0
2025-08-02,土,0,0,0,423,0,0,0,0,1859,0,81,0,0,85890,0,0,0,0,0,0,0,0,0,0,0,,,,,0
2025-08-03,日,0,0,0,460,0,0,0,0,1621,0,116,0,0,130080,0,0,0,0,0,0,0,0,0,0,0,,,,,0
2025-08-04,月,0,0,0,0,0,0,0,0,1348,0,44,0,0,53390,0,0,0,0,0,0,0,0,0,0,0,,,,,0
2025-08-05,火,0,0,0,0,0,0,0,0,1553,0,49,0,0,52100,0,0,0,0,0,0,0,0,0,0,0,,,,,0
2025-08-06,水,0,0,0,0,0,0,0,0,1280,0,72,0,0,87080,0,0,0,0,0,0,0,0,0,0,0,,,,,0
2025-08-07,木,0,0,0,0,0,0,0,0,1801,0,4,0,0,4800,0,0,0,0,0,0,0,0,0,0,0,,,,,0
2025-08-08,金,0,0,0,0,0,0,0,0,1218,0,12,0,0,18450,0,0,0,0,0,0,0,0,0,0,0,,,,,0
2025-08-09,土,0,0,0,656,0,0,0,0,1896,0,87,0,0,79030,0,0,0,0,0,0,0,0,0,0,0,,,,,0
2025-08-10,日,0,0,0,343,0,0,0,0,1126,0,126,0,0,129190,0,0,0,0,0,0,0,0,0,0,0,,,,,0
2025-08-11,月,0,0,0,781,0,0,0,0,1472,0,142,0,0,147780,0,0,0,0,0,0,0,0,0,0,0,,,,,0
2025-08-12,火,0,0,0,0,0,0,0,0,1438,0,105,0,0,115260,0,0,0,0,0,0,0,0,0,0,0,,,,,0
2025-08-13,水,0,0,0,0,0,0,0,0,1807,0,118,0,0,133910,0,0,0,0,0,0,0,0,0,0,0,,,,,0
2025-08-14,木,0,0,0,0,0,0,0,0,3090,0,100,0,0,111150,0,0,0,0,0,0,0,0,0,0,0,,,,,0
2025-08-15,金,0,0,0,0,0,0,0,0,2584,0,102,0,0,100390,0,0,0,0,0,0,0,0,0,0,0,,,,,0
2025-08-16,土,0,0,0,690,0,0,0,0,1270,0,123,0,0,121890,0,0,0,0,0,0,0,0,0,0,0,,,,,0
2025-08-17,日,0,0,0,307,0,0,0,0,2107,0,36,0,0,29520,0,0,0,0,0,0,0,0,0,0,0,,,,,0
2025-08-18,月,0,0,0,0,0,0,0,0,1320,0,65,0,0,69870,0,0,0,0,0,0,0,0,0,0,0,,,,,0
2025-08-19,火,0,0,0,0,0,0,0,0,1461,0,44,0,0,46820,0,0,0,0,0,0,0,0,0,0,0,,,,,0
2025-08-20,水,0,0,0,0,0,0,0,0,917,0,41,0,0,31390,0,0,0,0,0,0,0,0,0,0,0,,,,,0
2025-08-21,木,0,0,0,0,0,0,0,0,1515,0,52,0,0,62470,0,0,0,0,0,0,0,0,0,0,0,,,,,0
2025-08-22,金,0,0,0,0,0,0,0,0,5718,0,89,0,0,86880,0,0,0,0,0,0,0,0,0,0,0,,,,,0
2025-08-23,土,0,0,0,2121,0,0,0,0,1758,0,125,0,0,113210,0,0,0,0,0,0,0,0,0,0,0,,,,,0
2025-08-24,日,0,0,0,507,0,0,0,0,968,0,136,0,0,145500,0,0,0,0,0,0,0,0,0,0,0,,,,,0
2025-08-25,月,0,0,0,0,0,0,0,0,1127,0,82,0,0,72600,0,0,0,0,0,0,0,0,0,0,0,,,,,0
2025-08-26,火,0,0,0,0,0,0,0,0,1389,0,26,0,0,26320,0,0,0,0,0,0,0,0,0,0,0,,,,,0
2025-08-27,水,0,0,0,0,0,0,0,0,1795,0,30,0,0,25800,0,0,0,0,0,0,0,0,0,0,0,,,,,0
2025-08-28,木,0,0,0,0,0,0,0,0,1432,0,57,0,0,55500,0,0,0,0,0,0,0,0,0,0,0,,,,,0
2025-08-29,金,0,0,0,0,0,0,0,0,1364,0,30,0,0,31050,0,0,0,0,0,0,0,0,0,0,0,,,,,0
2025-08-30,土,0,0,0,707,0,0,0,0,1644,0,33,0,0,24900,0,0,0,0,0,0,0,0,0,0,0,,,,,0
2025-08-31,日,0,0,0,707,0,0,0,0,1800,0,115,0,0,103580,0,0,0,0,0,0,0,0,0,0,0,,,,,0
2025-09-01,月,0,0,0,0,0,0,0,0,1187,0,31,0,0,28490,0,0,0,0,0,0,0,0,0,0,0,,,,,0
2025-09-02,火,0,0,0,0,0,0,0,0,1657,0,20,0,0,15220,0,0,0,0,0,0,0,0,0,0,0,,,,,0
2025-09-03,水,0,0,0,0,0,0,0,0,1466,0,134,0,0,118830,0,0,0,0,0,0,0,0,0,0,0,,,,,0
2025-09-04,木,0,0,0,0,0,0,0,0,1281,0,133,0,0,90690,0,0,0,0,0,0,0,0,0,0,0,,,,,0
2025-09-05,金,0,0,0,0,0,0,0,0,1667,0,64,0,0,58490,0,0,0,0,0,0,0,0,0,0,0,,,,,0
2025-09-06,土,0,0,0,1367,0,0,0,0,1516,0,116,0,0,92590,0,0,0,0,0,0,0,0,0,0,0,,,,,0
2025-09-07,日,0,0,0,686,0,0,0,0,1358,0,74,0,0,66720,0,0,0,0,0,0,0,0,0,0,0,,,,,0
2025-09-08,月,0,0,0,0,0,0,0,0,1369,0,109,0,0,91260,0,0,0,0,0,0,0,0,0,0,0,,,,,0
2025-09-09,火,0,0,0,0,0,0,0,0,1601,0,59,0,0,48310,0,0,0,0,0,0,0,0,0,0,0,,,,,0
2025-09-10,水,0,0,0,0,0,0,0,0,1536,0,58,0,0,52700,0,0,0,0,0,0,0,0,0,0,0,,,,,0
2025-09-11,木,0,0,0,0,0,0,0,0,1302,0,71,0,0,53620,0,0,0,0,0,0,0,0,0,0,0,,,,,0
2025-09-12,金,0,0,0,0,0,0,0,0,1621,0,100,0,0,70090,0,0,0,0,0,0,0,0,0,0,0,,,,,0
2025-09-13,土,0,0,0,900,0,0,0,0,2058,0,33,0,0,31090,0,0,0,0,0,0,0,0,0,0,0,,,,,0
2025-09-14,日,0,0,0,600,0,0,0,0,1907,0,59,0,0,59450,0,0,0,0,0,0,0,0,0,0,0,,,,,0
2025-09-15,月,0,0,0,297,0,0,0,0,1577,0,152,0,0,153270,0,0,0,0,0,0,0,0,0,0,0,,,,,0
2025-09-16,火,0,0,0,0,0,0,0,0,1816,0,92,0,0,83220,0,0,0,0,0,0,0,0,0,0,0,,,,,0
2025-09-17,水,0,0,0,0,0,0,0,0,1623,0,60,0,0,52390,0,0,0,0,0,0,0,0,0,0,0,,,,,0
2025-09-18,木,0,0,0,0,0,0,0,0,1745,0,64,0,0,47120,0,0,0,0,0,0,0,0,0,0,0,,,,,0
2025-09-19,金,0,0,0,0,0,0,0,0,1922,0,86,0,0,69270,0,0,0,0,0,0,0,0,0,0,0,,,,,0
2025-09-20,土,0,0,0,2709,0,0,0,0,1016,0,61,0,0,53590,0,0,0,0,0,0,0,0,0,0,0,,,,,0
2025-09-21,日,0,0,0,243,0,0,0,0,1821,0,31,0,0,21350,0,0,0,0,0,0,0,0,0,0,0,,,,,0
2025-09-22,月,0,0,0,0,0,0,0,0,1639,0,60,0,0,44740,0,0,0,0,0,0,0,0,0,0,0,,,,,0
2025-09-23,火,0,0,0,657,0,0,0,0,1743,0,172,0,0,164960,0,0,0,0,0,0,0,0,0,0,0,,,,,0
2025-09-24,水,0,0,0,0,0,0,0,0,1936,0,67,0,0,60370,0,0,0,0,0,0,0,0,0,0,0,,,,,0
2025-09-25,木,0,0,0,0,0,0,0,0,1072,0,20,0,0,15640,0,0,0,0,0,0,0,0,0,0,0,,,,,0
2025-09-26,金,0,0,0,0,0,0,0,0,1780,0,77,0,0,71010,0,0,0,0,0,0,0,0,0,0,0,,,,,0
2025-09-27,土,0,0,0,726,0,0,0,0,1328,0,144,0,0,139560,0,0,0,0,0,0,0,0,0,0,0,,,,,0
2025-09-28,日,0,0,0,697,0,0,0,0,1688,0,133,0,0,119840,0,0,0,0,0,0,0,0,0,0,0,,,,,0
2025-09-29,月,0,0,0,0,0,0,0,0,2909,0,72,0,0,53350,0,0,0,0,0,0,0,0,0,0,0,,,,,0
2025-09-30,火,0,0,0,0,0,0,0,0,1338,0,63,0,0,64590,0,0,0,0,0,0,0,0,0,0,0,,,,,0
2025-10-01,水,0,0,0,0,0,0,0,0,1338,0,32,0,0,22070,0,0,0,0,0,0,0,0,0,0,0,,,,,0
2025-10-02,木,0,0,0,0,0,0,0,0,1168,0,71,0,0,63590,0,0,0,0,0,0,0,0,0,0,0,,,,,0
2025-10-03,金,0,0,0,0,0,0,0,0,1153,0,96,0,0,77630,0,0,0,0,0,0,0,0,0,0,0,,,,,0
2025-10-04,土,0,0,0,580,0,0,0,0,2153,0,130,0,0,111930,0,0,0,0,0,0,0,0,0,0,0,,,,,0
2025-10-05,日,0,0,0,812,0,0,0,0,1605,0,137,0,0,118610,0,0,0,0,0,0,0,0,0,0,0,,,,,0
2025-10-06,月,0,0,0,0,0,0,0,0,2050,0,68,0,0,58410,0,0,0,0,0,0,0,0,0,0,0,,,,,0
2025-10-07,火,0,0,0,0,0,0,0,0,1069,0,77,0,0,73990,0,0,0,0,0,0,0,0,0,0,0,,,,,0
2025-10-08,水,0,0,0,0,0,0,0,0,1963,0,56,0,0,58160,0,0,0,0,0,0,0,0,0,0,0,,,,,0
2025-10-09,木,0,0,0,3000,0,0,0,0,0,0,79,0,0,78350,0,0,0,0,0,0,0,0,0,0,0,,,,,0
2025-10-10,金,0,0,0,0,0,0,0,0,2319,0,77,0,0,91680,0,0,0,0,0,0,0,0,0,0,0,,,,,0
2025-10-11,土,0,0,0,498,0,0,0,0,1144,0,79,0,0,78350,0,0,0,0,0,0,0,0,0,0,0,,,,,0
2025-10-12,日,0,0,0,456,0,0,0,0,1440,0,0,0,0,0,0,0,0,0,0,0,0,0,0,0,0,,,,,0
2025-10-13,月,0,0,0,883,0,0,0,0,1648,0,3,0,0,6650,0,0,0,0,0,0,0,0,0,0,0,,,,,0
2025-10-14,火,0,0,0,0,0,0,0,0,1639,0,0,0,0,0,0,0,0,0,0,0,0,0,0,0,0,,,,,0
2025-10-15,水,0,0,0,0,0,0,0,0,1391,0,0,0,0,0,0,0,0,0,0,0,0,0,0,0,0,,,,,0
2025-10-16,木,0,0,0,0,0,0,0,0,1112,0,0,0,0,0,0,0,0,0,0,0,0,0,0,0,0,,,,,0
2025-10-17,金,0,0,0,0,0,0,0,0,1430,0,97,0,0,60220,0,0,0,0,0,0,0,0,0,0,0,,,,,0
2025-10-18,土,0,0,0,126,0,0,0,0,1504,0,23,0,0,19500,0,0,0,0,0,0,0,0,0,0,0,,,,,0
2025-10-19,日,0,0,0,267,0,0,0,0,1391,0,164,0,0,153340,0,0,0,0,0,0,0,0,0,0,0,,,,,0
2025-10-20,月,0,0,0,0,0,0,0,0,1069,0,60,0,0,49920,0,0,0,0,0,0,0,0,0,0,0,,,,,0
2025-10-21,火,0,0,0,0,0,0,0,0,1231,0,104,0,0,83190,0,0,0,0,0,0,0,0,0,0,0,,,,,0
2025-10-22,水,0,0,0,0,0,0,0,0,571,0,121,0,0,117450,0,0,0,0,0,0,0,0,0,0,0,,,,,0
2025-10-23,木,0,0,0,0,0,0,0,0,1274,0,94,0,0,81650,0,0,0,0,0,0,0,0,0,0,0,,,,,0
2025-10-24,金,0,0,0,0,0,0,0,0,1034,0,70,0,0,67130,0,0,0,0,0,0,0,0,0,0,0,,,,,0
2025-10-25,土,0,0,0,0,0,0,0,0,4363,0,169,0,0,157840,0,0,0,0,0,0,0,0,0,0,0,,,,,0
2025-10-26,日,0,0,0,369,0,0,0,0,1484,0,60,0,0,57480,0,0,0,0,0,0,0,0,0,0,0,,,,,0
2025-10-27,月,0,0,0,0,0,0,0,0,1473,0,96,0,0,84890,0,0,0,0,0,0,0,0,0,0,0,,,,,0
2025-10-28,火,0,0,0,0,0,0,0,0,1777,0,39,0,0,37170,0,0,0,0,0,0,0,0,0,0,0,,,,,0
2025-10-29,水,0,0,0,0,0,0,0,0,1388,0,69,0,0,86460,0,0,0,0,0,0,0,0,0,0,0,,,,,0
2025-10-30,木,0,0,0,0,0,0,0,0,1324,0,100,0,0,101280,0,0,0,0,0,0,0,0,0,0,0,,,,,0
2025-10-31,金,0,0,0,0,0,0,0,0,1221,0,72,0,0,67750,0,0,0,0,0,0,0,0,0,0,0,,,,,0
2025-11-01,土,0,0,0,685,0,0,0,0,0,0,0,0,0,0,0,0,0,0,0,0,0,0,0,0,0,,,,,0
2025-11-02,日,0,0,0,341,0,0,0,0,1581,0,79,0,0,81200,0,0,0,0,0,0,0,0,0,0,0,,,,,0
2025-11-03,月,0,0,0,535,0,0,0,0,1524,0,135,0,0,131820,0,0,0,0,0,0,0,0,0,0,0,,,,,0
2025-11-04,火,0,0,0,0,0,0,0,0,1288,0,108,0,0,94550,0,0,0,0,0,0,0,0,0,0,0,,,,,0
2025-11-05,水,0,0,0,0,0,0,0,0,2151,0,98,0,0,84760,0,0,0,0,0,0,0,0,0,0,0,,,,,0
2025-11-06,木,0,0,0,0,0,0,0,0,1508,0,62,0,0,49720,0,0,0,0,0,0,0,0,0,0,0,,,,,0
2025-11-07,金,0,0,0,0,0,0,0,0,0,0,0,0,0,0,0,0,0,0,0,0,0,0,0,0,0,,,,,0
2025-11-08,土,0,0,0,648,0,0,0,0,1283,0,65,0,0,111920,0,0,0,0,0,0,0,0,0,0,0,,,,,0
2025-11-09,日,0,0,0,598,0,0,0,0,2136,0,85,0,0,75550,0,0,0,0,0,0,0,0,0,0,0,,,,,0
2025-11-10,月,0,0,0,0,0,0,0,0,0,0,2,0,0,1700,0,0,0,0,0,0,0,0,0,0,0,,,,,0
2025-11-11,火,0,0,0,0,0,0,0,0,2176,0,47,0,0,40740,0,0,0,0,0,0,0,0,0,0,0,,,,,0
2025-11-12,水,0,0,0,0,0,0,0,0,1746,0,89,0,0,82610,0,0,0,0,0,0,0,0,0,0,0,,,,,0
2025-11-13,木,0,0,0,0,0,0,0,0,1306,0,64,0,0,61770,0,0,0,0,0,0,0,0,0,0,0,,,,,0
2025-11-14,金,0,0,0,0,0,0,0,0,1818,0,23,0,0,13300,0,0,0,0,0,0,0,0,0,0,0,,,,,0
2025-11-15,土,0,0,0,220,0,0,0,0,1622,0,69,0,0,64250,0,0,0,0,0,0,0,0,0,0,0,,,,,0
2025-11-16,日,0,0,0,645,0,0,0,0,1266,0,91,0,0,89640,0,0,0,0,0,0,0,0,0,0,0,,,,,0
2025-11-17,月,0,0,0,0,0,0,0,0,2001,0,35,0,0,31250,0,0,0,0,0,0,0,0,0,0,0,,,,,0
2025-11-18,火,0,0,0,0,0,0,0,0,836,0,28,0,0,35170,0,0,0,0,0,0,0,0,0,0,0,,,,,0
2025-11-19,水,0,0,0,0,0,0,0,0,1352,0,68,0,0,59980,0,0,0,0,0,0,0,0,0,0,0,,,,,0
2025-11-20,木,0,0,0,0,0,0,0,0,1183,0,64,0,0,56790,0,0,0,0,0,0,0,0,0,0,0,,,,,0
2025-11-21,金,0,0,0,0,0,0,0,0,1428,0,81,0,0,83570,0,0,0,0,0,0,0,0,0,0,0,,,,,0
2025-11-22,土,0,0,0,485,0,0,0,0,1999,0,133,0,0,112370,0,0,0,0,0,0,0,0,0,0,0,,,,,0
2025-11-23,日,0,0,0,588,0,0,0,0,1794,0,127,0,0,121310,0,0,0,0,0,0,0,0,0,0,0,,,,,0
2025-11-24,月,0,0,0,664,0,0,0,0,2242,0,74,0,0,78070,0,0,0,0,0,0,0,0,0,0,0,,,,,0
2025-11-25,火,0,0,0,0,0,0,0,0,1010,0,74,0,0,82000,0,0,0,0,0,0,0,0,0,0,0,,,,,0
2025-11-26,水,0,0,0,0,0,0,0,0,2170,0,52,0,0,54270,0,0,0,0,0,0,0,0,0,0,0,,,,,0
2025-11-27,木,0,0,0,0,0,0,0,0,1872,0,72,0,0,73000,0,0,0,0,0,0,0,0,0,0,0,,,,,0
2025-11-28,金,0,0,0,0,0,0,0,0,1689,0,52,0,0,49580,0,0,0,0,0,0,0,0,0,0,0,,,,,0
2025-11-29,土,0,0,0,797,0,0,0,0,2140,0,85,0,0,88720,0,0,0,0,0,0,0,0,0,0,0,,,,,0
2025-11-30,日,0,0,0,430,0,0,0,0,1150,0,117,0,0,107900,0,0,0,0,0,0,0,0,0,0,0,,,,,0
2025-12-01,月,0,0,0,0,0,0,0,0,2282,0,43,0,0,29870,0,0,0,0,0,0,0,0,0,0,0,,,,,0
2025-12-02,火,0,0,0,0,0,0,0,0,1395,0,77,0,0,80410,0,0,0,0,0,0,0,0,0,0,0,,,,,0
2025-12-03,水,0,0,0,0,0,0,0,0,1986,0,72,0,0,63740,0,0,0,0,0,0,0,0,0,0,0,,,,,0
2025-12-04,木,0,0,0,0,0,0,0,0,1350,0,110,0,0,118140,0,0,0,0,0,0,0,0,0,0,0,,,,,0
2025-12-05,金,0,0,0,0,0,0,0,0,1409,0,82,0,0,81300,0,0,0,0,0,0,0,0,0,0,0,,,,,0
2025-12-06,土,0,0,0,568,0,0,0,0,1759,0,106,0,0,101910,0,0,0,0,0,0,0,0,0,0,0,,,,,0
2025-12-07,日,0,0,0,594,0,0,0,0,1705,0,97,0,0,82450,0,0,0,0,0,0,0,0,0,0,0,,,,,0
2025-12-08,月,0,0,0,0,0,0,0,0,1568,0,44,0,0,40570,0,0,0,0,0,0,0,0,0,0,0,,,,,0
2025-12-09,火,0,0,0,0,0,0,0,0,1501,0,94,0,0,73700,0,0,0,0,0,0,0,0,0,0,0,,,,,0
2025-12-10,水,0,0,0,0,0,0,0,0,2156,0,100,0,0,99370,0,0,0,0,0,0,0,0,0,0,0,,,,,0
2025-12-11,木,0,0,0,0,0,0,0,0,1468,0,12,0,0,13350,0,0,0,0,0,0,0,0,0,0,0,,,,,0
2025-12-12,金,0,0,0,0,0,0,0,0,0,0,0,0,0,0,0,0,0,0,0,0,0,0,0,0,0,,,,,0
2025-12-13,土,0,0,0,546,0,0,0,0,1850,0,119,0,0,114900,0,0,0,0,0,0,0,0,0,0,0,,,,,0
2025-12-14,日,0,0,0,467,0,0,0,0,1375,0,84,0,0,94570,0,0,0,0,0,0,0,0,0,0,0,,,,,0
2025-12-15,月,0,0,0,0,0,0,0,0,0,0,0,0,0,0,0,0,0,0,0,0,0,0,0,0,0,,,,,0
2025-12-16,火,0,0,0,0,0,0,0,0,2314,0,151,0,0,148730,0,0,0,0,0,0,0,0,0,0,0,,,,,0
2025-12-17,水,0,0,0,0,0,0,0,0,1068,0,107,0,0,109890,0,0,0,0,0,0,0,0,0,0,0,,,,,0
2025-12-18,木,0,0,0,0,0,0,0,0,1606,0,102,0,0,98910,0,0,0,0,0,0,0,0,0,0,0,,,,,0
2025-12-19,金,0,0,0,0,0,0,0,0,1119,0,131,0,0,130070,0,0,0,0,0,0,0,0,0,0,0,,,,,0
2025-12-20,土,0,0,0,520,0,0,0,0,1927,0,112,0,0,131040,0,0,0,0,0,0,0,0,0,0,0,,,,,0
2025-12-21,日,0,0,0,817,0,0,0,0,2222,0,84,0,0,100260,0,0,0,0,0,0,0,0,0,0,0,,,,,0
2025-12-22,月,0,0,0,0,0,0,0,0,1843,0,131,0,0,148800,0,0,0,0,0,0,0,0,0,0,0,,,,,0
2025-12-23,火,0,0,0,861,0,0,0,0,1901,0,141,0,0,175310,0,0,0,0,0,0,0,0,0,0,0,,,,,0
2025-12-24,水,0,0,0,933,0,0,0,0,2679,0,121,0,0,159890,0,0,0,0,0,0,0,0,0,0,0,,,,,0
2025-12-25,木,0,0,0,0,0,0,0,0,2446,0,49,0,0,39900,0,0,0,0,0,0,0,0,0,0,0,,,,,0
2025-12-26,金,0,0,0,0,0,0,0,0,0,0,50,0,0,88630,0,0,0,0,0,0,0,0,0,0,0,,,,,0
2025-12-27,土,0,0,0,1025,0,0,0,0,1827,0,172,0,0,194470,0,0,0,0,0,0,0,0,0,0,0,,,,,0
2025-12-28,日,0,0,0,479,0,0,0,0,1427,0,164,0,0,267340,0,0,0,0,0,0,0,0,0,0,0,,,,,0
2025-12-29,月,0,0,0,0,0,0,0,0,1171,0,167,0,0,187440,0,0,0,0,0,0,0,0,0,0,0,,,,,0
2025-12-30,火,0,0,0,0,0,0,0,0,1660,0,149,0,0,169100,0,0,0,0,0,0,0,0,0,0,0,,,,,0
2025-12-31,水,0,0,0,0,0,0,0,0,0,0,0,0,0,0,0,0,0,0,0,0,0,0,0,0,0,,,,,0
2026-01-01,木,0,0,0,0,0,0,0,0,0,0,0,0,0,0,0,0,0,0,0,0,0,0,0,0,0,,,,,0
2026-01-02,金,0,0,0,0,0,0,0,0,2251,0,189,0,0,201040,0,0,0,0,0,0,0,0,0,0,0,,,,,0
2026-01-03,土,0,0,0,256,0,0,0,0,1206,0,138,0,0,190530,0,0,0,0,0,0,0,0,0,0,0,,,,,0
2026-01-04,日,0,0,0,793,0,0,0,0,1838,0,141,0,0,153860,0,0,0,0,0,0,0,0,0,0,0,,,,,0
2026-01-05,月,0,0,0,0,0,0,0,0,2315,0,127,0,0,139430,0,0,0,0,0,0,0,0,0,0,0,,,,,0
2026-01-06,火,0,0,0,0,0,0,0,0,1896,0,113,0,0,121530,0,0,0,0,0,0,0,0,0,0,0,,,,,0
2026-01-07,水,0,0,0,0,0,0,0,0,1356,0,87,0,0,118830,0,0,0,0,0,0,0,0,0,0,0,,,,,0
2026-01-08,木,0,0,0,0,0,0,0,0,1485,0,40,0,0,53150,0,0,0,0,0,0,0,0,0,0,0,,,,,0
2026-01-09,金,0,0,0,0,0,0,0,0,1151,0,103,0,0,101330,0,0,0,0,0,0,0,0,0,0,0,,,,,0
2026-01-10,土,0,0,0,823,0,0,0,0,1363,0,60,0,0,58540,0,0,0,0,0,0,0,0,0,0,0,,,,,0
2026-01-11,日,0,0,0,909,0,0,0,0,1166,0,105,0,0,95520,0,0,0,0,0,0,0,0,0,0,0,,,,,0
2026-01-12,月,0,0,0,732,0,0,0,0,1333,0,104,0,0,92880,0,0,0,0,0,0,0,0,0,0,0,,,,,0
2026-01-13,火,0,0,0,0,0,0,0,0,0,0,62,0,0,57400,0,0,0,0,0,0,0,0,0,0,0,,,,,0
2026-01-14,水,0,0,0,0,0,0,0,0,1186,0,80,0,0,71590,0,0,0,0,0,0,0,0,0,0,0,,,,,0
2026-01-15,木,0,0,0,0,0,0,0,0,1287,0,98,0,0,86190,0,0,0,0,0,0,0,0,0,0,0,,,,,0
2026-01-16,金,0,0,0,0,0,0,0,0,1090,0,81,0,0,81210,0,0,0,0,0,0,0,0,0,0,0,,,,,0
2026-01-17,土,0,0,0,441,0,0,0,0,1730,0,123,0,0,127950,0,0,0,0,0,0,0,0,0,0,0,,,,,0
2026-01-18,日,0,0,0,190,0,0,0,0,1275,0,155,0,0,167120,0,0,0,0,0,0,0,0,0,0,0,,,,,0
2026-01-19,月,0,0,0,0,0,0,0,0,1380,0,108,0,0,106610,0,0,0,0,0,0,0,0,0,0,0,,,,,0
2026-01-20,火,0,0,0,0,0,0,0,0,2307,0,72,0,0,74460,0,0,0,0,0,0,0,0,0,0,0,,,,,0
2026-01-21,水,0,0,0,0,0,0,0,0,1039,0,57,0,0,55720,0,0,0,0,0,0,0,0,0,0,0,,,,,0
2026-01-22,木,0,0,0,0,0,0,0,0,1584,0,109,0,0,114330,0,0,0,0,0,0,0,0,0,0,0,,,,,0
2026-01-23,金,0,0,0,0,0,0,0,0,1058,0,99,0,0,98040,0,0,0,0,0,0,0,0,0,0,0,,,,,0
2026-01-24,土,0,0,0,573,0,0,0,0,1810,0,106,0,0,97740,0,0,0,0,0,0,0,0,0,0,0,,,,,0
2026-01-25,日,0,0,0,484,0,0,0,0,1595,0,11,0,0,11650,0,0,0,0,0,0,0,0,0,0,0,,,,,0
2026-01-26,月,0,0,0,0,0,0,0,0,1583,0,79,0,0,88780,0,0,0,0,0,0,0,0,0,0,0,,,,,0
2026-01-27,火,0,0,0,0,0,0,0,0,1481,0,111,0,0,107940,0,0,0,0,0,0,0,0,0,0,0,,,,,0
2026-01-28,水,0,0,0,0,0,0,0,0,1708,0,97,0,0,87520,0,0,0,0,0,0,0,0,0,0,0,,,,,0
2026-01-29,木,0,0,0,0,0,0,0,0,1248,0,85,0,0,75670,0,0,0,0,0,0,0,0,0,0,0,,,,,0
2026-01-30,金,0,0,0,0,0,0,0,0,841,0,38,0,0,44770,0,0,0,0,0,0,0,0,0,0,0,,,,,0
2026-01-31,土,0,0,0,0,0,0,0,0,2257,0,79,0,0,78580,0,0,0,0,0,0,0,0,0,0,0,,,,,0
2026-02-01,日,0,0,0,557,0,0,0,0,1613,0,119,0,0,112990,0,0,0,0,0,0,0,0,0,0,0,,,,,0
2026-02-02,月,0,0,0,0,0,0,0,0,1457,0,108,0,0,112000,0,0,0,0,0,0,0,0,0,0,0,,,,,0
2026-02-03,火,0,0,0,0,0,0,0,0,1808,0,167,0,0,158180,0,0,0,0,0,0,0,0,0,0,0,,,,,0
2026-02-04,水,0,0,0,0,0,0,0,0,2338,0,156,0,0,163460,0,0,0,0,0,0,0,0,0,0,0,,,,,0
2026-02-05,木,0,0,0,0,0,0,0,0,1075,0,230,0,0,242390,0,0,0,0,0,0,0,0,0,0,0,,,,,0
2026-02-06,金,0,0,0,0,0,0,0,0,1688,0,157,0,0,148970,0,0,0,0,0,0,0,0,0,0,0,,,,,0
2026-02-07,土,0,0,0,1024,0,0,0,0,1533,0,216,0,0,221980,0,0,0,0,0,0,0,0,0,0,0,,,,,0
2026-02-08,日,0,0,0,843,0,0,0,0,1940,0,140,0,0,142080,0,0,0,0,0,0,0,0,0,0,0,,,,,0
2026-02-09,月,0,0,0,0,0,0,0,0,1089,0,171,0,0,178040,0,0,0,0,0,0,0,0,0,0,0,,,,,0
2026-02-10,火,0,0,0,0,0,0,0,0,1593,0,221,0,0,231990,0,0,0,0,0,0,0,0,0,0,0,,,,,0
2026-02-11,水,0,0,0,0,0,0,0,0,0,0,0,0,0,0,0,0,0,0,0,0,0,0,0,0,0,,,,,0
2026-02-12,木,0,0,0,0,0,0,0,0,0,0,0,0,0,0,0,0,0,0,0,0,0,0,0,0,0,,,,,0
2026-02-13,金,0,0,0,0,0,0,0,0,0,0,0,0,0,0,0,0,0,0,0,0,0,0,0,0,0,,,,,0
2026-02-14,土,0,0,0,0,0,0,0,0,0,0,0,0,0,0,0,0,0,0,0,0,0,0,0,0,0,,,,,0
2026-02-15,日,0,0,0,0,0,0,0,0,0,0,0,0,0,0,0,0,0,0,0,0,0,0,0,0,0,,,,,0
2026-02-16,月,0,0,0,0,0,0,0,0,0,0,0,0,0,0,0,0,0,0,0,0,0,0,0,0,0,,,,,0
2026-02-17,火,0,0,0,0,0,0,0,0,0,0,0,0,0,0,0,0,0,0,0,0,0,0,0,0,0,,,,,0
2026-02-18,水,0,0,0,0,0,0,0,0,0,0,0,0,0,0,0,0,0,0,0,0,0,0,0,0,0,,,,,0
2026-02-19,木,0,0,0,0,0,0,0,0,0,0,0,0,0,0,0,0,0,0,0,0,0,0,0,0,0,,,,,0
2026-02-20,金,0,0,0,0,0,0,0,0,0,0,0,0,0,0,0,0,0,0,0,0,0,0,0,0,0,,,,,0
2026-02-21,土,0,0,0,0,0,0,0,0,0,0,0,0,0,0,0,0,0,0,0,0,0,0,0,0,0,,,,,0
2026-02-22,日,0,0,0,0,0,0,0,0,0,0,0,0,0,0,0,0,0,0,0,0,0,0,0,0,0,,,,,0
2026-02-23,月,0,0,0,0,0,0,0,0,0,0,0,0,0,0,0,0,0,0,0,0,0,0,0,0,0,,,,,0
2026-02-24,火,0,0,0,0,0,0,0,0,0,0,0,0,0,0,0,0,0,0,0,0,0,0,0,0,0,,,,,0
2026-02-25,水,0,0,0,0,0,0,0,0,0,0,0,0,0,0,0,0,0,0,0,0,0,0,0,0,0,,,,,0
2026-02-26,木,0,0,0,0,0,0,0,0,0,0,0,0,0,0,0,0,0,0,0,0,0,0,0,0,0,,,,,0
2026-02-27,金,0,0,0,0,0,0,0,0,0,0,0,0,0,0,0,0,0,0,0,0,0,0,0,0,0,,,,,0
2026-02-28,土,0,0,0,0,0,0,0,0,0,0,0,0,0,0,0,0,0,0,0,0,0,0,0,0,0,,,,,0
