date,weekday,sekki,rank,season,season_pt,weekday_pt,daily_pt,l_count,d_count,grand_total
2023-04-01,土,春分,13,FLOW SEASON,3.00,5.00,3.80,0,0,0
2023-04-02,日,春分,13,FLOW SEASON,3.00,4.00,3.40,0,0,0
2023-04-03,月,春分,13,FLOW SEASON,3.00,2.00,2.60,0,0,0
2023-04-04,火,春分,13,FLOW SEASON,3.00,2.00,2.60,0,0,0
2023-04-05,水,清明,24,OFF SEASON,1.17,2.00,1.50,0,0,0
2023-04-06,木,清明,24,OFF SEASON,1.17,3.00,1.90,0,0,0
2023-04-07,金,清明,24,OFF SEASON,1.17,4.00,2.30,0,0,0
2023-04-08,土,清明,24,OFF SEASON,1.17,5.00,2.70,0,0,0
2023-04-09,日,清明,24,OFF SEASON,1.17,4.00,2.30,0,0,0
2023-04-10,月,清明,24,OFF SEASON,1.17,2.00,1.50,0,0,0
2023-04-11,火,清明,24,OFF SEASON,1.17,2.00,1.50,0,0,0
2023-04-12,水,清明,24,OFF SEASON,1.17,2.00,1.50,0,0,0
2023-04-13,木,清明,24,OFF SEASON,1.17,3.00,1.90,0,0,0
2023-04-14,金,清明,24,OFF SEASON,1.17,4.00,2.30,0,0,0
2023-04-15,土,清明,24,OFF SEASON,1.17,5.00,2.70,0,0,0
2023-04-16,日,清明,24,OFF SEASON,1.17,4.00,2.30,0,0,0
2023-04-17,月,清明,24,OFF SEASON,1.17,2.00,1.50,0,0,0
2023-04-18,火,清明,24,OFF SEASON,1.17,2.00,1.50,0,0,0
2023-04-19,水,清明,24,OFF SEASON,1.17,2.00,1.50,0,0,0
2023-04-20,木,穀雨,16,LOW SEASON,2.50,3.00,2.70,0,0,0
2023-04-21,金,穀雨,16,LOW SEASON,2.50,4.00,3.10,0,0,0
2023-04-22,土,穀雨,16,LOW SEASON,2.50,5.00,3.50,0,0,0
2023-04-23,日,穀雨,16,LOW SEASON,2.50,4.00,3.10,0,0,0
2023-04-24,月,穀雨,16,LOW SEASON,2.50,2.00,2.30,0,0,0
2023-04-25,火,穀雨,16,LOW SEASON,2.50,2.00,2.30,0,0,0
2023-04-26,水,穀雨,16,LOW SEASON,2.50,2.00,2.30,0,0,0
2023-04-27,木,穀雨,16,LOW SEASON,2.50,3.00,2.70,0,18,213140
2023-04-28,金,穀雨,16,LOW SEASON,2.50,4.00,3.10,0,29,352240
2023-04-29,土,穀雨,16,LOW SEASON,2.50,5.00,3.50,22,42,558800
2023-04-30,日,穀雨,16,LOW SEASON,2.50,4.00,3.10,29,32,455130
2023-05-01,月,穀雨,16,LOW SEASON,2.50,2.00,2.30,25,29,419610
2023-05-02,火,穀雨,16,LOW SEASON,2.50,2.00,2.30,23,41,523780
2023-05-03,水,穀雨,16,LOW SEASON,2.50,2.00,2.30,40,35,532680
2023-05-04,木,穀雨,16,LOW SEASON,2.50,3.00,2.70,30,39,562620
2023-05-05,金,立夏,11,FLOW SEASON,3.33,4.00,3.60,24,40,505250
2023-05-06,土,立夏,11,FLOW SEASON,3.33,5.00,4.00,12,20,341200
2023-05-07,日,立夏,11,FLOW SEASON,3.33,4.00,3.60,17,27,410660
2023-05-08,月,立夏,11,FLOW SEASON,3.33,2.00,2.80,0,30,425340
2023-05-09,火,立夏,11,FLOW SEASON,3.33,2.00,2.80,0,26,280360
2023-05-10,水,立夏,11,FLOW SEASON,3.33,2.00,2.80,17,32,644270
2023-05-11,木,立夏,11,FLOW SEASON,3.33,3.00,3.20,0,21,261550
2023-05-12,金,立夏,11,FLOW SEASON,3.33,4.00,3.60,0,42,478240
2023-05-13,土,立夏,11,FLOW SEASON,3.33,5.00,4.00,26,43,579130
2023-05-14,日,立夏,11,FLOW SEASON,3.33,4.00,3.60,22,26,342230
2023-05-15,月,立夏,11,FLOW SEASON,3.33,2.00,2.80,0,22,262910
2023-05-16,火,立夏,11,FLOW SEASON,3.33,2.00,2.80,0,38,489780
2023-05-17,水,立夏,11,FLOW SEASON,3.33,2.00,2.80,0,37,435250
2023-05-18,木,立夏,11,FLOW SEASON,3.33,3.00,3.20,0,22,291950
2023-05-19,金,立夏,11,FLOW SEASON,3.33,4.00,3.60,0,40,455040
2023-05-20,土,立夏,11,FLOW SEASON,3.33,5.00,4.00,22,37,476620
2023-05-21,日,小満,12,FLOW SEASON,3.17,4.00,3.50,7,28,353600
2023-05-22,月,小満,12,FLOW SEASON,3.17,2.00,2.70,0,21,309820
2023-05-23,火,小満,12,FLOW SEASON,3.17,2.00,2.70,28,40,546570
2023-05-24,水,小満,12,FLOW SEASON,3.17,2.00,2.70,0,30,202510
2023-05-25,木,小満,12,FLOW SEASON,3.17,3.00,3.10,0,25,314780
2023-05-26,金,小満,12,FLOW SEASON,3.17,4.00,3.50,28,27,417640
2023-05-27,土,小満,12,FLOW SEASON,3.17,5.00,3.90,22,32,438990
2023-05-28,日,小満,12,FLOW SEASON,3.17,4.00,3.50,30,25,410340
2023-05-29,月,小満,12,FLOW SEASON,3.17,2.00,2.70,0,33,462780
2023-05-30,火,小満,12,FLOW SEASON,3.17,2.00,2.70,0,28,362560
2023-05-31,水,小満,12,FLOW SEASON,3.17,2.00,2.70,0,30,406650
2023-06-01,木,小満,12,FLOW SEASON,3.17,3.00,3.10,0,37,376280
2023-06-02,金,小満,12,FLOW SEASON,3.17,4.00,3.50,0,29,352430
2023-06-03,土,小満,12,FLOW SEASON,3.17,5.00,3.90,20,39,527270
2023-06-04,日,小満,12,FLOW SEASON,3.17,4.00,3.50,23,38,421170
2023-06-05,月,小満,12,FLOW SEASON,3.17,2.00,2.70,0,29,375400
2023-06-06,火,芒種,6,HIGH SEASON,4.17,2.00,3.30,12,25,358200
2023-06-07,水,芒種,6,HIGH SEASON,4.17,2.00,3.30,0,23,257970
2023-06-08,木,芒種,6,HIGH SEASON,4.17,3.00,3.70,0,28,337160
2023-06-09,金,芒種,6,HIGH SEASON,4.17,4.00,4.10,0,22,252190
2023-06-10,土,芒種,6,HIGH SEASON,4.17,5.00,4.50,24,35,469560
2023-06-11,日,芒種,6,HIGH SEASON,4.17,4.00,4.10,27,36,482360
2023-06-12,月,芒種,6,HIGH SEASON,4.17,2.00,3.30,0,25,396830
2023-06-13,火,芒種,6,HIGH SEASON,4.17,2.00,3.30,0,30,398530
2023-06-14,水,芒種,6,HIGH SEASON,4.17,2.00,3.30,0,36,461160
2023-06-15,木,芒種,6,HIGH SEASON,4.17,3.00,3.70,0,34,404460
2023-06-16,金,芒種,6,HIGH SEASON,4.17,4.00,4.10,0,29,320020
2023-06-17,土,芒種,6,HIGH SEASON,4.17,5.00,4.50,29,37,527190
2023-06-18,日,芒種,6,HIGH SEASON,4.17,4.00,4.10,29,25,437110
2023-06-19,月,芒種,6,HIGH SEASON,4.17,2.00,3.30,0,29,318990
2023-06-20,火,芒種,6,HIGH SEASON,4.17,2.00,3.30,33,28,449550
2023-06-21,水,夏至,5,TOP SEASON,4.33,2.00,3.40,0,35,457490
2023-06-22,木,夏至,5,TOP SEASON,4.33,3.00,3.80,0,35,383310
2023-06-23,金,夏至,5,TOP SEASON,4.33,4.00,4.20,0,29,389520
2023-06-24,土,夏至,5,TOP SEASON,4.33,5.00,4.60,30,45,702460
2023-06-25,日,夏至,5,TOP SEASON,4.33,4.00,4.20,29,38,591070
2023-06-26,月,夏至,5,TOP SEASON,4.33,2.00,3.40,0,34,405990
2023-06-27,火,夏至,5,TOP SEASON,4.33,2.00,3.40,0,31,421350
2023-06-28,水,夏至,5,TOP SEASON,4.33,2.00,3.40,0,40,402130
2023-06-29,木,夏至,5,TOP SEASON,4.33,3.00,3.80,0,23,278810
2023-06-30,金,夏至,5,TOP SEASON,4.33,4.00,4.20,0,40,472310
2023-07-01,土,夏至,5,TOP SEASON,4.33,5.00,4.60,37,29,497965
2023-07-02,日,夏至,5,TOP SEASON,4.33,4.00,4.20,29,32,455450
2023-07-03,月,夏至,5,TOP SEASON,4.33,2.00,3.40,0,31,401830
2023-07-04,火,夏至,5,TOP SEASON,4.33,2.00,3.40,0,31,350150
2023-07-05,水,夏至,5,TOP SEASON,4.33,2.00,3.40,0,25,282110
2023-07-06,木,夏至,5,TOP SEASON,4.33,3.00,3.80,0,24,281990
2023-07-07,金,小暑,3,TOP SEASON,4.67,4.00,4.40,0,42,470660
2023-07-08,土,小暑,3,TOP SEASON,4.67,5.00,4.80,45,38,579170
2023-07-09,日,小暑,3,TOP SEASON,4.67,4.00,4.40,24,31,431890
2023-07-10,月,小暑,3,TOP SEASON,4.67,2.00,3.60,0,32,439690
2023-07-11,火,小暑,3,TOP SEASON,4.67,2.00,3.60,0,25,296400
2023-07-12,水,小暑,3,TOP SEASON,4.67,2.00,3.60,0,29,363300
2023-07-13,木,小暑,3,TOP SEASON,4.67,3.00,4.00,0,28,369870
2023-07-14,金,小暑,3,TOP SEASON,4.67,4.00,4.40,0,38,440280
2023-07-15,土,小暑,3,TOP SEASON,4.67,5.00,4.80,19,36,491910
2023-07-16,日,小暑,3,TOP SEASON,4.67,4.00,4.40,39,33,628210
2023-07-17,月,小暑,3,TOP SEASON,4.67,2.00,3.60,17,36,403420
2023-07-18,火,小暑,3,TOP SEASON,4.67,2.00,3.60,0,27,325920
2023-07-19,水,小暑,3,TOP SEASON,4.67,2.00,3.60,0,31,332010
2023-07-20,木,小暑,3,TOP SEASON,4.67,3.00,4.00,0,30,366170
2023-07-21,金,小暑,3,TOP SEASON,4.67,4.00,4.40,0,30,342320
2023-07-22,土,小暑,3,TOP SEASON,4.67,5.00,4.80,33,33,492420
2023-07-23,日,大暑,9,HIGH SEASON,3.67,4.00,3.80,32,27,505060
2023-07-24,月,大暑,9,HIGH SEASON,3.67,2.00,3.00,0,32,410460
2023-07-25,火,大暑,9,HIGH SEASON,3.67,2.00,3.00,0,30,328160
2023-07-26,水,大暑,9,HIGH SEASON,3.67,2.00,3.00,0,26,339690
2023-07-27,木,大暑,9,HIGH SEASON,3.67,3.00,3.40,0,27,294110
2023-07-28,金,大暑,9,HIGH SEASON,3.67,4.00,3.80,0,35,445820
2023-07-29,土,大暑,9,HIGH SEASON,3.67,5.00,4.20,32,30,465380
2023-07-30,日,大暑,9,HIGH SEASON,3.67,4.00,3.80,20,31,484220
2023-07-31,月,大暑,9,HIGH SEASON,3.67,2.00,3.00,0,35,458430
2023-08-01,火,大暑,9,HIGH SEASON,3.67,2.00,3.00,0,27,305890
2023-08-02,水,大暑,9,HIGH SEASON,3.67,2.00,3.00,0,32,339470
2023-08-03,木,大暑,9,HIGH SEASON,3.67,3.00,3.40,0,29,276300
2023-08-04,金,大暑,9,HIGH SEASON,3.67,4.00,3.80,0,27,303560
2023-08-05,土,大暑,9,HIGH SEASON,3.67,5.00,4.20,19,30,453090
2023-08-06,日,大暑,9,HIGH SEASON,3.67,4.00,3.80,15,33,438400
2023-08-07,月,立秋,7,HIGH SEASON,4.00,2.00,3.20,0,40,472960
2023-08-08,火,立秋,7,HIGH SEASON,4.00,2.00,3.20,0,34,416370
2023-08-09,水,立秋,7,HIGH SEASON,4.00,2.00,3.20,0,31,361930
2023-08-10,木,立秋,7,HIGH SEASON,4.00,3.00,3.60,0,30,359110
2023-08-11,金,立秋,7,HIGH SEASON,4.00,4.00,4.00,39,31,501780
2023-08-12,土,立秋,7,HIGH SEASON,4.00,5.00,4.40,38,33,490700
2023-08-13,日,立秋,7,HIGH SEASON,4.00,4.00,4.00,37,38,541240
2023-08-14,月,立秋,7,HIGH SEASON,4.00,2.00,3.20,0,35,420090
2023-08-15,火,立秋,7,HIGH SEASON,4.00,2.00,3.20,0,30,385580
2023-08-16,水,立秋,7,HIGH SEASON,4.00,2.00,3.20,0,25,289490
2023-08-17,木,立秋,7,HIGH SEASON,4.00,3.00,3.60,0,31,325300
2023-08-18,金,立秋,7,HIGH SEASON,4.00,4.00,4.00,0,37,363160
2023-08-19,土,立秋,7,HIGH SEASON,4.00,5.00,4.40,34,35,534600
2023-08-20,日,立秋,7,HIGH SEASON,4.00,4.00,4.00,31,31,477040
2023-08-21,月,立秋,7,HIGH SEASON,4.00,2.00,3.20,0,36,396700
2023-08-22,火,立秋,7,HIGH SEASON,4.00,2.00,3.20,0,30,360920
2023-08-23,水,処暑,8,HIGH SEASON,3.83,2.00,3.10,0,38,430320
2023-08-24,木,処暑,8,HIGH SEASON,3.83,3.00,3.50,0,42,416690
2023-08-25,金,処暑,8,HIGH SEASON,3.83,4.00,3.90,0,32,344750
2023-08-26,土,処暑,8,HIGH SEASON,3.83,5.00,4.30,21,31,459330
2023-08-27,日,処暑,8,HIGH SEASON,3.83,4.00,3.90,16,26,392440
2023-08-28,月,処暑,8,HIGH SEASON,3.83,2.00,3.10,0,35,372810
2023-08-29,火,処暑,8,HIGH SEASON,3.83,2.00,3.10,0,28,348420
2023-08-30,水,処暑,8,HIGH SEASON,3.83,2.00,3.10,0,30,332250
2023-08-31,木,処暑,8,HIGH SEASON,3.83,3.00,3.50,0,29,357460
2023-09-01,金,処暑,8,HIGH SEASON,3.83,4.00,3.90,0,24,293180
2023-09-02,土,処暑,8,HIGH SEASON,3.83,5.00,4.30,33,29,501600
2023-09-03,日,処暑,8,HIGH SEASON,3.83,4.00,3.90,28,30,484150
2023-09-04,月,処暑,8,HIGH SEASON,3.83,2.00,3.10,0,27,410040
2023-09-05,火,処暑,8,HIGH SEASON,3.83,2.00,3.10,0,39,442080
2023-09-06,水,処暑,8,HIGH SEASON,3.83,2.00,3.10,0,28,346960
2023-09-07,木,白露,4,TOP SEASON,4.50,3.00,3.90,0,31,364630
2023-09-08,金,白露,4,TOP SEASON,4.50,4.00,4.30,0,37,392950
2023-09-09,土,白露,4,TOP SEASON,4.50,5.00,4.70,26,27,399720
2023-09-10,日,白露,4,TOP SEASON,4.50,4.00,4.30,33,27,465710
2023-09-11,月,白露,4,TOP SEASON,4.50,2.00,3.50,0,30,297720
2023-09-12,火,白露,4,TOP SEASON,4.50,2.00,3.50,0,18,226400
2023-09-13,水,白露,4,TOP SEASON,4.50,2.00,3.50,0,30,339330
2023-09-14,木,白露,4,TOP SEASON,4.50,3.00,3.90,37,25,348560
2023-09-15,金,白露,4,TOP SEASON,4.50,4.00,4.30,29,37,563680
2023-09-16,土,白露,4,TOP SEASON,4.50,5.00,4.70,25,31,445650
2023-09-17,日,白露,4,TOP SEASON,4.50,4.00,4.30,44,27,423730
2023-09-18,月,白露,4,TOP SEASON,4.50,2.00,3.50,25,31,523710
2023-09-19,火,白露,4,TOP SEASON,4.50,2.00,3.50,0,31,408030
2023-09-20,水,白露,4,TOP SEASON,4.50,2.00,3.50,0,29,295310
2023-09-21,木,白露,4,TOP SEASON,4.50,3.00,3.90,0,32,409190
2023-09-22,金,白露,4,TOP SEASON,4.50,4.00,4.30,0,36,447350
2023-09-23,土,秋分,17,LOW SEASON,2.33,5.00,3.40,20,37,591850
2023-09-24,日,秋分,17,LOW SEASON,2.33,4.00,3.00,35,33,510340
2023-09-25,月,秋分,17,LOW SEASON,2.33,2.00,2.20,0,29,400550
2023-09-26,火,秋分,17,LOW SEASON,2.33,2.00,2.20,0,30,316830
2023-09-27,水,秋分,17,LOW SEASON,2.33,2.00,2.20,0,30,371520
2023-09-28,木,秋分,17,LOW SEASON,2.33,3.00,2.60,0,26,354950
2023-09-29,金,秋分,17,LOW SEASON,2.33,4.00,3.00,0,38,415750
2023-09-30,土,秋分,17,LOW SEASON,2.33,5.00,3.40,19,31,437440
2023-10-01,日,秋分,17,LOW SEASON,2.33,4.00,3.00,28,38,672230
2023-10-02,月,秋分,17,LOW SEASON,2.33,2.00,2.20,0,42,274200
2023-10-03,火,秋分,17,LOW SEASON,2.33,2.00,2.20,0,36,427400
2023-10-04,水,秋分,17,LOW SEASON,2.33,2.00,2.20,0,26,330890
2023-10-05,木,秋分,17,LOW SEASON,2.33,3.00,2.60,0,35,290350
2023-10-06,金,秋分,17,LOW SEASON,2.33,4.00,3.00,0,24,278110
2023-10-07,土,秋分,17,LOW SEASON,2.33,5.00,3.40,11,44,581490
2023-10-08,日,寒露,21,OFF SEASON,1.67,4.00,2.60,37,30,491364
2023-10-09,月,寒露,21,OFF SEASON,1.67,2.00,1.80,30,30,471512
2023-10-10,火,寒露,21,OFF SEASON,1.67,2.00,1.80,0,22,298310
2023-10-11,水,寒露,21,OFF SEASON,1.67,2.00,1.80,0,29,261260
2023-10-12,木,寒露,21,OFF SEASON,1.67,3.00,2.20,36,31,543635
2023-10-13,金,寒露,21,OFF SEASON,1.67,4.00,2.60,0,15,264820
2023-10-14,土,寒露,21,OFF SEASON,1.67,5.00,3.00,25,33,515410
2023-10-15,日,寒露,21,OFF SEASON,1.67,4.00,2.60,34,31,507706
2023-10-16,月,寒露,21,OFF SEASON,1.67,2.00,1.80,0,39,314500
2023-10-17,火,寒露,21,OFF SEASON,1.67,2.00,1.80,0,37,435140
2023-10-18,水,寒露,21,OFF SEASON,1.67,2.00,1.80,0,33,394780
2023-10-19,木,寒露,21,OFF SEASON,1.67,3.00,2.20,0,30,364740
2023-10-20,金,寒露,21,OFF SEASON,1.67,4.00,2.60,0,32,323140
2023-10-21,土,寒露,21,OFF SEASON,1.67,5.00,3.00,27,30,430340
2023-10-22,日,寒露,21,OFF SEASON,1.67,4.00,2.60,38,31,533544
2023-10-23,月,霜降,22,OFF SEASON,1.50,2.00,1.70,0,33,389420
2023-10-24,火,霜降,22,OFF SEASON,1.50,2.00,1.70,0,31,446090
2023-10-25,水,霜降,22,OFF SEASON,1.50,2.00,1.70,0,54,513000
2023-10-26,木,霜降,22,OFF SEASON,1.50,3.00,2.10,0,29,348930
2023-10-27,金,霜降,22,OFF SEASON,1.50,4.00,2.50,0,29,319360
2023-10-28,土,霜降,22,OFF SEASON,1.50,5.00,2.90,28,31,482834
2023-10-29,日,霜降,22,OFF SEASON,1.50,4.00,2.50,25,31,469550
2023-10-30,月,霜降,22,OFF SEASON,1.50,2.00,1.70,0,29,382180
2023-10-31,火,霜降,22,OFF SEASON,1.50,2.00,1.70,0,31,349400
2023-11-01,水,霜降,22,OFF SEASON,1.50,2.00,1.70,0,24,266280
2023-11-02,木,霜降,22,OFF SEASON,1.50,3.00,2.10,0,37,434600
2023-11-03,金,霜降,22,OFF SEASON,1.50,4.00,2.50,22,35,490780
2023-11-04,土,霜降,22,OFF SEASON,1.50,5.00,2.90,27,37,577210
2023-11-05,日,霜降,22,OFF SEASON,1.50,4.00,2.50,31,33,481150
2023-11-06,月,霜降,22,OFF SEASON,1.50,2.00,1.70,0,25,336210
2023-11-07,火,立冬,23,OFF SEASON,1.33,2.00,1.60,0,27,397980
2023-11-08,水,立冬,23,OFF SEASON,1.33,2.00,1.60,0,29,340500
2023-11-09,木,立冬,23,OFF SEASON,1.33,3.00,2.00,0,28,324300
2023-11-10,金,立冬,23,OFF SEASON,1.33,4.00,2.40,0,17,225700
2023-11-11,土,立冬,23,OFF SEASON,1.33,5.00,2.80,20,38,558420
2023-11-12,日,立冬,23,OFF SEASON,1.33,4.00,2.40,29,37,540210
2023-11-13,月,立冬,23,OFF SEASON,1.33,2.00,1.60,0,10,118730
2023-11-14,火,立冬,23,OFF SEASON,1.33,2.00,1.60,0,23,278530
2023-11-15,水,立冬,23,OFF SEASON,1.33,2.00,1.60,0,29,396230
2023-11-16,木,立冬,23,OFF SEASON,1.33,3.00,2.00,0,35,419325
2023-11-17,金,立冬,23,OFF SEASON,1.33,4.00,2.40,0,4,45670
2023-11-18,土,立冬,23,OFF SEASON,1.33,5.00,2.80,12,36,461210
2023-11-19,日,立冬,23,OFF SEASON,1.33,4.00,2.40,26,30,459230
2023-11-20,月,立冬,23,OFF SEASON,1.33,2.00,1.60,0,36,468440
2023-11-21,火,立冬,23,OFF SEASON,1.33,2.00,1.60,0,31,360760
2023-11-22,水,小雪,20,LOW SEASON,1.83,2.00,1.90,0,37,428650
2023-11-23,木,小雪,20,LOW SEASON,1.83,3.00,2.30,28,39,605200
2023-11-24,金,小雪,20,LOW SEASON,1.83,4.00,2.70,0,0,0
2023-11-25,土,小雪,20,LOW SEASON,1.83,5.00,3.10,0,0,0
2023-11-26,日,小雪,20,LOW SEASON,1.83,4.00,2.70,26,32,433060
2023-11-27,月,小雪,20,LOW SEASON,1.83,2.00,1.90,0,32,462760
2023-11-28,火,小雪,20,LOW SEASON,1.83,2.00,1.90,0,25,305920
2023-11-29,水,小雪,20,LOW SEASON,1.83,2.00,1.90,0,30,408100
2023-11-30,木,小雪,20,LOW SEASON,1.83,3.00,2.30,0,14,175470
2023-12-01,金,小雪,20,LOW SEASON,1.83,4.00,2.70,0,46,312770
2023-12-02,土,小雪,20,LOW SEASON,1.83,5.00,3.10,33,38,657170
2023-12-03,日,小雪,20,LOW SEASON,1.83,4.00,2.70,22,26,458520
2023-12-04,月,小雪,20,LOW SEASON,1.83,2.00,1.90,0,32,472290
2023-12-05,火,小雪,20,LOW SEASON,1.83,2.00,1.90,0,20,250350
2023-12-06,水,小雪,20,LOW SEASON,1.83,2.00,1.90,0,25,333490
2023-12-07,木,大雪,2,TOP SEASON,4.83,3.00,4.10,0,25,328840
2023-12-08,金,大雪,2,TOP SEASON,4.83,4.00,4.50,0,25,325690
2023-12-09,土,大雪,2,TOP SEASON,4.83,5.00,4.90,0,38,480230
2023-12-10,日,大雪,2,TOP SEASON,4.83,4.00,4.50,29,36,554000
2023-12-11,月,大雪,2,TOP SEASON,4.83,2.00,3.70,0,25,350440
2023-12-12,火,大雪,2,TOP SEASON,4.83,2.00,3.70,0,38,471320
2023-12-13,水,大雪,2,TOP SEASON,4.83,2.00,3.70,0,0,0
2023-12-14,木,大雪,2,TOP SEASON,4.83,3.00,4.10,0,0,0
2023-12-15,金,大雪,2,TOP SEASON,4.83,4.00,4.50,0,34,436070
2023-12-16,土,大雪,2,TOP SEASON,4.83,5.00,4.90,28,38,666670
2023-12-17,日,大雪,2,TOP SEASON,4.83,4.00,4.50,0,0,0
2023-12-18,月,大雪,2,TOP SEASON,4.83,2.00,3.70,0,31,439410
2023-12-19,火,大雪,2,TOP SEASON,4.83,2.00,3.70,0,33,507910
2023-12-20,水,大雪,2,TOP SEASON,4.83,2.00,3.70,0,33,457310
2023-12-21,木,大雪,2,TOP SEASON,4.83,3.00,4.10,0,37,468930
2023-12-22,金,冬至,1,TOP SEASON,5.00,4.00,4.60,0,34,709540
2023-12-23,土,冬至,1,TOP SEASON,5.00,5.00,5.00,28,37,910610
2023-12-24,日,冬至,1,TOP SEASON,5.00,4.00,4.60,29,38,1213900
2023-12-25,月,冬至,1,TOP SEASON,5.00,2.00,3.80,20,33,908940
2023-12-26,火,冬至,1,TOP SEASON,5.00,2.00,3.80,0,31,336110
2023-12-27,水,冬至,1,TOP SEASON,5.00,2.00,3.80,0,41,524500
2023-12-28,木,冬至,1,TOP SEASON,5.00,3.00,4.20,0,39,415880
2023-12-29,金,冬至,1,TOP SEASON,5.00,4.00,4.60,0,37,408320
2023-12-30,土,冬至,1,TOP SEASON,5.00,5.00,5.00,31,44,634124
2023-12-31,日,冬至,1,TOP SEASON,5.00,4.00,4.60,36,0,214450
2024-01-01,月,冬至,1,TOP SEASON,5.00,2.00,3.80,0,0,0
2024-01-02,火,冬至,1,TOP SEASON,5.00,2.00,3.80,0,37,497360
2024-01-03,水,冬至,1,TOP SEASON,5.00,2.00,3.80,0,32,331490
2024-01-04,木,冬至,1,TOP SEASON,5.00,3.00,4.20,0,37,428020
2024-01-05,金,小寒,18,LOW SEASON,2.17,4.00,2.90,0,29,334120
2024-01-06,土,小寒,18,LOW SEASON,2.17,5.00,3.30,21,32,402482
2024-01-07,日,小寒,18,LOW SEASON,2.17,4.00,2.90,16,38,493660
2024-01-08,月,小寒,18,LOW SEASON,2.17,2.00,2.10,0,20,209230
2024-01-09,火,小寒,18,LOW SEASON,2.17,2.00,2.10,0,22,294660
2024-01-10,水,小寒,18,LOW SEASON,2.17,2.00,2.10,0,16,170790
2024-01-11,木,小寒,18,LOW SEASON,2.17,3.00,2.50,0,24,228530
2024-01-12,金,小寒,18,LOW SEASON,2.17,4.00,2.90,0,23,199650
2024-01-13,土,小寒,18,LOW SEASON,2.17,5.00,3.30,16,27,315020
2024-01-14,日,小寒,18,LOW SEASON,2.17,4.00,2.90,13,22,341900
2024-01-15,月,小寒,18,LOW SEASON,2.17,2.00,2.10,0,0,0
2024-01-16,火,小寒,18,LOW SEASON,2.17,2.00,2.10,0,0,0
2024-01-17,水,小寒,18,LOW SEASON,2.17,2.00,2.10,0,12,131480
2024-01-18,木,小寒,18,LOW SEASON,2.17,3.00,2.50,0,13,131410
2024-01-19,金,小寒,18,LOW SEASON,2.17,4.00,2.90,0,24,276650
2024-01-20,土,大寒,14,FLOW SEASON,2.83,5.00,3.70,11,30,399740
2024-01-21,日,大寒,14,FLOW SEASON,2.83,4.00,3.30,12,24,287550
2024-01-22,月,大寒,14,FLOW SEASON,2.83,2.00,2.50,0,12,153830
2024-01-23,火,大寒,14,FLOW SEASON,2.83,2.00,2.50,0,12,120250
2024-01-24,水,大寒,14,FLOW SEASON,2.83,2.00,2.50,0,0,0
2024-01-25,木,大寒,14,FLOW SEASON,2.83,3.00,2.90,0,0,0
2024-01-26,金,大寒,14,FLOW SEASON,2.83,4.00,3.30,0,0,0
2024-01-27,土,大寒,14,FLOW SEASON,2.83,5.00,3.70,25,40,498388
2024-01-28,日,大寒,14,FLOW SEASON,2.83,4.00,3.30,23,22,355120
2024-01-29,月,大寒,14,FLOW SEASON,2.83,2.00,2.50,0,14,133640
2024-01-30,火,大寒,14,FLOW SEASON,2.83,2.00,2.50,0,30,344600
2024-01-31,水,大寒,14,FLOW SEASON,2.83,2.00,2.50,0,24,271310
2024-02-01,木,大寒,14,FLOW SEASON,2.83,3.00,2.90,0,0,0
2024-02-02,金,大寒,14,FLOW SEASON,2.83,4.00,3.30,0,0,0
2024-02-03,土,大寒,14,FLOW SEASON,2.83,5.00,3.70,24,40,573114
2024-02-04,日,立春,10,HIGH SEASON,3.50,4.00,3.70,27,38,558752
2024-02-05,月,立春,10,HIGH SEASON,3.50,2.00,2.90,0,38,421090
2024-02-06,火,立春,10,HIGH SEASON,3.50,2.00,2.90,0,39,441870
2024-02-07,水,立春,10,HIGH SEASON,3.50,2.00,2.90,0,38,434960
2024-02-08,木,立春,10,HIGH SEASON,3.50,3.00,3.30,0,42,508790
2024-02-09,金,立春,10,HIGH SEASON,3.50,4.00,3.70,0,37,438340
2024-02-10,土,立春,10,HIGH SEASON,3.50,5.00,4.10,29,42,636760
2024-02-11,日,立春,10,HIGH SEASON,3.50,4.00,3.70,31,39,658630
2024-02-12,月,立春,10,HIGH SEASON,3.50,2.00,2.90,41,38,569480
2024-02-13,火,立春,10,HIGH SEASON,3.50,2.00,2.90,0,33,407620
2024-02-14,水,立春,10,HIGH SEASON,3.50,2.00,2.90,0,34,362050
2024-02-15,木,立春,10,HIGH SEASON,3.50,3.00,3.30,0,18,201290
2024-02-16,金,立春,10,HIGH SEASON,3.50,4.00,3.70,0,33,401340
2024-02-17,土,立春,10,HIGH SEASON,3.50,5.00,4.10,30,38,562030
2024-02-18,日,立春,10,HIGH SEASON,3.50,4.00,3.70,26,24,370760
2024-02-19,月,雨水,19,LOW SEASON,2.00,2.00,2.00,0,15,162080
2024-02-20,火,雨水,19,LOW SEASON,2.00,2.00,2.00,0,0,0
2024-02-21,水,雨水,19,LOW SEASON,2.00,2.00,2.00,0,29,364240
2024-02-22,木,雨水,19,LOW SEASON,2.00,3.00,2.40,0,21,223460
2024-02-23,金,雨水,19,LOW SEASON,2.00,4.00,2.80,22,36,536840
2024-02-24,土,雨水,19,LOW SEASON,2.00,5.00,3.20,5,35,446660
2024-02-25,日,雨水,19,LOW SEASON,2.00,4.00,2.80,16,19,282680
2024-02-26,月,雨水,19,LOW SEASON,2.00,2.00,2.00,0,25,289810
2024-02-27,火,雨水,19,LOW SEASON,2.00,2.00,2.00,0,13,146230
2024-02-28,水,雨水,19,LOW SEASON,2.00,2.00,2.00,0,0,0
2024-02-29,木,雨水,19,LOW SEASON,2.00,3.00,2.40,0,23,292260
2024-03-01,金,雨水,19,LOW SEASON,2.00,4.00,2.80,0,0,0
2024-03-02,土,雨水,19,LOW SEASON,2.00,5.00,3.20,0,0,0
2024-03-03,日,雨水,19,LOW SEASON,2.00,4.00,2.80,17,24,339694
2024-03-04,月,雨水,19,LOW SEASON,2.00,2.00,2.00,0,28,269720
2024-03-05,火,啓蟄,15,FLOW SEASON,2.67,2.00,2.40,0,18,201320
2024-03-06,水,啓蟄,15,FLOW SEASON,2.67,2.00,2.40,0,16,192170
2024-03-07,木,啓蟄,15,FLOW SEASON,2.67,3.00,2.80,0,31,284920
2024-03-08,金,啓蟄,15,FLOW SEASON,2.67,4.00,3.20,0,40,468150
2024-03-09,土,啓蟄,15,FLOW SEASON,2.67,5.00,3.60,18,37,525560
2024-03-10,日,啓蟄,15,FLOW SEASON,2.67,4.00,3.20,4,40,440560
2024-03-11,月,啓蟄,15,FLOW SEASON,2.67,2.00,2.40,0,21,245050
2024-03-12,火,啓蟄,15,FLOW SEASON,2.67,2.00,2.40,0,31,400200
2024-03-13,水,啓蟄,15,FLOW SEASON,2.67,2.00,2.40,0,0,0
2024-03-14,木,啓蟄,15,FLOW SEASON,2.67,3.00,2.80,0,36,398480
2024-03-15,金,啓蟄,15,FLOW SEASON,2.67,4.00,3.20,0,37,435250
2024-03-16,土,啓蟄,15,FLOW SEASON,2.67,5.00,3.60,0,39,365040
2024-03-17,日,啓蟄,15,FLOW SEASON,2.67,4.00,3.20,20,39,483960
2024-03-18,月,啓蟄,15,FLOW SEASON,2.67,2.00,2.40,0,0,0
2024-03-19,火,啓蟄,15,FLOW SEASON,2.67,2.00,2.40,0,0,0
2024-03-20,水,啓蟄,15,FLOW SEASON,2.67,2.00,2.40,17,0,81020
2024-03-21,木,春分,13,FLOW SEASON,3.00,3.00,3.00,0,34,326370
2024-03-22,金,春分,13,FLOW SEASON,3.00,4.00,3.40,0,38,389200
2024-03-23,土,春分,13,FLOW SEASON,3.00,5.00,3.80,19,34,485100
2024-03-24,日,春分,13,FLOW SEASON,3.00,4.00,3.40,21,39,567360
2024-03-25,月,春分,13,FLOW SEASON,3.00,2.00,2.60,0,2,104000
2024-03-26,火,春分,13,FLOW SEASON,3.00,2.00,2.60,0,0,0
2024-03-27,水,春分,13,FLOW SEASON,3.00,2.00,2.60,0,0,0
2024-03-28,木,春分,13,FLOW SEASON,3.00,3.00,3.00,0,0,0
2024-03-29,金,春分,13,FLOW SEASON,3.00,4.00,3.40,0,0,0
2024-03-30,土,春分,13,FLOW SEASON,3.00,5.00,3.80,0,0,0
2024-03-31,日,春分,13,FLOW SEASON,3.00,4.00,3.40,0,0,0
2024-04-01,月,春分,13,FLOW SEASON,3.00,2.00,2.60,0,0,0
2024-04-02,火,春分,13,FLOW SEASON,3.00,2.00,2.60,0,0,0
2024-04-03,水,春分,13,FLOW SEASON,3.00,2.00,2.60,0,0,0
2024-04-04,木,春分,13,FLOW SEASON,3.00,3.00,3.00,0,0,0
2024-04-05,金,清明,24,OFF SEASON,1.17,4.00,2.30,0,0,0
2024-04-06,土,清明,24,OFF SEASON,1.17,5.00,2.70,0,0,0
2024-04-07,日,清明,24,OFF SEASON,1.17,4.00,2.30,0,0,0
2024-04-08,月,清明,24,OFF SEASON,1.17,2.00,1.50,0,0,0
2024-04-09,火,清明,24,OFF SEASON,1.17,2.00,1.50,0,0,0
2024-04-10,水,清明,24,OFF SEASON,1.17,2.00,1.50,0,0,0
2024-04-11,木,清明,24,OFF SEASON,1.17,3.00,1.90,0,0,0
2024-04-12,金,清明,24,OFF SEASON,1.17,4.00,2.30,0,0,0
2024-04-13,土,清明,24,OFF SEASON,1.17,5.00,2.70,0,0,0
2024-04-14,日,清明,24,OFF SEASON,1.17,4.00,2.30,0,0,0
2024-04-15,月,清明,24,OFF SEASON,1.17,2.00,1.50,0,0,0
2024-04-16,火,清明,24,OFF SEASON,1.17,2.00,1.50,0,0,0
2024-04-17,水,清明,24,OFF SEASON,1.17,2.00,1.50,0,0,0
2024-04-18,木,清明,24,OFF SEASON,1.17,3.00,1.90,0,0,0
2024-04-19,金,清明,24,OFF SEASON,1.17,4.00,2.30,0,8,115840
2024-04-20,土,穀雨,16,LOW SEASON,2.50,5.00,3.50,0,30,345550
2024-04-21,日,穀雨,16,LOW SEASON,2.50,4.00,3.10,0,26,302910
2024-04-22,月,穀雨,16,LOW SEASON,2.50,2.00,2.30,0,10,135340
2024-04-23,火,穀雨,16,LOW SEASON,2.50,2.00,2.30,0,17,197560
2024-04-24,水,穀雨,16,LOW SEASON,2.50,2.00,2.30,0,4,63270
2024-04-25,木,穀雨,16,LOW SEASON,2.50,3.00,2.70,0,4,50870
2024-04-26,金,穀雨,16,LOW SEASON,2.50,4.00,3.10,0,34,388380
2024-04-27,土,穀雨,16,LOW SEASON,2.50,5.00,3.50,27,38,541014
2024-04-28,日,穀雨,16,LOW SEASON,2.50,4.00,3.10,18,40,594432
2024-04-29,月,穀雨,16,LOW SEASON,2.50,2.00,2.30,18,40,554520
2024-04-30,火,穀雨,16,LOW SEASON,2.50,2.00,2.30,0,33,364300
2024-05-01,水,穀雨,16,LOW SEASON,2.50,2.00,2.30,0,38,430720
2024-05-02,木,穀雨,16,LOW SEASON,2.50,3.00,2.70,0,41,466370
2024-05-03,金,穀雨,16,LOW SEASON,2.50,4.00,3.10,30,41,533440
2024-05-04,土,穀雨,16,LOW SEASON,2.50,5.00,3.50,33,43,592830
2024-05-05,日,立夏,11,FLOW SEASON,3.33,4.00,3.60,32,39,682730
2024-05-06,月,立夏,11,FLOW SEASON,3.33,2.00,2.80,8,24,373210
2024-05-07,火,立夏,11,FLOW SEASON,3.33,2.00,2.80,0,35,384250
2024-05-08,水,立夏,11,FLOW SEASON,3.33,2.00,2.80,0,14,198430
2024-05-09,木,立夏,11,FLOW SEASON,3.33,3.00,3.20,0,21,253330
2024-05-10,金,立夏,11,FLOW SEASON,3.33,4.00,3.60,0,31,305810
2024-05-11,土,立夏,11,FLOW SEASON,3.33,5.00,4.00,22,39,570500
2024-05-12,日,立夏,11,FLOW SEASON,3.33,4.00,3.60,24,30,337654
2024-05-13,月,立夏,11,FLOW SEASON,3.33,2.00,2.80,0,24,323530
2024-05-14,火,立夏,11,FLOW SEASON,3.33,2.00,2.80,0,31,335940
2024-05-15,水,立夏,11,FLOW SEASON,3.33,2.00,2.80,0,35,419100
2024-05-16,木,立夏,11,FLOW SEASON,3.33,3.00,3.20,0,25,300770
2024-05-17,金,立夏,11,FLOW SEASON,3.33,4.00,3.60,0,32,297650
2024-05-18,土,立夏,11,FLOW SEASON,3.33,5.00,4.00,36,38,597840
2024-05-19,日,立夏,11,FLOW SEASON,3.33,4.00,3.60,26,33,457868
2024-05-20,月,立夏,11,FLOW SEASON,3.33,2.00,2.80,0,27,395790
2024-05-21,火,小満,12,FLOW SEASON,3.17,2.00,2.70,0,28,341040
2024-05-22,水,小満,12,FLOW SEASON,3.17,2.00,2.70,0,18,191350
2024-05-23,木,小満,12,FLOW SEASON,3.17,3.00,3.10,0,31,365720
2024-05-24,金,小満,12,FLOW SEASON,3.17,4.00,3.50,0,35,417270
2024-05-25,土,小満,12,FLOW SEASON,3.17,5.00,3.90,25,39,619740
2024-05-26,日,小満,12,FLOW SEASON,3.17,4.00,3.50,32,40,546782
2024-05-27,月,小満,12,FLOW SEASON,3.17,2.00,2.70,0,26,365110
2024-05-28,火,小満,12,FLOW SEASON,3.17,2.00,2.70,0,28,238480
2024-05-29,水,小満,12,FLOW SEASON,3.17,2.00,2.70,0,33,314910
2024-05-30,木,小満,12,FLOW SEASON,3.17,3.00,3.10,0,26,330650
2024-05-31,金,小満,12,FLOW SEASON,3.17,4.00,3.50,0,28,346280
2024-06-01,土,小満,12,FLOW SEASON,3.17,5.00,3.90,33,37,603270
2024-06-02,日,小満,12,FLOW SEASON,3.17,4.00,3.50,20,29,440240
2024-06-03,月,小満,12,FLOW SEASON,3.17,2.00,2.70,0,41,562417
2024-06-04,火,小満,12,FLOW SEASON,3.17,2.00,2.70,0,27,295570
2024-06-05,水,小満,12,FLOW SEASON,3.17,2.00,2.70,0,29,314470
2024-06-06,木,芒種,6,HIGH SEASON,4.17,3.00,3.70,0,36,374610
2024-06-07,金,芒種,6,HIGH SEASON,4.17,4.00,4.10,0,38,649440
2024-06-08,土,芒種,6,HIGH SEASON,4.17,5.00,4.50,27,42,625690
2024-06-09,日,芒種,6,HIGH SEASON,4.17,4.00,4.10,22,45,544522
2024-06-10,月,芒種,6,HIGH SEASON,4.17,2.00,3.30,0,41,491980
2024-06-11,火,芒種,6,HIGH SEASON,4.17,2.00,3.30,0,34,288410
2024-06-12,水,芒種,6,HIGH SEASON,4.17,2.00,3.30,32,43,635490
2024-06-13,木,芒種,6,HIGH SEASON,4.17,3.00,3.70,0,42,473500
2024-06-14,金,芒種,6,HIGH SEASON,4.17,4.00,4.10,0,36,414410
2024-06-15,土,芒種,6,HIGH SEASON,4.17,5.00,4.50,40,42,664150
2024-06-16,日,芒種,6,HIGH SEASON,4.17,4.00,4.10,27,39,611920
2024-06-17,月,芒種,6,HIGH SEASON,4.17,2.00,3.30,0,33,392220
2024-06-18,火,芒種,6,HIGH SEASON,4.17,2.00,3.30,0,39,453610
2024-06-19,水,芒種,6,HIGH SEASON,4.17,2.00,3.30,0,46,573440
2024-06-20,木,芒種,6,HIGH SEASON,4.17,3.00,3.70,0,38,510570
2024-06-21,金,夏至,5,TOP SEASON,4.33,4.00,4.20,0,44,539070
2024-06-22,土,夏至,5,TOP SEASON,4.33,5.00,4.60,28,37,577724
2024-06-23,日,夏至,5,TOP SEASON,4.33,4.00,4.20,34,37,544270
2024-06-24,月,夏至,5,TOP SEASON,4.33,2.00,3.40,36,39,892650
2024-06-25,火,夏至,5,TOP SEASON,4.33,2.00,3.40,0,36,388970
2024-06-26,水,夏至,5,TOP SEASON,4.33,2.00,3.40,0,41,416490
2024-06-27,木,夏至,5,TOP SEASON,4.33,3.00,3.80,0,30,326770
2024-06-28,金,夏至,5,TOP SEASON,4.33,4.00,4.20,0,38,365810
2024-06-29,土,夏至,5,TOP SEASON,4.33,5.00,4.60,26,39,514230
2024-06-30,日,夏至,5,TOP SEASON,4.33,4.00,4.20,31,36,570520
2024-07-01,月,夏至,5,TOP SEASON,4.33,2.00,3.40,0,34,370410
2024-07-02,火,夏至,5,TOP SEASON,4.33,2.00,3.40,0,40,425410
2024-07-03,水,夏至,5,TOP SEASON,4.33,2.00,3.40,0,36,432230
2024-07-04,木,夏至,5,TOP SEASON,4.33,3.00,3.80,0,43,432730
2024-07-05,金,夏至,5,TOP SEASON,4.33,4.00,4.20,0,49,672650
2024-07-06,土,夏至,5,TOP SEASON,4.33,5.00,4.60,37,44,609280
2024-07-07,日,小暑,3,TOP SEASON,4.67,4.00,4.40,33,43,659850
2024-07-08,月,小暑,3,TOP SEASON,4.67,2.00,3.60,0,35,420370
2024-07-09,火,小暑,3,TOP SEASON,4.67,2.00,3.60,0,36,436210
2024-07-10,水,小暑,3,TOP SEASON,4.67,2.00,3.60,0,40,480910
2024-07-11,木,小暑,3,TOP SEASON,4.67,3.00,4.00,0,40,465670
2024-07-12,金,小暑,3,TOP SEASON,4.67,4.00,4.40,0,37,401150
2024-07-13,土,小暑,3,TOP SEASON,4.67,5.00,4.80,32,39,579430
2024-07-14,日,小暑,3,TOP SEASON,4.67,4.00,4.40,33,41,621890
2024-07-15,月,小暑,3,TOP SEASON,4.67,2.00,3.60,39,37,640420
2024-07-16,火,小暑,3,TOP SEASON,4.67,2.00,3.60,0,41,396120
2024-07-17,水,小暑,3,TOP SEASON,4.67,2.00,3.60,0,38,403760
2024-07-18,木,小暑,3,TOP SEASON,4.67,3.00,4.00,0,41,481800
2024-07-19,金,小暑,3,TOP SEASON,4.67,4.00,4.40,0,35,415250
2024-07-20,土,小暑,3,TOP SEASON,4.67,5.00,4.80,29,36,541074
2024-07-21,日,小暑,3,TOP SEASON,4.67,4.00,4.40,37,39,575100
2024-07-22,月,小暑,3,TOP SEASON,4.67,2.00,3.60,0,43,550830
2024-07-23,火,大暑,9,HIGH SEASON,3.67,2.00,3.00,0,37,462770
2024-07-24,水,大暑,9,HIGH SEASON,3.67,2.00,3.00,0,38,473280
2024-07-25,木,大暑,9,HIGH SEASON,3.67,3.00,3.40,0,39,481560
2024-07-26,金,大暑,9,HIGH SEASON,3.67,4.00,3.80,0,37,453140
2024-07-27,土,大暑,9,HIGH SEASON,3.67,5.00,4.20,33,42,624354
2024-07-28,日,大暑,9,HIGH SEASON,3.67,4.00,3.80,11,37,466140
2024-07-29,月,大暑,9,HIGH SEASON,3.67,2.00,3.00,0,38,407150
2024-07-30,火,大暑,9,HIGH SEASON,3.67,2.00,3.00,0,39,396720
2024-07-31,水,大暑,9,HIGH SEASON,3.67,2.00,3.00,0,43,580060
2024-08-01,木,大暑,9,HIGH SEASON,3.67,3.00,3.40,0,36,397650
2024-08-02,金,大暑,9,HIGH SEASON,3.67,4.00,3.80,0,43,478910
2024-08-03,土,大暑,9,HIGH SEASON,3.67,5.00,4.20,34,41,545804
2024-08-04,日,大暑,9,HIGH SEASON,3.67,4.00,3.80,35,39,665300
2024-08-05,月,大暑,9,HIGH SEASON,3.67,2.00,3.00,0,40,390630
2024-08-06,火,大暑,9,HIGH SEASON,3.67,2.00,3.00,0,42,427440
2024-08-07,水,立秋,7,HIGH SEASON,4.00,2.00,3.20,0,37,428630
2024-08-08,木,立秋,7,HIGH SEASON,4.00,3.00,3.60,0,39,401150
2024-08-09,金,立秋,7,HIGH SEASON,4.00,4.00,4.00,0,39,432110
2024-08-10,土,立秋,7,HIGH SEASON,4.00,5.00,4.40,22,41,760460
2024-08-11,日,立秋,7,HIGH SEASON,4.00,4.00,4.00,34,39,616070
2024-08-12,月,立秋,7,HIGH SEASON,4.00,2.00,3.20,37,42,548060
2024-08-13,火,立秋,7,HIGH SEASON,4.00,2.00,3.20,0,34,399580
2024-08-14,水,立秋,7,HIGH SEASON,4.00,2.00,3.20,0,40,405200
2024-08-15,木,立秋,7,HIGH SEASON,4.00,3.00,3.60,0,40,382470
2024-08-16,金,立秋,7,HIGH SEASON,4.00,4.00,4.00,0,40,459000
2024-08-17,土,立秋,7,HIGH SEASON,4.00,5.00,4.40,30,36,520570
2024-08-18,日,立秋,7,HIGH SEASON,4.00,4.00,4.00,36,38,582170
2024-08-19,月,立秋,7,HIGH SEASON,4.00,2.00,3.20,0,37,389330
2024-08-20,火,立秋,7,HIGH SEASON,4.00,2.00,3.20,0,40,449390
2024-08-21,水,立秋,7,HIGH SEASON,4.00,2.00,3.20,0,37,396750
2024-08-22,木,立秋,7,HIGH SEASON,4.00,3.00,3.60,0,41,510500
2024-08-23,金,処暑,8,HIGH SEASON,3.83,4.00,3.90,0,38,484290
2024-08-24,土,処暑,8,HIGH SEASON,3.83,5.00,4.30,33,38,598692
2024-08-25,日,処暑,8,HIGH SEASON,3.83,4.00,3.90,22,41,486904
2024-08-26,月,処暑,8,HIGH SEASON,3.83,2.00,3.10,0,42,452930
2024-08-27,火,処暑,8,HIGH SEASON,3.83,2.00,3.10,0,35,365020
2024-08-28,水,処暑,8,HIGH SEASON,3.83,2.00,3.10,0,39,383120
2024-08-29,木,処暑,8,HIGH SEASON,3.83,3.00,3.50,0,33,466670
2024-08-30,金,処暑,8,HIGH SEASON,3.83,4.00,3.90,0,38,468170
2024-08-31,土,処暑,8,HIGH SEASON,3.83,5.00,4.30,2,38,608820
2024-09-01,日,処暑,8,HIGH SEASON,3.83,4.00,3.90,36,37,567504
2024-09-02,月,処暑,8,HIGH SEASON,3.83,2.00,3.10,0,39,521920
2024-09-03,火,処暑,8,HIGH SEASON,3.83,2.00,3.10,0,41,472090
2024-09-04,水,処暑,8,HIGH SEASON,3.83,2.00,3.10,0,39,485970
2024-09-05,木,処暑,8,HIGH SEASON,3.83,3.00,3.50,0,37,416150
2024-09-06,金,処暑,8,HIGH SEASON,3.83,4.00,3.90,0,48,528690
2024-09-07,土,白露,4,TOP SEASON,4.50,5.00,4.70,27,39,534754
2024-09-08,日,白露,4,TOP SEASON,4.50,4.00,4.30,33,42,586580
2024-09-09,月,白露,4,TOP SEASON,4.50,2.00,3.50,0,42,478020
2024-09-10,火,白露,4,TOP SEASON,4.50,2.00,3.50,0,33,397100
2024-09-11,水,白露,4,TOP SEASON,4.50,2.00,3.50,0,35,398760
2024-09-12,木,白露,4,TOP SEASON,4.50,3.00,3.90,0,40,468710
2024-09-13,金,白露,4,TOP SEASON,4.50,4.00,4.30,0,42,477410
2024-09-14,土,白露,4,TOP SEASON,4.50,5.00,4.70,33,38,641490
2024-09-15,日,白露,4,TOP SEASON,4.50,4.00,4.30,37,40,624610
2024-09-16,月,白露,4,TOP SEASON,4.50,2.00,3.50,30,37,504250
2024-09-17,火,白露,4,TOP SEASON,4.50,2.00,3.50,0,38,454370
2024-09-18,水,白露,4,TOP SEASON,4.50,2.00,3.50,0,36,428250
2024-09-19,木,白露,4,TOP SEASON,4.50,3.00,3.90,0,38,441300
2024-09-20,金,白露,4,TOP SEASON,4.50,4.00,4.30,0,39,416690
2024-09-21,土,白露,4,TOP SEASON,4.50,5.00,4.70,17,40,556390
2024-09-22,日,白露,4,TOP SEASON,4.50,4.00,4.30,27,40,580382
2024-09-23,月,秋分,17,LOW SEASON,2.33,2.00,2.20,24,38,586010
2024-09-24,火,秋分,17,LOW SEASON,2.33,2.00,2.20,0,37,369420
2024-09-25,水,秋分,17,LOW SEASON,2.33,2.00,2.20,0,34,409980
2024-09-26,木,秋分,17,LOW SEASON,2.33,3.00,2.60,0,37,359340
2024-09-27,金,秋分,17,LOW SEASON,2.33,4.00,3.00,0,38,392990
2024-09-28,土,秋分,17,LOW SEASON,2.33,5.00,3.40,20,37,490048
2024-09-29,日,秋分,17,LOW SEASON,2.33,4.00,3.00,29,36,500390
2024-09-30,月,秋分,17,LOW SEASON,2.33,2.00,2.20,0,35,505180
2024-10-01,火,秋分,17,LOW SEASON,2.33,2.00,2.20,0,37,1
2024-10-02,水,秋分,17,LOW SEASON,2.33,2.00,2.20,0,40,2
2024-10-03,木,秋分,17,LOW SEASON,2.33,3.00,2.60,0,38,3
2024-10-04,金,秋分,17,LOW SEASON,2.33,4.00,3.00,0,34,4
2024-10-05,土,秋分,17,LOW SEASON,2.33,5.00,3.40,32,36,5
2024-10-06,日,秋分,17,LOW SEASON,2.33,4.00,3.00,28,41,6
2024-10-07,月,秋分,17,LOW SEASON,2.33,2.00,2.20,0,42,7
2024-10-08,火,寒露,21,OFF SEASON,1.67,2.00,1.80,0,43,8
2024-10-09,水,寒露,21,OFF SEASON,1.67,2.00,1.80,0,45,9
2024-10-10,木,寒露,21,OFF SEASON,1.67,3.00,2.20,0,44,10
2024-10-11,金,寒露,21,OFF SEASON,1.67,4.00,2.60,0,42,11
2024-10-12,土,寒露,21,OFF SEASON,1.67,5.00,3.00,36,30,12
2024-10-13,日,寒露,21,OFF SEASON,1.67,4.00,2.60,34,39,13
2024-10-14,月,寒露,21,OFF SEASON,1.67,2.00,1.80,35,41,14
2024-10-15,火,寒露,21,OFF SEASON,1.67,2.00,1.80,0,36,15
2024-10-16,水,寒露,21,OFF SEASON,1.67,2.00,1.80,0,40,16
2024-10-17,木,寒露,21,OFF SEASON,1.67,3.00,2.20,0,40,17
2024-10-18,金,寒露,21,OFF SEASON,1.67,4.00,2.60,0,36,18
2024-10-19,土,寒露,21,OFF SEASON,1.67,5.00,3.00,10,28,19
2024-10-20,日,寒露,21,OFF SEASON,1.67,4.00,2.60,25,34,20
2024-10-21,月,寒露,21,OFF SEASON,1.67,2.00,1.80,0,39,21
2024-10-22,火,寒露,21,OFF SEASON,1.67,2.00,1.80,0,44,22
2024-10-23,水,霜降,22,OFF SEASON,1.50,2.00,1.70,0,53,23
2024-10-24,木,霜降,22,OFF SEASON,1.50,3.00,2.10,0,31,24
2024-10-25,金,霜降,22,OFF SEASON,1.50,4.00,2.50,0,36,25
2024-10-26,土,霜降,22,OFF SEASON,1.50,5.00,2.90,31,39,26
2024-10-27,日,霜降,22,OFF SEASON,1.50,4.00,2.50,35,41,27
2024-10-28,月,霜降,22,OFF SEASON,1.50,2.00,1.70,0,36,28
2024-10-29,火,霜降,22,OFF SEASON,1.50,2.00,1.70,0,42,29
2024-10-30,水,霜降,22,OFF SEASON,1.50,2.00,1.70,0,32,30
2024-10-31,木,霜降,22,OFF SEASON,1.50,3.00,2.10,0,37,31
2024-11-01,金,霜降,22,OFF SEASON,1.50,4.00,2.50,0,39,1
2024-11-02,土,霜降,22,OFF SEASON,1.50,5.00,2.90,27,39,2
2024-11-03,日,霜降,22,OFF SEASON,1.50,4.00,2.50,32,40,3
2024-11-04,月,霜降,22,OFF SEASON,1.50,2.00,1.70,15,37,4
2024-11-05,火,霜降,22,OFF SEASON,1.50,2.00,1.70,0,39,5
2024-11-06,水,霜降,22,OFF SEASON,1.50,2.00,1.70,0,27,6
2024-11-07,木,立冬,23,OFF SEASON,1.33,3.00,2.00,0,0,7
2024-11-08,金,立冬,23,OFF SEASON,1.33,4.00,2.40,0,37,8
2024-11-09,土,立冬,23,OFF SEASON,1.33,5.00,2.80,28,40,9
2024-11-10,日,立冬,23,OFF SEASON,1.33,4.00,2.40,20,37,10
2024-11-11,月,立冬,23,OFF SEASON,1.33,2.00,1.60,0,36,11
2024-11-12,火,立冬,23,OFF SEASON,1.33,2.00,1.60,0,28,12
2024-11-13,水,立冬,23,OFF SEASON,1.33,2.00,1.60,0,38,13
2024-11-14,木,立冬,23,OFF SEASON,1.33,3.00,2.00,0,33,14
2024-11-15,金,立冬,23,OFF SEASON,1.33,4.00,2.40,0,32,15
2024-11-16,土,立冬,23,OFF SEASON,1.33,5.00,2.80,27,33,16
2024-11-17,日,立冬,23,OFF SEASON,1.33,4.00,2.40,15,35,17
2024-11-18,月,立冬,23,OFF SEASON,1.33,2.00,1.60,0,27,18
2024-11-19,火,立冬,23,OFF SEASON,1.33,2.00,1.60,0,39,19
2024-11-20,水,立冬,23,OFF SEASON,1.33,2.00,1.60,0,29,20
2024-11-21,木,立冬,23,OFF SEASON,1.33,3.00,2.00,0,36,21
2024-11-22,金,小雪,20,LOW SEASON,1.83,4.00,2.70,0,39,22
2024-11-23,土,小雪,20,LOW SEASON,1.83,5.00,3.10,33,0,23
2024-11-24,日,小雪,20,LOW SEASON,1.83,4.00,2.70,0,0,24
2024-11-25,月,小雪,20,LOW SEASON,1.83,2.00,1.90,0,38,25
2024-11-26,火,小雪,20,LOW SEASON,1.83,2.00,1.90,0,0,26
2024-11-27,水,小雪,20,LOW SEASON,1.83,2.00,1.90,0,36,27
2024-11-28,木,小雪,20,LOW SEASON,1.83,3.00,2.30,0,34,28
2024-11-29,金,小雪,20,LOW SEASON,1.83,4.00,2.70,0,28,29
2024-11-30,土,小雪,20,LOW SEASON,1.83,5.00,3.10,13,37,30
2024-12-01,日,小雪,20,LOW SEASON,1.83,4.00,2.70,23,36,548560
2024-12-02,月,小雪,20,LOW SEASON,1.83,2.00,1.90,0,26,312990
2024-12-03,火,小雪,20,LOW SEASON,1.83,2.00,1.90,0,34,401600
2024-12-04,水,小雪,20,LOW SEASON,1.83,2.00,1.90,0,14,156720
2024-12-05,木,小雪,20,LOW SEASON,1.83,3.00,2.30,0,24,318060
2024-12-06,金,小雪,20,LOW SEASON,1.83,4.00,2.70,0,0,0
2024-12-07,土,大雪,2,TOP SEASON,4.83,5.00,4.90,27,35,539680
2024-12-08,日,大雪,2,TOP SEASON,4.83,4.00,4.50,0,0,0
2024-12-09,月,大雪,2,TOP SEASON,4.83,2.00,3.70,0,20,300300
2024-12-10,火,大雪,2,TOP SEASON,4.83,2.00,3.70,0,31,438930
2024-12-11,水,大雪,2,TOP SEASON,4.83,2.00,3.70,0,28,407110
2024-12-12,木,大雪,2,TOP SEASON,4.83,3.00,4.10,0,38,507880
2024-12-13,金,大雪,2,TOP SEASON,4.83,4.00,4.50,0,39,509780
2024-12-14,土,大雪,2,TOP SEASON,4.83,5.00,4.90,13,40,637520
2024-12-15,日,大雪,2,TOP SEASON,4.83,4.00,4.50,20,35,529410
2024-12-16,月,大雪,2,TOP SEASON,4.83,2.00,3.70,0,36,421200
2024-12-17,火,大雪,2,TOP SEASON,4.83,2.00,3.70,0,38,526020
2024-12-18,水,大雪,2,TOP SEASON,4.83,2.00,3.70,0,39,481210
2024-12-19,木,大雪,2,TOP SEASON,4.83,3.00,4.10,0,40,478110
2024-12-20,金,大雪,2,TOP SEASON,4.83,4.00,4.50,0,37,595160
2024-12-21,土,大雪,2,TOP SEASON,4.83,5.00,4.90,32,41,722150
2024-12-22,日,冬至,1,TOP SEASON,5.00,4.00,4.60,23,40,865420
2024-12-23,月,冬至,1,TOP SEASON,5.00,2.00,3.80,8,38,767530
2024-12-24,火,冬至,1,TOP SEASON,5.00,2.00,3.80,17,36,886260
2024-12-25,水,冬至,1,TOP SEASON,5.00,2.00,3.80,29,38,1004060
2024-12-26,木,冬至,1,TOP SEASON,5.00,3.00,4.20,0,38,424870
2024-12-27,金,冬至,1,TOP SEASON,5.00,4.00,4.60,0,41,503730
2024-12-28,土,冬至,1,TOP SEASON,5.00,5.00,5.00,22,37,606810
2024-12-29,日,冬至,1,TOP SEASON,5.00,4.00,4.60,29,43,617720
2024-12-30,月,冬至,1,TOP SEASON,5.00,2.00,3.80,0,38,568710
2024-12-31,火,冬至,1,TOP SEASON,5.00,2.00,3.80,0,0,0
2025-01-01,水,冬至,1,TOP SEASON,5.00,2.00,3.80,0,0,0
2025-01-02,木,冬至,1,TOP SEASON,5.00,3.00,4.20,0,41,468140
2025-01-03,金,冬至,1,TOP SEASON,5.00,4.00,4.60,0,37,483890
2025-01-04,土,冬至,1,TOP SEASON,5.00,5.00,5.00,32,38,617720
2025-01-05,日,小寒,18,LOW SEASON,2.17,4.00,2.90,31,36,620570
2025-01-06,月,小寒,18,LOW SEASON,2.17,2.00,2.10,0,28,265600
2025-01-07,火,小寒,18,LOW SEASON,2.17,2.00,2.10,0,0,0
2025-01-08,水,小寒,18,LOW SEASON,2.17,2.00,2.10,0,32,400530
2025-01-09,木,小寒,18,LOW SEASON,2.17,3.00,2.50,0,37,430510
2025-01-10,金,小寒,18,LOW SEASON,2.17,4.00,2.90,0,37,395400
2025-01-11,土,小寒,18,LOW SEASON,2.17,5.00,3.30,18,38,547600
2025-01-12,日,小寒,18,LOW SEASON,2.17,4.00,2.90,16,39,495170
2025-01-13,月,小寒,18,LOW SEASON,2.17,2.00,2.10,19,37,568930
2025-01-14,火,小寒,18,LOW SEASON,2.17,2.00,2.10,0,39,437040
2025-01-15,水,小寒,18,LOW SEASON,2.17,2.00,2.10,0,34,380870
2025-01-16,木,小寒,18,LOW SEASON,2.17,3.00,2.50,0,24,284010
2025-01-17,金,小寒,18,LOW SEASON,2.17,4.00,2.90,0,0,0
2025-01-18,土,小寒,18,LOW SEASON,2.17,5.00,3.30,13,40,468490
2025-01-19,日,小寒,18,LOW SEASON,2.17,4.00,2.90,31,35,573934
2025-01-20,月,大寒,14,FLOW SEASON,2.83,2.00,2.50,0,24,358050
2025-01-21,火,大寒,14,FLOW SEASON,2.83,2.00,2.50,0,37,417340
2025-01-22,水,大寒,14,FLOW SEASON,2.83,2.00,2.50,0,25,284600
2025-01-23,木,大寒,14,FLOW SEASON,2.83,3.00,2.90,0,37,450470
2025-01-24,金,大寒,14,FLOW SEASON,2.83,4.00,3.30,0,28,326800
2025-01-25,土,大寒,14,FLOW SEASON,2.83,5.00,3.70,28,42,571930
2025-01-26,日,大寒,14,FLOW SEASON,2.83,4.00,3.30,17,38,544740
2025-01-27,月,大寒,14,FLOW SEASON,2.83,2.00,2.50,0,38,470190
2025-01-28,火,大寒,14,FLOW SEASON,2.83,2.00,2.50,0,41,558550
2025-01-29,水,大寒,14,FLOW SEASON,2.83,2.00,2.50,0,38,448350
2025-01-30,木,大寒,14,FLOW SEASON,2.83,3.00,2.90,0,0,0
2025-01-31,金,大寒,14,FLOW SEASON,2.83,4.00,3.30,0,0,0
2025-02-01,土,大寒,14,FLOW SEASON,2.83,5.00,3.70,19,40,559850
2025-02-02,日,大寒,14,FLOW SEASON,2.83,4.00,3.30,23,37,492730
2025-02-03,月,大寒,14,FLOW SEASON,2.83,2.00,2.50,0,45,618140
2025-02-04,火,立春,10,HIGH SEASON,3.50,2.00,2.90,0,38,436850
2025-02-05,水,立春,10,HIGH SEASON,3.50,2.00,2.90,0,0,0
2025-02-06,木,立春,10,HIGH SEASON,3.50,3.00,3.30,0,40,490930
2025-02-07,金,立春,10,HIGH SEASON,3.50,4.00,3.70,0,39,476740
2025-02-08,土,立春,10,HIGH SEASON,3.50,5.00,4.10,18,0,102230
2025-02-09,日,立春,10,HIGH SEASON,3.50,4.00,3.70,0,0,0
2025-02-10,月,立春,10,HIGH SEASON,3.50,2.00,2.90,0,40,501980
2025-02-11,火,立春,10,HIGH SEASON,3.50,2.00,2.90,16,0,87560
2025-02-12,水,立春,10,HIGH SEASON,3.50,2.00,2.90,0,34,398250
2025-02-13,木,立春,10,HIGH SEASON,3.50,3.00,3.30,0,0,0
2025-02-14,金,立春,10,HIGH SEASON,3.50,4.00,3.70,0,0,0
2025-02-15,土,立春,10,HIGH SEASON,3.50,5.00,4.10,0,37,463170
2025-02-16,日,立春,10,HIGH SEASON,3.50,4.00,3.70,12,37,515780
2025-02-17,月,立春,10,HIGH SEASON,3.50,2.00,2.90,0,41,492420
2025-02-18,火,立春,10,HIGH SEASON,3.50,2.00,2.90,0,37,399440
2025-02-19,水,雨水,19,LOW SEASON,2.00,2.00,2.00,0,31,355780
2025-02-20,木,雨水,19,LOW SEASON,2.00,3.00,2.40,0,33,387530
2025-02-21,金,雨水,19,LOW SEASON,2.00,4.00,2.80,0,37,439710
2025-02-22,土,雨水,19,LOW SEASON,2.00,5.00,3.20,14,38,499430
2025-02-23,日,雨水,19,LOW SEASON,2.00,4.00,2.80,19,39,501200
2025-02-24,月,雨水,19,LOW SEASON,2.00,2.00,2.00,22,36,533390
2025-02-25,火,雨水,19,LOW SEASON,2.00,2.00,2.00,0,37,414590
2025-02-26,水,雨水,19,LOW SEASON,2.00,2.00,2.00,0,0,0
2025-02-27,木,雨水,19,LOW SEASON,2.00,3.00,2.40,0,37,394070
2025-02-28,金,雨水,19,LOW SEASON,2.00,4.00,2.80,0,35,406990
2025-03-01,土,雨水,19,LOW SEASON,2.00,5.00,3.20,16,37,533840
2025-03-02,日,雨水,19,LOW SEASON,2.00,4.00,2.80,0,0,0
2025-03-03,月,雨水,19,LOW SEASON,2.00,2.00,2.00,0,35,422000
2025-03-04,火,雨水,19,LOW SEASON,2.00,2.00,2.00,0,23,262810
2025-03-05,水,啓蟄,15,FLOW SEASON,2.67,2.00,2.40,0,41,430020
2025-03-06,木,啓蟄,15,FLOW SEASON,2.67,3.00,2.80,0,31,331400
2025-03-07,金,啓蟄,15,FLOW SEASON,2.67,4.00,3.20,0,0,0
2025-03-08,土,啓蟄,15,FLOW SEASON,2.67,5.00,3.60,21,42,627180
2025-03-09,日,啓蟄,15,FLOW SEASON,2.67,4.00,3.20,20,42,602150
2025-03-10,月,啓蟄,15,FLOW SEASON,2.67,2.00,2.40,0,38,408020
2025-03-11,火,啓蟄,15,FLOW SEASON,2.67,2.00,2.40,0,36,440090
2025-03-12,水,啓蟄,15,FLOW SEASON,2.67,2.00,2.40,0,29,311710
2025-03-13,木,啓蟄,15,FLOW SEASON,2.67,3.00,2.80,0,28,341870
2025-03-14,金,啓蟄,15,FLOW SEASON,2.67,4.00,3.20,0,0,0
2025-03-15,土,啓蟄,15,FLOW SEASON,2.67,5.00,3.60,17,40,546760
2025-03-16,日,啓蟄,15,FLOW SEASON,2.67,4.00,3.20,28,26,442870
2025-03-17,月,啓蟄,15,FLOW SEASON,2.67,2.00,2.40,0,23,312950
2025-03-18,火,啓蟄,15,FLOW SEASON,2.67,2.00,2.40,0,35,403850
2025-03-19,水,啓蟄,15,FLOW SEASON,2.67,2.00,2.40,0,40,412710
2025-03-20,木,啓蟄,15,FLOW SEASON,2.67,3.00,2.80,26,40,602260
2025-03-21,金,春分,13,FLOW SEASON,3.00,4.00,3.40,0,40,456420
2025-03-22,土,春分,13,FLOW SEASON,3.00,5.00,3.80,0,0,0
2025-03-23,日,春分,13,FLOW SEASON,3.00,4.00,3.40,0,41,464500
2025-03-24,月,春分,13,FLOW SEASON,3.00,2.00,2.60,0,42,587440
2025-03-25,火,春分,13,FLOW SEASON,3.00,2.00,2.60,0,34,341700
2025-03-26,水,春分,13,FLOW SEASON,3.00,2.00,2.60,0,0,0
2025-03-27,木,春分,13,FLOW SEASON,3.00,3.00,3.00,0,0,0
2025-03-28,金,春分,13,FLOW SEASON,3.00,4.00,3.40,0,0,0
2025-03-29,土,春分,13,FLOW SEASON,3.00,5.00,3.80,0,0,0
2025-03-30,日,春分,13,FLOW SEASON,3.00,4.00,3.40,0,0,0
2025-03-31,月,春分,13,FLOW SEASON,3.00,2.00,2.60,0,0,0
2025-04-01,火,春分,13,FLOW SEASON,3.00,2.00,2.60,0,0,0
2025-04-02,水,春分,13,FLOW SEASON,3.00,2.00,2.60,0,0,0
2025-04-03,木,春分,13,FLOW SEASON,3.00,3.00,3.00,0,0,0
2025-04-04,金,春分,13,FLOW SEASON,3.00,4.00,3.40,0,0,0
2025-04-05,土,清明,24,OFF SEASON,1.17,5.00,2.70,0,0,0
2025-04-06,日,清明,24,OFF SEASON,1.17,4.00,2.30,0,0,0
2025-04-07,月,清明,24,OFF SEASON,1.17,2.00,1.50,0,0,0
2025-04-08,火,清明,24,OFF SEASON,1.17,2.00,1.50,0,0,0
2025-04-09,水,清明,24,OFF SEASON,1.17,2.00,1.50,0,0,0
2025-04-10,木,清明,24,OFF SEASON,1.17,3.00,1.90,0,0,0
2025-04-11,金,清明,24,OFF SEASON,1.17,4.00,2.30,0,0,0
2025-04-12,土,清明,24,OFF SEASON,1.17,5.00,2.70,0,0,0
2025-04-13,日,清明,24,OFF SEASON,1.17,4.00,2.30,0,0,0
2025-04-14,月,清明,24,OFF SEASON,1.17,2.00,1.50,0,0,0
2025-04-15,火,清明,24,OFF SEASON,1.17,2.00,1.50,0,0,0
2025-04-16,水,清明,24,OFF SEASON,1.17,2.00,1.50,0,0,0
2025-04-17,木,清明,24,OFF SEASON,1.17,3.00,1.90,0,0,0
2025-04-18,金,清明,24,OFF SEASON,1.17,4.00,2.30,0,14,169940
2025-04-19,土,清明,24,OFF SEASON,1.17,5.00,2.70,0,15,236460
2025-04-20,日,穀雨,16,LOW SEASON,2.50,4.00,3.10,0,11,131210
2025-04-21,月,穀雨,16,LOW SEASON,2.50,2.00,2.30,0,15,206020
2025-04-22,火,穀雨,16,LOW SEASON,2.50,2.00,2.30,0,9,119700
2025-04-23,水,穀雨,16,LOW SEASON,2.50,2.00,2.30,0,14,176240
2025-04-24,木,穀雨,16,LOW SEASON,2.50,3.00,2.70,0,6,75760
2025-04-25,金,穀雨,16,LOW SEASON,2.50,4.00,3.10,0,38,434580
2025-04-26,土,穀雨,16,LOW SEASON,2.50,5.00,3.50,18,32,493460
2025-04-27,日,穀雨,16,LOW SEASON,2.50,4.00,3.10,27,40,581820
2025-04-28,月,穀雨,16,LOW SEASON,2.50,2.00,2.30,0,40,479650
2025-04-29,火,穀雨,16,LOW SEASON,2.50,2.00,2.30,25,31,480520
2025-04-30,水,穀雨,16,LOW SEASON,2.50,2.00,2.30,0,42,489490
2025-05-01,木,穀雨,16,LOW SEASON,2.50,3.00,2.70,0,38,463120
2025-05-02,金,穀雨,16,LOW SEASON,2.50,4.00,3.10,0,38,440010
2025-05-03,土,穀雨,16,LOW SEASON,2.50,5.00,3.50,33,41,597950
2025-05-04,日,穀雨,16,LOW SEASON,2.50,4.00,3.10,24,44,585440
2025-05-05,月,立夏,11,FLOW SEASON,3.33,2.00,2.80,17,43,714440
2025-05-06,火,立夏,11,FLOW SEASON,3.33,2.00,2.80,30,40,593770
2025-05-07,水,立夏,11,FLOW SEASON,3.33,2.00,2.80,0,11,129180
2025-05-08,木,立夏,11,FLOW SEASON,3.33,3.00,3.20,0,24,331270
2025-05-09,金,立夏,11,FLOW SEASON,3.33,4.00,3.60,0,43,452870
2025-05-10,土,立夏,11,FLOW SEASON,3.33,5.00,4.00,22,31,444950
2025-05-11,日,立夏,11,FLOW SEASON,3.33,4.00,3.60,23,32,458354
2025-05-12,月,立夏,11,FLOW SEASON,3.33,2.00,2.80,0,31,402900
2025-05-13,火,立夏,11,FLOW SEASON,3.33,2.00,2.80,0,32,403850
2025-05-14,水,立夏,11,FLOW SEASON,3.33,2.00,2.80,0,34,414000
2025-05-15,木,立夏,11,FLOW SEASON,3.33,3.00,3.20,0,38,452550
2025-05-16,金,立夏,11,FLOW SEASON,3.33,4.00,3.60,0,35,430750
2025-05-17,土,立夏,11,FLOW SEASON,3.33,5.00,4.00,16,37,605870
2025-05-18,日,立夏,11,FLOW SEASON,3.33,4.00,3.60,18,46,674950
2025-05-19,月,立夏,11,FLOW SEASON,3.33,2.00,2.80,0,38,475570
2025-05-20,火,立夏,11,FLOW SEASON,3.33,2.00,2.80,0,45,593070
2025-05-21,水,小満,12,FLOW SEASON,3.17,2.00,2.70,0,53,604200
2025-05-22,木,小満,12,FLOW SEASON,3.17,3.00,3.10,0,22,264300
2025-05-23,金,小満,12,FLOW SEASON,3.17,4.00,3.50,0,34,505460
2025-05-24,土,小満,12,FLOW SEASON,3.17,5.00,3.90,28,38,583820
2025-05-25,日,小満,12,FLOW SEASON,3.17,4.00,3.50,12,31,469210
2025-05-26,月,小満,12,FLOW SEASON,3.17,2.00,2.70,0,31,469570
2025-05-27,火,小満,12,FLOW SEASON,3.17,2.00,2.70,0,33,402440
2025-05-28,水,小満,12,FLOW SEASON,3.17,2.00,2.70,0,38,463290
2025-05-29,木,小満,12,FLOW SEASON,3.17,3.00,3.10,0,16,371200
2025-05-30,金,小満,12,FLOW SEASON,3.17,4.00,3.50,0,38,431020
2025-05-31,土,小満,12,FLOW SEASON,3.17,5.00,3.90,28,40,593260
2025-06-01,日,小満,12,FLOW SEASON,3.17,4.00,3.50,27,40,556930
2025-06-02,月,小満,12,FLOW SEASON,3.17,2.00,2.70,0,34,514890
2025-06-03,火,小満,12,FLOW SEASON,3.17,2.00,2.70,0,37,457830
2025-06-04,水,小満,12,FLOW SEASON,3.17,2.00,2.70,0,27,389410
2025-06-05,木,小満,12,FLOW SEASON,3.17,3.00,3.10,0,26,318520
2025-06-06,金,芒種,6,HIGH SEASON,4.17,4.00,4.10,0,37,470750
2025-06-07,土,芒種,6,HIGH SEASON,4.17,5.00,4.50,18,36,464730
2025-06-08,日,芒種,6,HIGH SEASON,4.17,4.00,4.10,0,60,1080140
2025-06-09,月,芒種,6,HIGH SEASON,4.17,2.00,3.30,0,38,516070
2025-06-10,火,芒種,6,HIGH SEASON,4.17,2.00,3.30,0,36,412190
2025-06-11,水,芒種,6,HIGH SEASON,4.17,2.00,3.30,0,33,371510
2025-06-12,木,芒種,6,HIGH SEASON,4.17,3.00,3.70,0,40,460290
2025-06-13,金,芒種,6,HIGH SEASON,4.17,4.00,4.10,0,28,441850
2025-06-14,土,芒種,6,HIGH SEASON,4.17,5.00,4.50,25,35,593600
2025-06-15,日,芒種,6,HIGH SEASON,4.17,4.00,4.10,30,37,633800
2025-06-16,月,芒種,6,HIGH SEASON,4.17,2.00,3.30,0,37,600550
2025-06-17,火,芒種,6,HIGH SEASON,4.17,2.00,3.30,0,32,389640
2025-06-18,水,芒種,6,HIGH SEASON,4.17,2.00,3.30,0,40,463480
2025-06-19,木,芒種,6,HIGH SEASON,4.17,3.00,3.70,0,34,444940
2025-06-20,金,芒種,6,HIGH SEASON,4.17,4.00,4.10,0,39,496520
2025-06-21,土,夏至,5,TOP SEASON,4.33,5.00,4.60,35,41,650160
2025-06-22,日,夏至,5,TOP SEASON,4.33,4.00,4.20,20,37,551000
2025-06-23,月,夏至,5,TOP SEASON,4.33,2.00,3.40,0,31,325060
2025-06-24,火,夏至,5,TOP SEASON,4.33,2.00,3.40,0,42,557450
2025-06-25,水,夏至,5,TOP SEASON,4.33,2.00,3.40,0,26,389300
2025-06-26,木,夏至,5,TOP SEASON,4.33,3.00,3.80,0,39,475410
2025-06-27,金,夏至,5,TOP SEASON,4.33,4.00,4.20,0,44,610070
2025-06-28,土,夏至,5,TOP SEASON,4.33,5.00,4.60,21,28,578280
2025-06-29,日,夏至,5,TOP SEASON,4.33,4.00,4.20,27,42,610820
2025-06-30,月,夏至,5,TOP SEASON,4.33,2.00,3.40,0,39,461260
2025-07-01,火,夏至,5,TOP SEASON,4.33,2.00,3.40,0,29,453530
2025-07-02,水,夏至,5,TOP SEASON,4.33,2.00,3.40,0,32,463440
2025-07-03,木,夏至,5,TOP SEASON,4.33,3.00,3.80,0,28,444390
2025-07-04,金,夏至,5,TOP SEASON,4.33,4.00,4.20,0,38,461840
2025-07-05,土,夏至,5,TOP SEASON,4.33,5.00,4.60,35,32,451074
2025-07-06,日,夏至,5,TOP SEASON,4.33,4.00,4.20,27,38,551284
2025-07-07,月,小暑,3,TOP SEASON,4.67,2.00,3.60,0,39,534900
2025-07-08,火,小暑,3,TOP SEASON,4.67,2.00,3.60,0,40,482590
2025-07-09,水,小暑,3,TOP SEASON,4.67,2.00,3.60,0,36,408250
2025-07-10,木,小暑,3,TOP SEASON,4.67,3.00,4.00,0,39,459540
2025-07-11,金,小暑,3,TOP SEASON,4.67,4.00,4.40,0,39,462650
2025-07-12,土,小暑,3,TOP SEASON,4.67,5.00,4.80,34,37,657090
2025-07-13,日,小暑,3,TOP SEASON,4.67,4.00,4.40,22,36,562260
2025-07-14,月,小暑,3,TOP SEASON,4.67,2.00,3.60,0,39,480230
2025-07-15,火,小暑,3,TOP SEASON,4.67,2.00,3.60,0,39,449870
2025-07-16,水,小暑,3,TOP SEASON,4.67,2.00,3.60,0,41,483110
2025-07-17,木,小暑,3,TOP SEASON,4.67,3.00,4.00,0,39,481080
2025-07-18,金,小暑,3,TOP SEASON,4.67,4.00,4.40,0,44,487340
2025-07-19,土,小暑,3,TOP SEASON,4.67,5.00,4.80,21,45,642700
2025-07-20,日,小暑,3,TOP SEASON,4.67,4.00,4.40,0,58,1106400
2025-07-21,月,小暑,3,TOP SEASON,4.67,2.00,3.60,14,27,545510
2025-07-22,火,小暑,3,TOP SEASON,4.67,2.00,3.60,0,35,386050
2025-07-23,水,大暑,9,HIGH SEASON,3.67,2.00,3.00,0,39,453760
2025-07-24,木,大暑,9,HIGH SEASON,3.67,3.00,3.40,0,37,433560
2025-07-25,金,大暑,9,HIGH SEASON,3.67,4.00,3.80,0,38,425300
2025-07-26,土,大暑,9,HIGH SEASON,3.67,5.00,4.20,23,36,590910
2025-07-27,日,大暑,9,HIGH SEASON,3.67,4.00,3.80,15,35,487940
2025-07-28,月,大暑,9,HIGH SEASON,3.67,2.00,3.00,0,28,317400
2025-07-29,火,大暑,9,HIGH SEASON,3.67,2.00,3.00,0,32,452560
2025-07-30,水,大暑,9,HIGH SEASON,3.67,2.00,3.00,0,31,352730
2025-07-31,木,大暑,9,HIGH SEASON,3.67,3.00,3.40,0,40,482790
2025-08-01,金,大暑,9,HIGH SEASON,3.67,4.00,3.80,0,41,501920
2025-08-02,土,大暑,9,HIGH SEASON,3.67,5.00,4.20,27,40,576550
2025-08-03,日,大暑,9,HIGH SEASON,3.67,4.00,3.80,35,35,582410
2025-08-04,月,大暑,9,HIGH SEASON,3.67,2.00,3.00,0,44,482750
2025-08-05,火,大暑,9,HIGH SEASON,3.67,2.00,3.00,0,44,483110
2025-08-06,水,大暑,9,HIGH SEASON,3.67,2.00,3.00,0,35,408270
2025-08-07,木,立秋,7,HIGH SEASON,4.00,3.00,3.60,0,38,406470
2025-08-08,金,立秋,7,HIGH SEASON,4.00,4.00,4.00,0,40,493400
2025-08-09,土,立秋,7,HIGH SEASON,4.00,5.00,4.40,23,41,602180
2025-08-10,日,立秋,7,HIGH SEASON,4.00,4.00,4.00,27,38,532430
2025-08-11,月,立秋,7,HIGH SEASON,4.00,2.00,3.20,28,38,636930
2025-08-12,火,立秋,7,HIGH SEASON,4.00,2.00,3.20,0,42,456730
2025-08-13,水,立秋,7,HIGH SEASON,4.00,2.00,3.20,0,34,424080
2025-08-14,木,立秋,7,HIGH SEASON,4.00,3.00,3.60,0,40,620000
2025-08-15,金,立秋,7,HIGH SEASON,4.00,4.00,4.00,0,40,546480
2025-08-16,土,立秋,7,HIGH SEASON,4.00,5.00,4.40,30,38,571300
2025-08-17,日,立秋,7,HIGH SEASON,4.00,4.00,4.00,19,41,582180
2025-08-18,月,立秋,7,HIGH SEASON,4.00,2.00,3.20,0,38,468870
2025-08-19,火,立秋,7,HIGH SEASON,4.00,2.00,3.20,0,39,367840
2025-08-20,水,立秋,7,HIGH SEASON,4.00,2.00,3.20,0,41,477280
2025-08-21,木,立秋,7,HIGH SEASON,4.00,3.00,3.60,0,42,449540
2025-08-22,金,立秋,7,HIGH SEASON,4.00,4.00,4.00,0,10,183900
2025-08-23,土,処暑,8,HIGH SEASON,3.83,5.00,4.30,9,40,633770
2025-08-24,日,処暑,8,HIGH SEASON,3.83,4.00,3.90,31,41,575140
2025-08-25,月,処暑,8,HIGH SEASON,3.83,2.00,3.10,0,42,525350
2025-08-26,火,処暑,8,HIGH SEASON,3.83,2.00,3.10,0,27,277410
2025-08-27,水,処暑,8,HIGH SEASON,3.83,2.00,3.10,0,40,482620
2025-08-28,木,処暑,8,HIGH SEASON,3.83,3.00,3.50,0,36,393180
2025-08-29,金,処暑,8,HIGH SEASON,3.83,4.00,3.90,0,38,452780
2025-08-30,土,処暑,8,HIGH SEASON,3.83,5.00,4.30,22,40,629920
2025-08-31,日,処暑,8,HIGH SEASON,3.83,4.00,3.90,32,38,556490
2025-09-01,月,処暑,8,HIGH SEASON,3.83,2.00,3.10,0,40,454010
2025-09-02,火,処暑,8,HIGH SEASON,3.83,2.00,3.10,0,30,342130
2025-09-03,水,処暑,8,HIGH SEASON,3.83,2.00,3.10,0,41,466750
2025-09-04,木,処暑,8,HIGH SEASON,3.83,3.00,3.50,0,36,387010
2025-09-05,金,処暑,8,HIGH SEASON,3.83,4.00,3.90,0,37,470890
2025-09-06,土,処暑,8,HIGH SEASON,3.83,5.00,4.30,23,38,598410
2025-09-07,日,白露,4,TOP SEASON,4.50,4.00,4.30,23,43,653190
2025-09-08,月,白露,4,TOP SEASON,4.50,2.00,3.50,0,32,366980
2025-09-09,火,白露,4,TOP SEASON,4.50,2.00,3.50,0,40,517680
2025-09-10,水,白露,4,TOP SEASON,4.50,2.00,3.50,0,41,459230
2025-09-11,木,白露,4,TOP SEASON,4.50,3.00,3.90,0,45,488210
2025-09-12,金,白露,4,TOP SEASON,4.50,4.00,4.30,0,38,474880
2025-09-13,土,白露,4,TOP SEASON,4.50,5.00,4.70,23,40,626310
2025-09-14,日,白露,4,TOP SEASON,4.50,4.00,4.30,17,39,604890
2025-09-15,月,白露,4,TOP SEASON,4.50,2.00,3.50,19,40,604740
2025-09-16,火,白露,4,TOP SEASON,4.50,2.00,3.50,0,34,415110
2025-09-17,水,白露,4,TOP SEASON,4.50,2.00,3.50,0,40,504750
2025-09-18,木,白露,4,TOP SEASON,4.50,3.00,3.90,0,42,603360
2025-09-19,金,白露,4,TOP SEASON,4.50,4.00,4.30,0,40,557790
2025-09-20,土,白露,4,TOP SEASON,4.50,5.00,4.70,20,39,581720
2025-09-21,日,白露,4,TOP SEASON,4.50,4.00,4.30,11,40,556090
2025-09-22,月,白露,4,TOP SEASON,4.50,2.00,3.50,0,41,554190
2025-09-23,火,秋分,17,LOW SEASON,2.33,2.00,2.20,30,37,590740
2025-09-24,水,秋分,17,LOW SEASON,2.33,2.00,2.20,0,33,411330
2025-09-25,木,秋分,17,LOW SEASON,2.33,3.00,2.60,0,33,385310
2025-09-26,金,秋分,17,LOW SEASON,2.33,4.00,3.00,0,32,423790
2025-09-27,土,秋分,17,LOW SEASON,2.33,5.00,3.40,29,38,558720
2025-09-28,日,秋分,17,LOW SEASON,2.33,4.00,3.00,40,36,591014
2025-09-29,月,秋分,17,LOW SEASON,2.33,2.00,2.20,0,43,591000
2025-09-30,火,秋分,17,LOW SEASON,2.33,2.00,2.20,0,33,406540
2025-10-01,水,秋分,17,LOW SEASON,2.33,2.00,2.20,0,36,451550
2025-10-02,木,秋分,17,LOW SEASON,2.33,3.00,2.60,0,29,366390
2025-10-03,金,秋分,17,LOW SEASON,2.33,4.00,3.00,0,40,516730
2025-10-04,土,秋分,17,LOW SEASON,2.33,5.00,3.40,33,41,669340
2025-10-05,日,秋分,17,LOW SEASON,2.33,4.00,3.00,33,35,583790
2025-10-06,月,秋分,17,LOW SEASON,2.33,2.00,2.20,0,36,493150
2025-10-07,火,秋分,17,LOW SEASON,2.33,2.00,2.20,0,38,546600
2025-10-08,水,寒露,21,OFF SEASON,1.67,2.00,1.80,0,38,517890
2025-10-09,木,寒露,21,OFF SEASON,1.67,3.00,2.20,28,0,451200
2025-10-10,金,寒露,21,OFF SEASON,1.67,4.00,2.60,0,38,513160
2025-10-11,土,寒露,21,OFF SEASON,1.67,5.00,3.00,17,38,483340
2025-10-12,日,寒露,21,OFF SEASON,1.67,4.00,2.60,19,33,458730
2025-10-13,月,寒露,21,OFF SEASON,1.67,2.00,1.80,31,38,641030
2025-10-14,火,寒露,21,OFF SEASON,1.67,2.00,1.80,0,37,510040
2025-10-15,水,寒露,21,OFF SEASON,1.67,2.00,1.80,0,33,376340
2025-10-16,木,寒露,21,OFF SEASON,1.67,3.00,2.20,0,38,455360
2025-10-17,金,寒露,21,OFF SEASON,1.67,4.00,2.60,0,42,525350
2025-10-18,土,寒露,21,OFF SEASON,1.67,5.00,3.00,22,33,443250
2025-10-19,日,寒露,21,OFF SEASON,1.67,4.00,2.60,30,37,630230
2025-10-20,月,寒露,21,OFF SEASON,1.67,2.00,1.80,0,35,386700
2025-10-21,火,寒露,21,OFF SEASON,1.67,2.00,1.80,0,41,549290
2025-10-22,水,寒露,21,OFF SEASON,1.67,2.00,1.80,0,59,512740
2025-10-23,木,霜降,22,OFF SEASON,1.50,3.00,2.10,0,38,425260
2025-10-24,金,霜降,22,OFF SEASON,1.50,4.00,2.50,0,43,541380
2025-10-25,土,霜降,22,OFF SEASON,1.50,5.00,2.90,0,39,743600
2025-10-26,日,霜降,22,OFF SEASON,1.50,4.00,2.50,37,40,637310
2025-10-27,月,霜降,22,OFF SEASON,1.50,2.00,1.70,0,33,480130
2025-10-28,火,霜降,22,OFF SEASON,1.50,2.00,1.70,0,38,435680
2025-10-29,水,霜降,22,OFF SEASON,1.50,2.00,1.70,0,33,440720
2025-10-30,木,霜降,22,OFF SEASON,1.50,3.00,2.10,0,41,511730
2025-10-31,金,霜降,22,OFF SEASON,1.50,4.00,2.50,0,41,525240
2025-11-01,土,霜降,22,OFF SEASON,1.50,5.00,2.90,16,0,87190
2025-11-02,日,霜降,22,OFF SEASON,1.50,4.00,2.50,29,41,641780
2025-11-03,月,霜降,22,OFF SEASON,1.50,2.00,1.70,31,31,540720
2025-11-04,火,霜降,22,OFF SEASON,1.50,2.00,1.70,0,24,320570
2025-11-05,水,霜降,22,OFF SEASON,1.50,2.00,1.70,0,35,518660
2025-11-06,木,霜降,22,OFF SEASON,1.50,3.00,2.10,0,28,358740
2025-11-07,金,立冬,23,OFF SEASON,1.33,4.00,2.40,0,0,0
2025-11-08,土,立冬,23,OFF SEASON,1.33,5.00,2.80,22,35,553300
2025-11-09,日,立冬,23,OFF SEASON,1.33,4.00,2.40,24,34,582900
2025-11-10,月,立冬,23,OFF SEASON,1.33,2.00,1.60,0,0,0
2025-11-11,火,立冬,23,OFF SEASON,1.33,2.00,1.60,0,29,444490
2025-11-12,水,立冬,23,OFF SEASON,1.33,2.00,1.60,0,26,365420
2025-11-13,木,立冬,23,OFF SEASON,1.33,3.00,2.00,0,26,317440
2025-11-14,金,立冬,23,OFF SEASON,1.33,4.00,2.40,0,36,464730
2025-11-15,土,立冬,23,OFF SEASON,1.33,5.00,2.80,27,34,539130
2025-11-16,日,立冬,23,OFF SEASON,1.33,4.00,2.40,27,29,481662
2025-11-17,月,立冬,23,OFF SEASON,1.33,2.00,1.60,0,27,425350
2025-11-18,火,立冬,23,OFF SEASON,1.33,2.00,1.60,0,16,178180
2025-11-19,水,立冬,23,OFF SEASON,1.33,2.00,1.60,0,20,236880
2025-11-20,木,立冬,23,OFF SEASON,1.33,3.00,2.00,0,21,278260
2025-11-21,金,立冬,23,OFF SEASON,1.33,4.00,2.40,0,38,464220
2025-11-22,土,小雪,20,LOW SEASON,1.83,5.00,3.10,19,35,561470
2025-11-23,日,小雪,20,LOW SEASON,1.83,4.00,2.70,24,36,606690
2025-11-24,月,小雪,20,LOW SEASON,1.83,2.00,1.90,36,40,747830
2025-11-25,火,小雪,20,LOW SEASON,1.83,2.00,1.90,0,22,255450
2025-11-26,水,小雪,20,LOW SEASON,1.83,2.00,1.90,0,30,430710
2025-11-27,木,小雪,20,LOW SEASON,1.83,3.00,2.30,0,25,313550
2025-11-28,金,小雪,20,LOW SEASON,1.83,4.00,2.70,0,20,288960
2025-11-29,土,小雪,20,LOW SEASON,1.83,5.00,3.10,37,40,719430
2025-11-30,日,小雪,20,LOW SEASON,1.83,4.00,2.70,22,34,466940
2025-12-01,月,小雪,20,LOW SEASON,1.83,2.00,1.90,0,22,364790
2025-12-02,火,小雪,20,LOW SEASON,1.83,2.00,1.90,0,33,503560
2025-12-03,水,小雪,20,LOW SEASON,1.83,2.00,1.90,0,29,412940
2025-12-04,木,小雪,20,LOW SEASON,1.83,3.00,2.30,0,30,366650
2025-12-05,金,小雪,20,LOW SEASON,1.83,4.00,2.70,0,39,400350
2025-12-06,土,小雪,20,LOW SEASON,1.83,5.00,3.10,12,35,549450
2025-12-07,日,大雪,2,TOP SEASON,4.83,4.00,4.50,26,41,652270
2025-12-08,月,大雪,2,TOP SEASON,4.83,2.00,3.70,0,29,486950
2025-12-09,火,大雪,2,TOP SEASON,4.83,2.00,3.70,0,32,501830
2025-12-10,水,大雪,2,TOP SEASON,4.83,2.00,3.70,0,39,611840
2025-12-11,木,大雪,2,TOP SEASON,4.83,3.00,4.10,0,29,409940
2025-12-12,金,大雪,2,TOP SEASON,4.83,4.00,4.50,0,0,0
2025-12-13,土,大雪,2,TOP SEASON,4.83,5.00,4.90,23,40,606060
2025-12-14,日,大雪,2,TOP SEASON,4.83,4.00,4.50,23,33,599010
2025-12-15,月,大雪,2,TOP SEASON,4.83,2.00,3.70,0,0,0
2025-12-16,火,大雪,2,TOP SEASON,4.83,2.00,3.70,0,26,429630
2025-12-17,水,大雪,2,TOP SEASON,4.83,2.00,3.70,0,40,523450
2025-12-18,木,大雪,2,TOP SEASON,4.83,3.00,4.10,0,39,614870
2025-12-19,金,大雪,2,TOP SEASON,4.83,4.00,4.50,0,38,468340
2025-12-20,土,大雪,2,TOP SEASON,4.83,5.00,4.90,21,35,713020
2025-12-21,日,大雪,2,TOP SEASON,4.83,4.00,4.50,30,37,835960
2025-12-22,月,冬至,1,TOP SEASON,5.00,2.00,3.80,0,38,588410
2025-12-23,火,冬至,1,TOP SEASON,5.00,2.00,3.80,16,38,911700
2025-12-24,水,冬至,1,TOP SEASON,5.00,2.00,3.80,10,36,840410
2025-12-25,木,冬至,1,TOP SEASON,5.00,3.00,4.20,0,36,759780
2025-12-26,金,冬至,1,TOP SEASON,5.00,4.00,4.60,0,0,3000
2025-12-27,土,冬至,1,TOP SEASON,5.00,5.00,5.00,34,39,658530
2025-12-28,日,冬至,1,TOP SEASON,5.00,4.00,4.60,30,41,662150
2025-12-29,月,冬至,1,TOP SEASON,5.00,2.00,3.80,0,40,452240
2025-12-30,火,冬至,1,TOP SEASON,5.00,2.00,3.80,0,38,667300
2025-12-31,水,冬至,1,TOP SEASON,5.00,2.00,3.80,0,0,0
2026-01-01,木,冬至,1,TOP SEASON,5.00,3.00,4.20,0,0,0
2026-01-02,金,冬至,1,TOP SEASON,5.00,4.00,4.60,0,42,639670
2026-01-03,土,冬至,1,TOP SEASON,5.00,5.00,5.00,28,39,572300
2026-01-04,日,冬至,1,TOP SEASON,5.00,4.00,4.60,24,38,643920
2026-01-05,月,小寒,18,LOW SEASON,2.17,2.00,2.10,0,37,541200
2026-01-06,火,小寒,18,LOW SEASON,2.17,2.00,2.10,0,31,408680
2026-01-07,水,小寒,18,LOW SEASON,2.17,2.00,2.10,0,31,463060
2026-01-08,木,小寒,18,LOW SEASON,2.17,3.00,2.50,0,22,272900
2026-01-09,金,小寒,18,LOW SEASON,2.17,4.00,2.90,0,30,362560
2026-01-10,土,小寒,18,LOW SEASON,2.17,5.00,3.30,21,30,489710
2026-01-11,日,小寒,18,LOW SEASON,2.17,4.00,2.90,17,33,483890
2026-01-12,月,小寒,18,LOW SEASON,2.17,2.00,2.10,15,34,497130
2026-01-13,火,小寒,18,LOW SEASON,2.17,2.00,2.10,0,0,0
2026-01-14,水,小寒,18,LOW SEASON,2.17,2.00,2.10,0,32,409810
2026-01-15,木,小寒,18,LOW SEASON,2.17,3.00,2.50,0,29,389350
2026-01-16,金,小寒,18,LOW SEASON,2.17,4.00,2.90,0,34,395800
2026-01-17,土,小寒,18,LOW SEASON,2.17,5.00,3.30,17,36,497350
2026-01-18,日,小寒,18,LOW SEASON,2.17,4.00,2.90,16,30,395050
2026-01-19,月,小寒,18,LOW SEASON,2.17,2.00,2.10,0,34,422890
2026-01-20,火,大寒,14,FLOW SEASON,2.83,2.00,2.50,0,21,290360
2026-01-21,水,大寒,14,FLOW SEASON,2.83,2.00,2.50,0,24,300620
2026-01-22,木,大寒,14,FLOW SEASON,2.83,3.00,2.90,0,29,389260
2026-01-23,金,大寒,14,FLOW SEASON,2.83,4.00,3.30,0,31,389970
2026-01-24,土,大寒,14,FLOW SEASON,2.83,5.00,3.70,13,40,586940
2026-01-25,日,大寒,14,FLOW SEASON,2.83,4.00,3.30,3,24,265930
2026-01-26,月,大寒,14,FLOW SEASON,2.83,2.00,2.50,0,27,265500
2026-01-27,火,大寒,14,FLOW SEASON,2.83,2.00,2.50,0,34,392770
2026-01-28,水,大寒,14,FLOW SEASON,2.83,2.00,2.50,0,21,277390
2026-01-29,木,大寒,14,FLOW SEASON,2.83,3.00,2.90,0,24,275980
2026-01-30,金,大寒,14,FLOW SEASON,2.83,4.00,3.30,0,33,358340
2026-01-31,土,大寒,14,FLOW SEASON,2.83,5.00,3.70,2,33,805270
2026-02-01,日,大寒,14,FLOW SEASON,2.83,4.00,3.30,18,38,586930
2026-02-02,月,大寒,14,FLOW SEASON,2.83,2.00,2.50,0,31,400990
2026-02-03,火,大寒,14,FLOW SEASON,2.83,2.00,2.50,0,35,464800
2026-02-04,水,立春,10,HIGH SEASON,3.50,2.00,2.90,0,32,440920
2026-02-05,木,立春,10,HIGH SEASON,3.50,3.00,3.30,0,32,343550
2026-02-06,金,立春,10,HIGH SEASON,3.50,4.00,3.70,0,38,477640
2026-02-07,土,立春,10,HIGH SEASON,3.50,5.00,4.10,15,38,520052
2026-02-08,日,立春,10,HIGH SEASON,3.50,4.00,3.70,5,32,401220
2026-02-09,月,立春,10,HIGH SEASON,3.50,2.00,2.90,0,32,407680
2026-02-10,火,立春,10,HIGH SEASON,3.50,2.00,2.90,0,37,440420
2026-02-11,水,立春,10,HIGH SEASON,3.50,2.00,2.90,0,0,0
2026-02-12,木,立春,10,HIGH SEASON,3.50,3.00,3.30,0,0,0
2026-02-13,金,立春,10,HIGH SEASON,3.50,4.00,3.70,0,0,0
2026-02-14,土,立春,10,HIGH SEASON,3.50,5.00,4.10,0,0,0
2026-02-15,日,立春,10,HIGH SEASON,3.50,4.00,3.70,0,0,0
2026-02-16,月,立春,10,HIGH SEASON,3.50,2.00,2.90,0,0,0
2026-02-17,火,立春,10,HIGH SEASON,3.50,2.00,2.90,0,0,0
2026-02-18,水,立春,10,HIGH SEASON,3.50,2.00,2.90,0,0,0
2026-02-19,木,雨水,19,LOW SEASON,2.00,3.00,2.40,0,0,0
2026-02-20,金,雨水,19,LOW SEASON,2.00,4.00,2.80,0,0,0
2026-02-21,土,雨水,19,LOW SEASON,2.00,5.00,3.20,0,0,0
2026-02-22,日,雨水,19,LOW SEASON,2.00,4.00,2.80,0,0,0
2026-02-23,月,雨水,19,LOW SEASON,2.00,2.00,2.00,0,0,0
2026-02-24,火,雨水,19,LOW SEASON,2.00,2.00,2.00,0,0,0
2026-02-25,水,雨水,19,LOW SEASON,2.00,2.00,2.00,0,0,0
2026-02-26,木,雨水,19,LOW SEASON,2.00,3.00,2.40,0,0,0
2026-02-27,金,雨水,19,LOW SEASON,2.00,4.00,2.80,0,0,0
2026-02-28,土,雨水,19,LOW SEASON,2.00,5.00,3.20,0,0,0
