date,weekday,sekki,special,month_idx,weekday_idx,sekki_idx,special_idx,kf1_constant,l_count,d_count,grand_total,kf2_sales,kf3_count,mp_point
2023-04-01,土,春分,,1.00,5.00,3.20,,3.28,0,0,0,1.00,1.00,1.64
2023-04-02,日,春分,,1.00,4.00,3.20,,2.93,0,0,0,1.00,1.00,1.47
2023-04-03,月,春分,,1.00,2.00,3.20,,2.23,0,0,0,1.00,1.00,1.11
2023-04-04,火,春分,,1.00,2.00,3.20,,2.23,0,0,0,1.00,1.00,1.11
2023-04-05,水,清明,,1.00,2.00,1.00,,1.35,0,0,0,1.00,1.00,1.00
2023-04-06,木,清明,,1.00,3.00,1.00,,1.70,0,0,0,1.00,1.00,1.00
2023-04-07,金,清明,,1.00,4.00,1.00,,2.05,0,0,0,1.00,1.00,1.02
2023-04-08,土,清明,,1.00,5.00,1.00,,2.40,0,0,0,1.00,1.00,1.20
2023-04-09,日,清明,,1.00,4.00,1.00,,2.05,0,0,0,1.00,1.00,1.02
2023-04-10,月,清明,,1.00,2.00,1.00,,1.35,0,0,0,1.00,1.00,1.00
2023-04-11,火,清明,,1.00,2.00,1.00,,1.35,0,0,0,1.00,1.00,1.00
2023-04-12,水,清明,,1.00,2.00,1.00,,1.35,0,0,0,1.00,1.00,1.00
2023-04-13,木,清明,,1.00,3.00,1.00,,1.70,0,0,0,1.00,1.00,1.00
2023-04-14,金,清明,,1.00,4.00,1.00,,2.05,0,0,0,1.00,1.00,1.02
2023-04-15,土,清明,,1.00,5.00,1.00,,2.40,0,0,0,1.00,1.00,1.20
2023-04-16,日,清明,,1.00,4.00,1.00,,2.05,0,0,0,1.00,1.00,1.02
2023-04-17,月,清明,,1.00,2.00,1.00,,1.35,0,0,0,1.00,1.00,1.00
2023-04-18,火,清明,,1.00,2.00,1.00,,1.35,0,0,0,1.00,1.00,1.00
2023-04-19,水,清明,,1.00,2.00,1.00,,1.35,0,0,0,1.00,1.00,1.00
2023-04-20,木,穀雨,,1.00,3.00,1.00,,1.70,0,0,0,1.00,1.00,1.00
2023-04-21,金,穀雨,,1.00,4.00,1.00,,2.05,0,0,0,1.00,1.00,1.02
2023-04-22,土,穀雨,,1.00,5.00,1.00,,2.40,0,0,0,1.00,1.00,1.20
2023-04-23,日,穀雨,,1.00,4.00,1.00,,2.05,0,0,0,1.00,1.00,1.02
2023-04-24,月,穀雨,,1.00,2.00,1.00,,1.35,0,0,0,1.00,1.00,1.00
2023-04-25,火,穀雨,,1.00,2.00,1.00,,1.35,0,0,0,1.00,1.00,1.00
2023-04-26,水,穀雨,,1.00,2.00,1.00,,1.35,0,0,0,1.00,1.00,1.00
2023-04-27,木,穀雨,,1.00,3.00,1.00,,1.70,0,18,213140,1.64,1.79,1.71
2023-04-28,金,穀雨,,1.00,4.00,1.00,,2.05,0,29,352240,2.05,2.27,2.12
2023-04-29,土,穀雨,GW,1.00,5.00,1.00,4.50,3.87,22,42,558800,2.67,3.81,3.49
2023-04-30,日,穀雨,GW,1.00,4.00,1.00,4.50,3.76,29,32,455130,2.36,3.67,3.31
2023-05-01,月,穀雨,GW,3.00,2.00,1.00,4.50,3.71,25,29,419610,2.26,3.37,3.17
2023-05-02,火,穀雨,GW,3.00,2.00,1.00,4.50,3.71,23,41,523780,2.57,3.81,3.40
2023-05-03,水,穀雨,GW,3.00,2.00,1.00,4.50,3.71,40,35,532680,2.59,4.29,3.55
2023-05-04,木,穀雨,GW,3.00,3.00,1.00,4.50,3.81,30,39,562620,2.68,4.03,3.54
2023-05-05,金,立夏,GW,3.00,4.00,3.50,4.50,4.21,24,40,505250,2.51,3.81,3.58
2023-05-06,土,立夏,GW,3.00,5.00,3.50,4.50,4.32,12,20,341200,2.02,2.40,3.05
2023-05-07,日,立夏,,3.00,4.00,3.50,,3.55,17,27,410660,2.23,2.93,2.97
2023-05-08,月,立夏,,3.00,2.00,3.50,,2.85,0,30,425340,2.27,2.32,2.52
2023-05-09,火,立夏,,3.00,2.00,3.50,,2.85,0,26,280360,1.84,2.14,2.33
2023-05-10,水,立夏,,3.00,2.00,3.50,,2.85,17,32,644270,2.93,3.15,2.96
2023-05-11,木,立夏,,3.00,3.00,3.50,,3.20,0,21,261550,1.78,1.92,2.39
2023-05-12,金,立夏,,3.00,4.00,3.50,,3.55,0,42,478240,2.43,2.84,3.00
2023-05-13,土,立夏,,3.00,5.00,3.50,,3.90,26,43,579130,2.73,4.03,3.59
2023-05-14,日,立夏,,3.00,4.00,3.50,,3.55,22,26,342230,2.02,3.10,2.96
2023-05-15,月,立夏,,3.00,2.00,3.50,,2.85,0,22,262910,1.79,1.96,2.27
2023-05-16,火,立夏,,3.00,2.00,3.50,,2.85,0,38,489780,2.47,2.67,2.68
2023-05-17,水,立夏,,3.00,2.00,3.50,,2.85,0,37,435250,2.30,2.62,2.62
2023-05-18,木,立夏,,3.00,3.00,3.50,,3.20,0,22,291950,1.87,1.96,2.43
2023-05-19,金,立夏,,3.00,4.00,3.50,,3.55,0,40,455040,2.36,2.75,2.95
2023-05-20,土,立夏,,3.00,5.00,3.50,,3.90,22,37,476620,2.43,3.59,3.37
2023-05-21,日,小満,,3.00,4.00,2.80,,3.27,7,28,353600,2.06,2.53,2.69
2023-05-22,月,小満,,3.00,2.00,2.80,,2.57,0,21,309820,1.93,1.92,2.18
2023-05-23,火,小満,,3.00,2.00,2.80,,2.57,28,40,546570,2.64,3.98,3.01
2023-05-24,水,小満,,3.00,2.00,2.80,,2.57,0,30,202510,1.61,2.32,2.21
2023-05-25,木,小満,,3.00,3.00,2.80,,2.92,0,25,314780,1.94,2.10,2.38
2023-05-26,金,小満,,3.00,4.00,2.80,,3.27,28,27,417640,2.25,3.41,3.01
2023-05-27,土,小満,,3.00,5.00,2.80,,3.62,22,32,438990,2.31,3.37,3.15
2023-05-28,日,小満,,3.00,4.00,2.80,,3.27,30,25,410340,2.23,3.41,3.00
2023-05-29,月,小満,,3.00,2.00,2.80,,2.57,0,33,462780,2.38,2.45,2.48
2023-05-30,火,小満,,3.00,2.00,2.80,,2.57,0,28,362560,2.08,2.23,2.32
2023-05-31,水,小満,もいわ山の日,3.00,2.00,2.80,4.00,3.57,0,30,406650,2.22,2.32,2.79
2023-06-01,木,小満,,4.00,3.00,2.80,,3.17,0,37,376280,2.13,2.62,2.69
2023-06-02,金,小満,,4.00,4.00,2.80,,3.52,0,29,352430,2.05,2.27,2.70
2023-06-03,土,小満,,4.00,5.00,2.80,,3.87,20,39,527270,2.58,3.59,3.40
2023-06-04,日,小満,,4.00,4.00,2.80,,3.52,23,38,421170,2.26,3.67,3.19
2023-06-05,月,小満,,4.00,2.00,2.80,,2.82,0,29,375400,2.12,2.27,2.44
2023-06-06,火,芒種,,4.00,2.00,3.80,,3.22,12,25,358200,2.07,2.62,2.70
2023-06-07,水,芒種,よさこい,4.00,2.00,3.80,4.50,4.12,0,23,257970,1.77,2.01,2.78
2023-06-08,木,芒種,よさこい,4.00,3.00,3.80,4.50,4.22,0,28,337160,2.01,2.23,2.96
2023-06-09,金,芒種,よさこい,4.00,4.00,3.80,4.50,4.33,0,22,252190,1.75,1.96,2.85
2023-06-10,土,芒種,よさこい,4.00,5.00,3.80,4.50,4.43,24,35,469560,2.40,3.59,3.57
2023-06-11,日,芒種,よさこい,4.00,4.00,3.80,4.50,4.33,27,36,482360,2.44,3.76,3.59
2023-06-12,月,芒種,,4.00,2.00,3.80,,3.22,0,25,396830,2.19,2.10,2.58
2023-06-13,火,芒種,,4.00,2.00,3.80,,3.22,0,30,398530,2.19,2.32,2.64
2023-06-14,水,芒種,神宮祭,4.00,2.00,3.80,4.50,4.12,0,36,461160,2.38,2.58,3.14
2023-06-15,木,芒種,神宮祭,4.00,3.00,3.80,4.50,4.22,0,34,404460,2.21,2.49,3.10
2023-06-16,金,芒種,神宮祭,4.00,4.00,3.80,4.50,4.33,0,29,320020,1.96,2.27,3.00
2023-06-17,土,芒種,,4.00,5.00,3.80,,4.27,29,37,527190,2.58,3.89,3.65
2023-06-18,日,芒種,,4.00,4.00,3.80,,3.92,29,25,437110,2.31,3.37,3.27
2023-06-19,月,芒種,,4.00,2.00,3.80,,3.22,0,29,318990,1.95,2.27,2.55
2023-06-20,火,芒種,,4.00,2.00,3.80,,3.22,33,28,449550,2.35,3.67,3.09
2023-06-21,水,夏至,,4.00,2.00,4.20,,3.38,0,35,457490,2.37,2.53,2.82
2023-06-22,木,夏至,,4.00,3.00,4.20,,3.73,0,35,383310,2.15,2.53,2.90
2023-06-23,金,夏至,,4.00,4.00,4.20,,4.08,0,29,389520,2.17,2.27,2.96
2023-06-24,土,夏至,,4.00,5.00,4.20,,4.43,30,45,702460,3.10,4.29,3.99
2023-06-25,日,夏至,,4.00,4.00,4.20,,4.08,29,38,591070,2.77,3.94,3.65
2023-06-26,月,夏至,,4.00,2.00,4.20,,3.38,0,34,405990,2.21,2.49,2.76
2023-06-27,火,夏至,,4.00,2.00,4.20,,3.38,0,31,421350,2.26,2.36,2.74
2023-06-28,水,夏至,,4.00,2.00,4.20,,3.38,0,40,402130,2.20,2.75,2.84
2023-06-29,木,夏至,,4.00,3.00,4.20,,3.73,0,23,278810,1.83,2.01,2.64
2023-06-30,金,夏至,,4.00,4.00,4.20,,4.08,0,40,472310,2.41,2.75,3.18
2023-07-01,土,夏至,,5.00,5.00,4.20,,4.68,37,29,497965,2.49,3.89,3.79
2023-07-02,日,夏至,,5.00,4.00,4.20,,4.33,29,32,455450,2.36,3.67,3.54
2023-07-03,月,夏至,,5.00,2.00,4.20,,3.63,0,31,401830,2.20,2.36,2.82
2023-07-04,火,夏至,,5.00,2.00,4.20,,3.63,0,31,350150,2.05,2.36,2.77
2023-07-05,水,夏至,,5.00,2.00,4.20,,3.63,0,25,282110,1.84,2.10,2.63
2023-07-06,木,夏至,,5.00,3.00,4.20,,3.98,0,24,281990,1.84,2.05,2.76
2023-07-07,金,小暑,,5.00,4.00,4.80,,4.57,0,42,470660,2.41,2.84,3.40
2023-07-08,土,小暑,,5.00,5.00,4.80,,4.92,45,38,579170,2.73,4.64,4.18
2023-07-09,日,小暑,,5.00,4.00,4.80,,4.57,24,31,431890,2.29,3.41,3.54
2023-07-10,月,小暑,PMF,5.00,2.00,4.80,4.50,4.31,0,32,439690,2.32,2.40,3.14
2023-07-11,火,小暑,PMF,5.00,2.00,4.80,4.50,4.31,0,25,296400,1.89,2.10,2.92
2023-07-12,水,小暑,PMF,5.00,2.00,4.80,4.50,4.31,0,29,363300,2.09,2.27,3.03
2023-07-13,木,小暑,PMF,5.00,3.00,4.80,4.50,4.42,0,28,369870,2.11,2.23,3.07
2023-07-14,金,小暑,PMF,5.00,4.00,4.80,4.50,4.57,0,38,440280,2.32,2.67,3.33
2023-07-15,土,小暑,PMF,5.00,5.00,4.80,4.50,4.92,19,36,491910,2.47,3.41,3.73
2023-07-16,日,小暑,PMF,5.00,4.00,4.80,4.50,4.57,39,33,628210,2.88,4.16,3.94
2023-07-17,月,小暑,PMF,5.00,2.00,4.80,4.50,4.31,17,36,403420,2.21,3.32,3.38
2023-07-18,火,小暑,PMF,5.00,2.00,4.80,4.50,4.31,0,27,325920,1.98,2.18,2.97
2023-07-19,水,小暑,PMF,5.00,2.00,4.80,4.50,4.31,0,31,332010,1.99,2.36,3.03
2023-07-20,木,小暑,PMF,5.00,3.00,4.80,4.50,4.42,0,30,366170,2.10,2.32,3.09
2023-07-21,金,小暑,PMF,5.00,4.00,4.80,4.50,4.57,0,30,342320,2.02,2.32,3.13
2023-07-22,土,小暑,PMF,5.00,5.00,4.80,4.50,4.92,33,33,492420,2.47,3.89,3.88
2023-07-23,日,大暑,PMF,5.00,4.00,5.00,4.50,4.65,32,27,505060,2.51,3.59,3.69
2023-07-24,月,大暑,PMF,5.00,2.00,5.00,4.50,4.33,0,32,410460,2.23,2.40,3.12
2023-07-25,火,大暑,PMF,5.00,2.00,5.00,4.50,4.33,0,30,328160,1.98,2.32,3.02
2023-07-26,水,大暑,PMF,5.00,2.00,5.00,4.50,4.33,0,26,339690,2.02,2.14,2.98
2023-07-27,木,大暑,PMF,5.00,3.00,5.00,4.50,4.44,0,27,294110,1.88,2.18,2.99
2023-07-28,金,大暑,PMF,5.00,4.00,5.00,4.50,4.65,0,35,445820,2.33,2.53,3.32
2023-07-29,土,大暑,PMF,5.00,5.00,5.00,4.50,5.00,32,30,465380,2.39,3.72,3.83
2023-07-30,日,大暑,PMF,5.00,4.00,5.00,4.50,4.65,20,31,484220,2.45,3.24,3.57
2023-07-31,月,大暑,PMF,5.00,2.00,5.00,4.50,4.33,0,35,458430,2.37,2.53,3.20
2023-08-01,火,大暑,,5.00,2.00,5.00,,3.95,0,27,305890,1.92,2.18,2.81
2023-08-02,水,大暑,,5.00,2.00,5.00,,3.95,0,32,339470,2.02,2.40,2.91
2023-08-03,木,大暑,,5.00,3.00,5.00,,4.30,0,29,276300,1.83,2.27,2.95
2023-08-04,金,大暑,,5.00,4.00,5.00,,4.65,0,27,303560,1.91,2.18,3.09
2023-08-05,土,大暑,,5.00,5.00,5.00,,5.00,19,30,453090,2.36,3.15,3.65
2023-08-06,日,大暑,,5.00,4.00,5.00,,4.65,15,33,438400,2.31,3.10,3.48
2023-08-07,月,立秋,,5.00,2.00,5.00,,3.95,0,40,472960,2.42,2.75,3.13
2023-08-08,火,立秋,,5.00,2.00,5.00,,3.95,0,34,416370,2.25,2.49,3.00
2023-08-09,水,立秋,,5.00,2.00,5.00,,3.95,0,31,361930,2.08,2.36,2.91
2023-08-10,木,立秋,,5.00,3.00,5.00,,4.30,0,30,359110,2.07,2.32,3.04
2023-08-11,金,立秋,祝日,5.00,4.00,5.00,4.00,4.65,39,31,501780,2.50,4.07,3.83
2023-08-12,土,立秋,,5.00,5.00,5.00,,5.00,38,33,490700,2.47,4.11,3.97
2023-08-13,日,立秋,お盆,5.00,4.00,5.00,5.00,4.89,37,38,541240,2.62,4.29,4.03
2023-08-14,月,立秋,お盆,5.00,2.00,5.00,5.00,4.69,0,35,420090,2.26,2.53,3.31
2023-08-15,火,立秋,お盆,5.00,2.00,5.00,5.00,4.69,0,30,385580,2.15,2.32,3.22
2023-08-16,水,立秋,お盆,5.00,2.00,5.00,5.00,4.69,0,25,289490,1.87,2.10,3.07
2023-08-17,木,立秋,お盆明け,5.00,3.00,5.00,2.00,4.30,0,31,325300,1.97,2.36,3.02
2023-08-18,金,立秋,,5.00,4.00,5.00,,4.65,0,37,363160,2.09,2.62,3.27
2023-08-19,土,立秋,,5.00,5.00,5.00,,5.00,34,35,534600,2.60,4.03,3.99
2023-08-20,日,立秋,,5.00,4.00,5.00,,4.65,31,31,477040,2.43,3.72,3.71
2023-08-21,月,立秋,,5.00,2.00,5.00,,3.95,0,36,396700,2.19,2.58,3.01
2023-08-22,火,立秋,,5.00,2.00,5.00,,3.95,0,30,360920,2.08,2.32,2.90
2023-08-23,水,処暑,,5.00,2.00,4.50,,3.75,0,38,430320,2.29,2.67,2.99
2023-08-24,木,処暑,,5.00,3.00,4.50,,4.10,0,42,416690,2.25,2.84,3.17
2023-08-25,金,処暑,,5.00,4.00,4.50,,4.45,0,32,344750,2.03,2.40,3.11
2023-08-26,土,処暑,,5.00,5.00,4.50,,4.80,21,31,459330,2.37,3.28,3.61
2023-08-27,日,処暑,,5.00,4.00,4.50,,4.45,16,26,392440,2.17,2.84,3.28
2023-08-28,月,処暑,,5.00,2.00,4.50,,3.75,0,35,372810,2.12,2.53,2.90
2023-08-29,火,処暑,,5.00,2.00,4.50,,3.75,0,28,348420,2.04,2.23,2.78
2023-08-30,水,処暑,,5.00,2.00,4.50,,3.75,0,30,332250,1.99,2.32,2.79
2023-08-31,木,処暑,,5.00,3.00,4.50,,4.10,0,29,357460,2.07,2.27,2.94
2023-09-01,金,処暑,,5.00,4.00,4.50,,4.45,0,24,293180,1.88,2.05,2.96
2023-09-02,土,処暑,,5.00,5.00,4.50,,4.80,33,29,501600,2.50,3.72,3.79
2023-09-03,日,処暑,,5.00,4.00,4.50,,4.45,28,30,484150,2.45,3.54,3.58
2023-09-04,月,処暑,,5.00,2.00,4.50,,3.75,0,27,410040,2.23,2.18,2.82
2023-09-05,火,処暑,,5.00,2.00,4.50,,3.75,0,39,442080,2.32,2.71,3.01
2023-09-06,水,処暑,,5.00,2.00,4.50,,3.75,0,28,346960,2.04,2.23,2.78
2023-09-07,木,白露,,5.00,3.00,4.80,,4.22,0,31,364630,2.09,2.36,3.02
2023-09-08,金,白露,,5.00,4.00,4.80,,4.57,0,37,392950,2.18,2.62,3.27
2023-09-09,土,白露,,5.00,5.00,4.80,,4.92,26,27,399720,2.20,3.32,3.62
2023-09-10,日,白露,オータムフェスト,5.00,4.00,4.80,5.00,4.87,33,27,465710,2.39,3.63,3.75
2023-09-11,月,白露,オータムフェスト,5.00,2.00,4.80,5.00,4.66,0,30,297720,1.89,2.32,3.13
2023-09-12,火,白露,オータムフェスト,5.00,2.00,4.80,5.00,4.66,0,18,226400,1.68,1.79,2.91
2023-09-13,水,白露,オータムフェスト,5.00,2.00,4.80,5.00,4.66,0,30,339330,2.02,2.32,3.17
2023-09-14,木,白露,オータムフェスト,5.00,3.00,4.80,5.00,4.77,37,25,348560,2.04,3.72,3.64
2023-09-15,金,白露,オータムフェスト,5.00,4.00,4.80,5.00,4.87,29,37,563680,2.69,3.89,3.92
2023-09-16,土,白露,オータムフェスト,5.00,5.00,4.80,5.00,4.98,25,31,445650,2.33,3.46,3.73
2023-09-17,日,白露,オータムフェスト,5.00,4.00,4.80,5.00,4.87,44,27,423730,2.27,4.11,3.86
2023-09-18,月,白露,オータムフェスト,5.00,2.00,4.80,5.00,4.66,25,31,523710,2.57,3.46,3.67
2023-09-19,火,白露,オータムフェスト,5.00,2.00,4.80,5.00,4.66,0,31,408030,2.22,2.36,3.24
2023-09-20,水,白露,オータムフェスト,5.00,2.00,4.80,5.00,4.66,0,29,295310,1.88,2.27,3.11
2023-09-21,木,白露,オータムフェスト,5.00,3.00,4.80,5.00,4.77,0,32,409190,2.22,2.40,3.29
2023-09-22,金,白露,オータムフェスト,5.00,4.00,4.80,5.00,4.87,0,36,447350,2.34,2.58,3.42
2023-09-23,土,秋分,オータムフェスト,5.00,5.00,5.00,5.00,5.00,20,37,591850,2.77,3.50,3.88
2023-09-24,日,秋分,オータムフェスト,5.00,4.00,5.00,5.00,4.89,35,33,510340,2.53,3.98,3.91
2023-09-25,月,秋分,オータムフェスト,5.00,2.00,5.00,5.00,4.69,0,29,400550,2.20,2.27,3.22
2023-09-26,火,秋分,オータムフェスト,5.00,2.00,5.00,5.00,4.69,0,30,316830,1.95,2.32,3.16
2023-09-27,水,秋分,オータムフェスト,5.00,2.00,5.00,5.00,4.69,0,30,371520,2.11,2.32,3.21
2023-09-28,木,秋分,オータムフェスト,5.00,3.00,5.00,5.00,4.79,0,26,354950,2.06,2.14,3.18
2023-09-29,金,秋分,オータムフェスト,5.00,4.00,5.00,5.00,4.89,0,38,415750,2.24,2.67,3.43
2023-09-30,土,秋分,オータムフェスト,5.00,5.00,5.00,5.00,5.00,19,31,437440,2.31,3.19,3.65
2023-10-01,日,秋分,オータムフェスト,5.00,4.00,5.00,4.50,4.65,28,38,672230,3.01,3.89,3.93
2023-10-02,月,秋分,オータムフェスト,5.00,2.00,5.00,4.50,4.33,0,42,274200,1.82,2.84,3.13
2023-10-03,火,秋分,オータムフェスト,5.00,2.00,5.00,4.50,4.33,0,36,427400,2.28,2.58,3.19
2023-10-04,水,秋分,オータムフェスト,5.00,2.00,5.00,4.50,4.33,0,26,330890,1.99,2.14,2.97
2023-10-05,木,秋分,オータムフェスト,5.00,3.00,5.00,4.50,4.44,0,35,290350,1.87,2.53,3.10
2023-10-06,金,秋分,,5.00,4.00,5.00,,4.65,0,24,278110,1.83,2.05,3.02
2023-10-07,土,秋分,,5.00,5.00,5.00,,5.00,11,44,581490,2.74,3.41,3.84
2023-10-08,日,寒露,,5.00,4.00,5.00,,4.65,37,30,491364,2.47,3.94,3.78
2023-10-09,月,寒露,,5.00,2.00,5.00,,3.95,30,30,471512,2.41,3.63,3.39
2023-10-10,火,寒露,,5.00,2.00,5.00,,3.95,0,22,298310,1.89,1.96,2.74
2023-10-11,水,寒露,,5.00,2.00,5.00,,3.95,0,29,261260,1.78,2.27,2.79
2023-10-12,木,寒露,,5.00,3.00,5.00,,4.30,36,31,543635,2.63,3.94,3.69
2023-10-13,金,寒露,祝日,5.00,4.00,5.00,4.00,4.65,0,15,264820,1.79,1.66,2.90
2023-10-14,土,寒露,,5.00,5.00,5.00,,5.00,25,33,515410,2.54,3.54,3.82
2023-10-15,日,寒露,,5.00,4.00,5.00,,4.65,34,31,507706,2.52,3.85,3.77
2023-10-16,月,寒露,,5.00,2.00,5.00,,3.95,0,39,314500,1.94,2.71,2.97
2023-10-17,火,寒露,,5.00,2.00,5.00,,3.95,0,37,435140,2.30,2.62,3.06
2023-10-18,水,寒露,,5.00,2.00,5.00,,3.95,0,33,394780,2.18,2.45,2.97
2023-10-19,木,寒露,,5.00,3.00,5.00,,4.30,0,30,364740,2.09,2.32,3.04
2023-10-20,金,寒露,,5.00,4.00,5.00,,4.65,0,32,323140,1.97,2.40,3.17
2023-10-21,土,寒露,,5.00,5.00,5.00,,5.00,27,30,430340,2.29,3.50,3.74
2023-10-22,日,寒露,,5.00,4.00,5.00,,4.65,38,31,533544,2.60,4.03,3.85
2023-10-23,月,霜降,,5.00,2.00,4.50,,3.75,0,33,389420,2.17,2.45,2.89
2023-10-24,火,霜降,,5.00,2.00,4.50,,3.75,0,31,446090,2.33,2.36,2.91
2023-10-25,水,霜降,,5.00,2.00,4.50,,3.75,0,54,513000,2.53,3.37,3.27
2023-10-26,木,霜降,,5.00,3.00,4.50,,4.10,0,29,348930,2.04,2.27,2.93
2023-10-27,金,霜降,,5.00,4.00,4.50,,4.45,0,29,319360,1.96,2.27,3.05
2023-10-28,土,霜降,,5.00,5.00,4.50,,4.80,28,31,482834,2.44,3.59,3.73
2023-10-29,日,霜降,,5.00,4.00,4.50,,4.45,25,31,469550,2.40,3.46,3.54
2023-10-30,月,霜降,,5.00,2.00,4.50,,3.75,0,29,382180,2.14,2.27,2.82
2023-10-31,火,霜降,,5.00,2.00,4.50,,3.75,0,31,349400,2.05,2.36,2.82
2023-11-01,水,霜降,,3.00,2.00,4.50,,3.25,0,24,266280,1.80,2.05,2.46
2023-11-02,木,霜降,,3.00,3.00,4.50,,3.60,0,37,434600,2.30,2.62,2.92
2023-11-03,金,霜降,祝日,3.00,4.00,4.50,4.00,3.98,22,35,490780,2.47,3.50,3.38
2023-11-04,土,霜降,,3.00,5.00,4.50,,4.30,27,37,577210,2.73,3.81,3.68
2023-11-05,日,霜降,,3.00,4.00,4.50,,3.95,31,33,481150,2.44,3.81,3.46
2023-11-06,月,霜降,,3.00,2.00,4.50,,3.25,0,25,336210,2.01,2.10,2.53
2023-11-07,火,立冬,,3.00,2.00,3.00,,2.65,0,27,397980,2.19,2.18,2.37
2023-11-08,水,立冬,,3.00,2.00,3.00,,2.65,0,29,340500,2.02,2.27,2.35
2023-11-09,木,立冬,,3.00,3.00,3.00,,3.00,0,28,324300,1.97,2.23,2.46
2023-11-10,金,立冬,,3.00,4.00,3.00,,3.35,0,17,225700,1.68,1.75,2.37
2023-11-11,土,立冬,,3.00,5.00,3.00,,3.70,20,38,558420,2.67,3.54,3.34
2023-11-12,日,立冬,,3.00,4.00,3.00,,3.35,29,37,540210,2.62,3.89,3.29
2023-11-13,月,立冬,,3.00,2.00,3.00,,2.65,0,10,118730,1.36,1.44,1.90
2023-11-14,火,立冬,,3.00,2.00,3.00,,2.65,0,23,278530,1.83,2.01,2.21
2023-11-15,水,立冬,,3.00,2.00,3.00,,2.65,0,29,396230,2.19,2.27,2.40
2023-11-16,木,立冬,,3.00,3.00,3.00,,3.00,0,35,419325,2.25,2.53,2.63
2023-11-17,金,立冬,,3.00,4.00,3.00,,3.35,0,4,45670,1.14,1.18,2.04
2023-11-18,土,立冬,,3.00,5.00,3.00,,3.70,12,36,461210,2.38,3.10,3.12
2023-11-19,日,立冬,,3.00,4.00,3.00,,3.35,26,30,459230,2.37,3.46,3.09
2023-11-20,月,立冬,,3.00,2.00,3.00,,2.65,0,36,468440,2.40,2.58,2.55
2023-11-21,火,立冬,,3.00,2.00,3.00,,2.65,0,31,360760,2.08,2.36,2.39
2023-11-22,水,小雪,ホワイトイルミ,3.00,2.00,3.20,4.50,3.97,0,37,428650,2.28,2.62,3.06
2023-11-23,木,小雪,ホワイトイルミ,3.00,3.00,3.20,4.50,4.07,28,39,605200,2.81,3.94,3.65
2023-11-24,金,小雪,ホワイトイルミ,3.00,4.00,3.20,4.50,4.18,0,0,0,1.00,1.00,2.09
2023-11-25,土,小雪,ホワイトイルミ,3.00,5.00,3.20,4.50,4.28,0,0,0,1.00,1.00,2.14
2023-11-26,日,小雪,ホワイトイルミ,3.00,4.00,3.20,4.50,4.18,26,32,433060,2.30,3.54,3.42
2023-11-27,月,小雪,ホワイトイルミ,3.00,2.00,3.20,4.50,3.97,0,32,462760,2.38,2.40,3.02
2023-11-28,火,小雪,ホワイトイルミ,3.00,2.00,3.20,4.50,3.97,0,25,305920,1.92,2.10,2.79
2023-11-29,水,小雪,ホワイトイルミ,3.00,2.00,3.20,4.50,3.97,0,30,408100,2.22,2.32,2.95
2023-11-30,木,小雪,ホワイトイルミ,3.00,3.00,3.20,4.50,4.07,0,14,175470,1.53,1.61,2.57
2023-12-01,金,小雪,ホワイトイルミ,5.00,4.00,3.20,4.50,4.33,0,46,312770,1.94,3.02,3.22
2023-12-02,土,小雪,ホワイトイルミ,5.00,5.00,3.20,4.50,4.43,33,38,657170,2.97,4.11,3.90
2023-12-03,日,小雪,ホワイトイルミ,5.00,4.00,3.20,4.50,4.33,22,26,458520,2.37,3.10,3.37
2023-12-04,月,小雪,ホワイトイルミ,5.00,2.00,3.20,4.50,4.12,0,32,472290,2.41,2.40,3.09
2023-12-05,火,小雪,ホワイトイルミ,5.00,2.00,3.20,4.50,4.12,0,20,250350,1.75,1.88,2.74
2023-12-06,水,小雪,ホワイトイルミ,5.00,2.00,3.20,4.50,4.12,0,25,333490,2.00,2.10,2.88
2023-12-07,木,大雪,ホワイトイルミ,5.00,3.00,4.50,4.50,4.38,0,25,328840,1.98,2.10,2.98
2023-12-08,金,大雪,ホワイトイルミ,5.00,4.00,4.50,4.50,4.48,0,25,325690,1.97,2.10,3.01
2023-12-09,土,大雪,ホワイトイルミ,5.00,5.00,4.50,4.50,4.80,0,38,480230,2.44,2.67,3.45
2023-12-10,日,大雪,ホワイトイルミ,5.00,4.00,4.50,4.50,4.48,29,36,554000,2.66,3.85,3.75
2023-12-11,月,大雪,ホワイトイルミ,5.00,2.00,4.50,4.50,4.28,0,25,350440,2.05,2.10,2.96
2023-12-12,火,大雪,ホワイトイルミ,5.00,2.00,4.50,4.50,4.28,0,38,471320,2.41,2.67,3.24
2023-12-13,水,大雪,ホワイトイルミ,5.00,2.00,4.50,4.50,4.28,0,0,0,1.00,1.00,2.14
2023-12-14,木,大雪,ホワイトイルミ,5.00,3.00,4.50,4.50,4.38,0,0,0,1.00,1.00,2.19
2023-12-15,金,大雪,ホワイトイルミ,5.00,4.00,4.50,4.50,4.48,0,34,436070,2.30,2.49,3.23
2023-12-16,土,大雪,ホワイトイルミ,5.00,5.00,4.50,4.50,4.80,28,38,666670,2.99,3.89,3.98
2023-12-17,日,大雪,ホワイトイルミ,5.00,4.00,4.50,4.50,4.48,0,0,0,1.00,1.00,2.24
2023-12-18,月,大雪,ホワイトイルミ,5.00,2.00,4.50,4.50,4.28,0,31,439410,2.31,2.36,3.11
2023-12-19,火,大雪,ホワイトイルミ,5.00,2.00,4.50,4.50,4.28,0,33,507910,2.52,2.45,3.20
2023-12-20,水,大雪,ホワイトイルミ,5.00,2.00,4.50,4.50,4.28,0,33,457310,2.37,2.45,3.16
2023-12-21,木,大雪,ホワイトイルミ,5.00,3.00,4.50,4.50,4.38,0,37,468930,2.40,2.62,3.26
2023-12-22,金,冬至,ホワイトイルミ,5.00,4.00,5.00,4.50,4.65,0,34,709540,3.12,2.49,3.54
2023-12-23,土,冬至,ホワイトイルミ,5.00,5.00,5.00,4.50,5.00,28,37,910610,3.72,3.85,4.27
2023-12-24,日,冬至,ホワイトイルミ,5.00,4.00,5.00,4.50,4.65,29,38,1213900,4.63,3.94,4.43
2023-12-25,月,冬至,ホワイトイルミ,5.00,2.00,5.00,4.50,4.33,20,33,908940,3.72,3.32,3.84
2023-12-26,火,冬至,,5.00,2.00,5.00,,3.95,0,31,336110,2.01,2.36,2.89
2023-12-27,水,冬至,,5.00,2.00,5.00,,3.95,0,41,524500,2.57,2.80,3.19
2023-12-28,木,冬至,年末,5.00,3.00,5.00,2.50,4.30,0,39,415880,2.24,2.71,3.21
2023-12-29,金,冬至,年末,5.00,4.00,5.00,2.50,4.65,0,37,408320,2.22,2.62,3.31
2023-12-30,土,冬至,年末,5.00,5.00,5.00,2.50,5.00,31,44,634124,2.90,4.29,4.16
2023-12-31,日,冬至,年末,5.00,4.00,5.00,2.50,4.65,36,0,214450,1.64,2.58,3.13
2024-01-01,月,冬至,元旦,2.00,2.00,5.00,3.00,3.20,0,0,0,1.00,1.00,1.60
2024-01-02,火,冬至,正月三が日,2.00,2.00,5.00,2.50,3.20,0,37,497360,2.49,2.62,2.81
2024-01-03,水,冬至,正月三が日,2.00,2.00,5.00,2.50,3.20,0,32,331490,1.99,2.40,2.60
2024-01-04,木,冬至,正月明け,2.00,3.00,5.00,1.50,3.55,0,37,428020,2.28,2.62,2.89
2024-01-05,金,小寒,正月明け,2.00,4.00,1.50,1.50,2.50,0,29,334120,2.00,2.27,2.28
2024-01-06,土,小寒,,2.00,5.00,1.50,,2.85,21,32,402482,2.20,3.32,2.80
2024-01-07,日,小寒,,2.00,4.00,1.50,,2.50,16,38,493660,2.48,3.37,2.75
2024-01-08,月,小寒,,2.00,2.00,1.50,,1.80,0,20,209230,1.63,1.88,1.77
2024-01-09,火,小寒,,2.00,2.00,1.50,,1.80,0,22,294660,1.88,1.96,1.87
2024-01-10,水,小寒,,2.00,2.00,1.50,,1.80,0,16,170790,1.51,1.70,1.68
2024-01-11,木,小寒,,2.00,3.00,1.50,,2.15,0,24,228530,1.68,2.05,1.98
2024-01-12,金,小寒,,2.00,4.00,1.50,,2.50,0,23,199650,1.60,2.01,2.08
2024-01-13,土,小寒,祝日,2.00,5.00,1.50,4.00,3.65,16,27,315020,1.94,2.89,2.91
2024-01-14,日,小寒,,2.00,4.00,1.50,,2.50,13,22,341900,2.02,2.53,2.36
2024-01-15,月,小寒,,2.00,2.00,1.50,,1.80,0,0,0,1.00,1.00,1.00
2024-01-16,火,小寒,,2.00,2.00,1.50,,1.80,0,0,0,1.00,1.00,1.00
2024-01-17,水,小寒,,2.00,2.00,1.50,,1.80,0,12,131480,1.39,1.53,1.60
2024-01-18,木,小寒,,2.00,3.00,1.50,,2.15,0,13,131410,1.39,1.57,1.75
2024-01-19,金,小寒,,2.00,4.00,1.50,,2.50,0,24,276650,1.83,2.05,2.16
2024-01-20,土,大寒,,2.00,5.00,1.80,,2.97,11,30,399740,2.20,2.80,2.69
2024-01-21,日,大寒,,2.00,4.00,1.80,,2.62,12,24,287550,1.86,2.58,2.38
2024-01-22,月,大寒,,2.00,2.00,1.80,,1.92,0,12,153830,1.46,1.53,1.67
2024-01-23,火,大寒,,2.00,2.00,1.80,,1.92,0,12,120250,1.36,1.53,1.64
2024-01-24,水,大寒,,2.00,2.00,1.80,,1.92,0,0,0,1.00,1.00,1.00
2024-01-25,木,大寒,,2.00,3.00,1.80,,2.27,0,0,0,1.00,1.00,1.14
2024-01-26,金,大寒,,2.00,4.00,1.80,,2.62,0,0,0,1.00,1.00,1.31
2024-01-27,土,大寒,,2.00,5.00,1.80,,2.97,25,40,498388,2.49,3.85,3.09
2024-01-28,日,大寒,,2.00,4.00,1.80,,2.62,23,22,355120,2.06,2.97,2.56
2024-01-29,月,大寒,,2.00,2.00,1.80,,1.92,0,14,133640,1.40,1.61,1.67
2024-01-30,火,大寒,,2.00,2.00,1.80,,1.92,0,30,344600,2.03,2.32,2.07
2024-01-31,水,大寒,,2.00,2.00,1.80,,1.92,0,24,271310,1.81,2.05,1.93
2024-02-01,木,大寒,,3.00,3.00,1.80,,2.52,0,0,0,1.00,1.00,1.26
2024-02-02,金,大寒,,3.00,4.00,1.80,,2.87,0,0,0,1.00,1.00,1.44
2024-02-03,土,大寒,,3.00,5.00,1.80,,3.22,24,40,573114,2.71,3.81,3.24
2024-02-04,日,立春,雪まつり,3.00,4.00,2.80,4.50,4.13,27,38,558752,2.67,3.85,3.61
2024-02-05,月,立春,雪まつり,3.00,2.00,2.80,4.50,3.92,0,38,421090,2.26,2.67,3.05
2024-02-06,火,立春,雪まつり,3.00,2.00,2.80,4.50,3.92,0,39,441870,2.32,2.71,3.08
2024-02-07,水,立春,雪まつり,3.00,2.00,2.80,4.50,3.92,0,38,434960,2.30,2.67,3.06
2024-02-08,木,立春,雪まつり,3.00,3.00,2.80,4.50,4.03,0,42,508790,2.52,2.84,3.22
2024-02-09,金,立春,雪まつり,3.00,4.00,2.80,4.50,4.13,0,37,438340,2.31,2.62,3.13
2024-02-10,土,立春,雪まつり,3.00,5.00,2.80,4.50,4.24,29,42,636760,2.91,4.11,3.80
2024-02-11,日,立春,雪まつり,3.00,4.00,2.80,4.50,4.13,31,39,658630,2.97,4.07,3.76
2024-02-12,月,立春,,3.00,2.00,2.80,,2.57,41,38,569480,2.70,4.46,3.18
2024-02-13,火,立春,,3.00,2.00,2.80,,2.57,0,33,407620,2.22,2.45,2.43
2024-02-14,水,立春,,3.00,2.00,2.80,,2.57,0,34,362050,2.08,2.49,2.40
2024-02-15,木,立春,,3.00,3.00,2.80,,2.92,0,18,201290,1.60,1.79,2.19
2024-02-16,金,立春,,3.00,4.00,2.80,,3.27,0,33,401340,2.20,2.45,2.70
2024-02-17,土,立春,,3.00,5.00,2.80,,3.62,30,38,562030,2.68,3.98,3.45
2024-02-18,日,立春,,3.00,4.00,2.80,,3.27,26,24,370760,2.11,3.19,2.90
2024-02-19,月,雨水,,3.00,2.00,3.20,,2.73,0,15,162080,1.48,1.66,2.03
2024-02-20,火,雨水,,3.00,2.00,3.20,,2.73,0,0,0,1.00,1.00,1.36
2024-02-21,水,雨水,,3.00,2.00,3.20,,2.73,0,29,364240,2.09,2.27,2.40
2024-02-22,木,雨水,,3.00,3.00,3.20,,3.08,0,21,223460,1.67,1.92,2.31
2024-02-23,金,雨水,祝日,3.00,4.00,3.20,4.00,3.83,22,36,536840,2.61,3.54,3.38
2024-02-24,土,雨水,,3.00,5.00,3.20,,3.78,5,35,446660,2.34,2.75,3.04
2024-02-25,日,雨水,,3.00,4.00,3.20,,3.43,16,19,282680,1.85,2.53,2.69
2024-02-26,月,雨水,,3.00,2.00,3.20,,2.73,0,25,289810,1.87,2.10,2.28
2024-02-27,火,雨水,,3.00,2.00,3.20,,2.73,0,13,146230,1.44,1.57,2.00
2024-02-28,水,雨水,,3.00,2.00,3.20,,2.73,0,0,0,1.00,1.00,1.36
2024-02-29,木,雨水,,3.00,3.00,3.20,,3.08,0,23,292260,1.87,2.01,2.40
2024-03-01,金,雨水,,3.00,4.00,3.20,,3.43,0,0,0,1.00,1.00,1.72
2024-03-02,土,雨水,,3.00,5.00,3.20,,3.78,0,0,0,1.00,1.00,1.89
2024-03-03,日,雨水,,3.00,4.00,3.20,,3.43,17,24,339694,2.02,2.80,2.82
2024-03-04,月,雨水,,3.00,2.00,3.20,,2.73,0,28,269720,1.81,2.23,2.30
2024-03-05,火,啓蟄,,3.00,2.00,2.80,,2.57,0,18,201320,1.60,1.79,2.04
2024-03-06,水,啓蟄,,3.00,2.00,2.80,,2.57,0,16,192170,1.57,1.70,2.01
2024-03-07,木,啓蟄,,3.00,3.00,2.80,,2.92,0,31,284920,1.85,2.36,2.43
2024-03-08,金,啓蟄,,3.00,4.00,2.80,,3.27,0,40,468150,2.40,2.75,2.85
2024-03-09,土,啓蟄,,3.00,5.00,2.80,,3.62,18,37,525560,2.57,3.41,3.24
2024-03-10,日,啓蟄,,3.00,4.00,2.80,,3.27,4,40,440560,2.32,2.93,2.88
2024-03-11,月,啓蟄,,3.00,2.00,2.80,,2.57,0,21,245050,1.73,1.92,2.12
2024-03-12,火,啓蟄,,3.00,2.00,2.80,,2.57,0,31,400200,2.20,2.36,2.40
2024-03-13,水,啓蟄,,3.00,2.00,2.80,,2.57,0,0,0,1.00,1.00,1.28
2024-03-14,木,啓蟄,,3.00,3.00,2.80,,2.92,0,36,398480,2.19,2.58,2.60
2024-03-15,金,啓蟄,,3.00,4.00,2.80,,3.27,0,37,435250,2.30,2.62,2.78
2024-03-16,土,啓蟄,,3.00,5.00,2.80,,3.62,0,39,365040,2.09,2.71,2.89
2024-03-17,日,啓蟄,,3.00,4.00,2.80,,3.27,20,39,483960,2.45,3.59,3.12
2024-03-18,月,啓蟄,,3.00,2.00,2.80,,2.57,0,0,0,1.00,1.00,1.28
2024-03-19,火,啓蟄,,3.00,2.00,2.80,,2.57,0,0,0,1.00,1.00,1.28
2024-03-20,水,啓蟄,,3.00,2.00,2.80,,2.57,17,0,81020,1.24,1.75,1.92
2024-03-21,木,春分,祝日,3.00,3.00,3.20,4.00,3.72,0,34,326370,1.98,2.49,2.83
2024-03-22,金,春分,,3.00,4.00,3.20,,3.43,0,38,389200,2.16,2.67,2.82
2024-03-23,土,春分,,3.00,5.00,3.20,,3.78,19,34,485100,2.45,3.32,3.24
2024-03-24,日,春分,,3.00,4.00,3.20,,3.43,21,39,567360,2.70,3.63,3.27
2024-03-25,月,春分,,3.00,2.00,3.20,,2.73,0,2,104000,1.31,1.09,1.81
2024-03-26,火,春分,,3.00,2.00,3.20,,2.73,0,0,0,1.00,1.00,1.36
2024-03-27,水,春分,,3.00,2.00,3.20,,2.73,0,0,0,1.00,1.00,1.36
2024-03-28,木,春分,,3.00,3.00,3.20,,3.08,0,0,0,1.00,1.00,1.54
2024-03-29,金,春分,,3.00,4.00,3.20,,3.43,0,0,0,1.00,1.00,1.72
2024-03-30,土,春分,,3.00,5.00,3.20,,3.78,0,0,0,1.00,1.00,1.89
2024-03-31,日,春分,,3.00,4.00,3.20,,3.43,0,0,0,1.00,1.00,1.72
2024-04-01,月,春分,,1.00,2.00,3.20,,2.23,0,0,0,1.00,1.00,1.11
2024-04-02,火,春分,,1.00,2.00,3.20,,2.23,0,0,0,1.00,1.00,1.11
2024-04-03,水,春分,,1.00,2.00,3.20,,2.23,0,0,0,1.00,1.00,1.11
2024-04-04,木,春分,,1.00,3.00,3.20,,2.58,0,0,0,1.00,1.00,1.29
2024-04-05,金,清明,,1.00,4.00,1.00,,2.05,0,0,0,1.00,1.00,1.02
2024-04-06,土,清明,,1.00,5.00,1.00,,2.40,0,0,0,1.00,1.00,1.20
2024-04-07,日,清明,,1.00,4.00,1.00,,2.05,0,0,0,1.00,1.00,1.02
2024-04-08,月,清明,,1.00,2.00,1.00,,1.35,0,0,0,1.00,1.00,1.00
2024-04-09,火,清明,,1.00,2.00,1.00,,1.35,0,0,0,1.00,1.00,1.00
2024-04-10,水,清明,,1.00,2.00,1.00,,1.35,0,0,0,1.00,1.00,1.00
2024-04-11,木,清明,,1.00,3.00,1.00,,1.70,0,0,0,1.00,1.00,1.00
2024-04-12,金,清明,,1.00,4.00,1.00,,2.05,0,0,0,1.00,1.00,1.02
2024-04-13,土,清明,,1.00,5.00,1.00,,2.40,0,0,0,1.00,1.00,1.20
2024-04-14,日,清明,,1.00,4.00,1.00,,2.05,0,0,0,1.00,1.00,1.02
2024-04-15,月,清明,,1.00,2.00,1.00,,1.35,0,0,0,1.00,1.00,1.00
2024-04-16,火,清明,,1.00,2.00,1.00,,1.35,0,0,0,1.00,1.00,1.00
2024-04-17,水,清明,,1.00,2.00,1.00,,1.35,0,0,0,1.00,1.00,1.00
2024-04-18,木,清明,,1.00,3.00,1.00,,1.70,0,0,0,1.00,1.00,1.00
2024-04-19,金,清明,,1.00,4.00,1.00,,2.05,0,8,115840,1.35,1.35,1.63
2024-04-20,土,穀雨,,1.00,5.00,1.00,,2.40,0,30,345550,2.03,2.32,2.26
2024-04-21,日,穀雨,,1.00,4.00,1.00,,2.05,0,26,302910,1.91,2.14,2.03
2024-04-22,月,穀雨,,1.00,2.00,1.00,,1.35,0,10,135340,1.40,1.44,1.39
2024-04-23,火,穀雨,,1.00,2.00,1.00,,1.35,0,17,197560,1.59,1.75,1.54
2024-04-24,水,穀雨,,1.00,2.00,1.00,,1.35,0,4,63270,1.19,1.18,1.25
2024-04-25,木,穀雨,,1.00,3.00,1.00,,1.70,0,4,50870,1.15,1.18,1.38
2024-04-26,金,穀雨,,1.00,4.00,1.00,,2.05,0,34,388380,2.16,2.49,2.21
2024-04-27,土,穀雨,,1.00,5.00,1.00,,2.40,27,38,541014,2.62,3.85,2.90
2024-04-28,日,穀雨,,1.00,4.00,1.00,,2.05,18,40,594432,2.78,3.54,2.72
2024-04-29,月,穀雨,GW,1.00,2.00,1.00,4.50,3.55,18,40,554520,2.66,3.54,3.28
2024-04-30,火,穀雨,GW,1.00,2.00,1.00,4.50,3.55,0,33,364300,2.09,2.45,2.78
2024-05-01,水,穀雨,GW,3.00,2.00,1.00,4.50,3.71,0,38,430720,2.29,2.67,2.97
2024-05-02,木,穀雨,GW,3.00,3.00,1.00,4.50,3.81,0,41,466370,2.40,2.80,3.08
2024-05-03,金,穀雨,GW,3.00,4.00,1.00,4.50,3.92,30,41,533440,2.60,4.11,3.58
2024-05-04,土,穀雨,GW,3.00,5.00,1.00,4.50,4.02,33,43,592830,2.77,4.33,3.74
2024-05-05,日,立夏,GW,3.00,4.00,3.50,4.50,4.21,32,39,682730,3.04,4.11,3.83
2024-05-06,月,立夏,GW,3.00,2.00,3.50,4.50,4.00,8,24,373210,2.12,2.40,2.96
2024-05-07,火,立夏,,3.00,2.00,3.50,,2.85,0,35,384250,2.15,2.53,2.54
2024-05-08,水,立夏,,3.00,2.00,3.50,,2.85,0,14,198430,1.59,1.61,2.10
2024-05-09,木,立夏,,3.00,3.00,3.50,,3.20,0,21,253330,1.76,1.92,2.38
2024-05-10,金,立夏,,3.00,4.00,3.50,,3.55,0,31,305810,1.91,2.36,2.70
2024-05-11,土,立夏,,3.00,5.00,3.50,,3.90,22,39,570500,2.71,3.67,3.47
2024-05-12,日,立夏,,3.00,4.00,3.50,,3.55,24,30,337654,2.01,3.37,3.03
2024-05-13,月,立夏,,3.00,2.00,3.50,,2.85,0,24,323530,1.97,2.05,2.35
2024-05-14,火,立夏,,3.00,2.00,3.50,,2.85,0,31,335940,2.01,2.36,2.45
2024-05-15,水,立夏,,3.00,2.00,3.50,,2.85,0,35,419100,2.25,2.53,2.57
2024-05-16,木,立夏,,3.00,3.00,3.50,,3.20,0,25,300770,1.90,2.10,2.48
2024-05-17,金,立夏,,3.00,4.00,3.50,,3.55,0,32,297650,1.89,2.40,2.71
2024-05-18,土,立夏,,3.00,5.00,3.50,,3.90,36,38,597840,2.79,4.24,3.67
2024-05-19,日,立夏,,3.00,4.00,3.50,,3.55,26,33,457868,2.37,3.59,3.21
2024-05-20,月,立夏,,3.00,2.00,3.50,,2.85,0,27,395790,2.18,2.18,2.45
2024-05-21,火,小満,,3.00,2.00,2.80,,2.57,0,28,341040,2.02,2.23,2.30
2024-05-22,水,小満,,3.00,2.00,2.80,,2.57,0,18,191350,1.57,1.79,2.04
2024-05-23,木,小満,,3.00,3.00,2.80,,2.92,0,31,365720,2.09,2.36,2.50
2024-05-24,金,小満,,3.00,4.00,2.80,,3.27,0,35,417270,2.25,2.53,2.74
2024-05-25,土,小満,,3.00,5.00,2.80,,3.62,25,39,619740,2.85,3.81,3.45
2024-05-26,日,小満,,3.00,4.00,2.80,,3.27,32,40,546782,2.64,4.16,3.35
2024-05-27,月,小満,,3.00,2.00,2.80,,2.57,0,26,365110,2.09,2.14,2.30
2024-05-28,火,小満,,3.00,2.00,2.80,,2.57,0,28,238480,1.71,2.23,2.21
2024-05-29,水,小満,,3.00,2.00,2.80,,2.57,0,33,314910,1.94,2.45,2.34
2024-05-30,木,小満,,3.00,3.00,2.80,,2.92,0,26,330650,1.99,2.14,2.41
2024-05-31,金,小満,もいわ山の日,3.00,4.00,2.80,4.00,3.78,0,28,346280,2.04,2.23,2.79
2024-06-01,土,小満,,4.00,5.00,2.80,,3.87,33,37,603270,2.80,4.07,3.61
2024-06-02,日,小満,,4.00,4.00,2.80,,3.52,20,29,440240,2.32,3.15,3.05
2024-06-03,月,小満,,4.00,2.00,2.80,,2.82,0,41,562417,2.68,2.80,2.77
2024-06-04,火,小満,,4.00,2.00,2.80,,2.82,0,27,295570,1.88,2.18,2.35
2024-06-05,水,小満,,4.00,2.00,2.80,,2.82,0,29,314470,1.94,2.27,2.39
2024-06-06,木,芒種,,4.00,3.00,3.80,,3.57,0,36,374610,2.12,2.58,2.84
2024-06-07,金,芒種,よさこい,4.00,4.00,3.80,4.50,4.33,0,38,649440,2.94,2.67,3.42
2024-06-08,土,芒種,よさこい,4.00,5.00,3.80,4.50,4.43,27,42,625690,2.87,4.03,3.84
2024-06-09,日,芒種,よさこい,4.00,4.00,3.80,4.50,4.33,22,45,544522,2.63,3.94,3.70
2024-06-10,月,芒種,よさこい,4.00,2.00,3.80,4.50,4.12,0,41,491980,2.47,2.80,3.23
2024-06-11,火,芒種,よさこい,4.00,2.00,3.80,4.50,4.12,0,34,288410,1.86,2.49,2.95
2024-06-12,水,芒種,,4.00,2.00,3.80,,3.22,32,43,635490,2.90,4.29,3.45
2024-06-13,木,芒種,,4.00,3.00,3.80,,3.57,0,42,473500,2.42,2.84,3.01
2024-06-14,金,芒種,神宮祭,4.00,4.00,3.80,4.50,4.33,0,36,414410,2.24,2.58,3.18
2024-06-15,土,芒種,神宮祭,4.00,5.00,3.80,4.50,4.43,40,42,664150,2.99,4.60,4.05
2024-06-16,日,芒種,神宮祭,4.00,4.00,3.80,4.50,4.33,27,39,611920,2.83,3.89,3.75
2024-06-17,月,芒種,,4.00,2.00,3.80,,3.22,0,33,392220,2.17,2.45,2.67
2024-06-18,火,芒種,,4.00,2.00,3.80,,3.22,0,39,453610,2.36,2.71,2.81
2024-06-19,水,芒種,,4.00,2.00,3.80,,3.22,0,46,573440,2.72,3.02,3.01
2024-06-20,木,芒種,,4.00,3.00,3.80,,3.57,0,38,510570,2.53,2.67,2.99
2024-06-21,金,夏至,,4.00,4.00,4.20,,4.08,0,44,539070,2.61,2.93,3.29
2024-06-22,土,夏至,,4.00,5.00,4.20,,4.43,28,37,577724,2.73,3.85,3.75
2024-06-23,日,夏至,,4.00,4.00,4.20,,4.08,34,37,544270,2.63,4.11,3.65
2024-06-24,月,夏至,,4.00,2.00,4.20,,3.38,36,39,892650,3.67,4.29,3.74
2024-06-25,火,夏至,,4.00,2.00,4.20,,3.38,0,36,388970,2.16,2.58,2.77
2024-06-26,水,夏至,,4.00,2.00,4.20,,3.38,0,41,416490,2.25,2.80,2.87
2024-06-27,木,夏至,,4.00,3.00,4.20,,3.73,0,30,326770,1.98,2.32,2.78
2024-06-28,金,夏至,,4.00,4.00,4.20,,4.08,0,38,365810,2.09,2.67,3.06
2024-06-29,土,夏至,,4.00,5.00,4.20,,4.43,26,39,514230,2.54,3.85,3.69
2024-06-30,日,夏至,,4.00,4.00,4.20,,4.08,31,36,570520,2.71,3.94,3.63
2024-07-01,月,夏至,,5.00,2.00,4.20,,3.63,0,34,370410,2.11,2.49,2.83
2024-07-02,火,夏至,,5.00,2.00,4.20,,3.63,0,40,425410,2.27,2.75,2.96
2024-07-03,水,夏至,,5.00,2.00,4.20,,3.63,0,36,432230,2.29,2.58,2.91
2024-07-04,木,夏至,,5.00,3.00,4.20,,3.98,0,43,432730,2.29,2.89,3.15
2024-07-05,金,夏至,,5.00,4.00,4.20,,4.33,0,49,672650,3.01,3.15,3.58
2024-07-06,土,夏至,,5.00,5.00,4.20,,4.68,37,44,609280,2.82,4.55,4.08
2024-07-07,日,小暑,,5.00,4.00,4.80,,4.57,33,43,659850,2.97,4.33,4.02
2024-07-08,月,小暑,,5.00,2.00,4.80,,3.87,0,35,420370,2.26,2.53,2.98
2024-07-09,火,小暑,,5.00,2.00,4.80,,3.87,0,36,436210,2.31,2.58,3.02
2024-07-10,水,小暑,PMF,5.00,2.00,4.80,4.50,4.31,0,40,480910,2.44,2.75,3.28
2024-07-11,木,小暑,PMF,5.00,3.00,4.80,4.50,4.42,0,40,465670,2.39,2.75,3.31
2024-07-12,金,小暑,PMF,5.00,4.00,4.80,4.50,4.57,0,37,401150,2.20,2.62,3.27
2024-07-13,土,小暑,PMF,5.00,5.00,4.80,4.50,4.92,32,39,579430,2.73,4.11,4.02
2024-07-14,日,小暑,PMF,5.00,4.00,4.80,4.50,4.57,33,41,621890,2.86,4.24,3.96
2024-07-15,月,小暑,PMF,5.00,2.00,4.80,4.50,4.31,39,37,640420,2.92,4.33,3.90
2024-07-16,火,小暑,PMF,5.00,2.00,4.80,4.50,4.31,0,41,396120,2.19,2.80,3.22
2024-07-17,水,小暑,PMF,5.00,2.00,4.80,4.50,4.31,0,38,403760,2.21,2.67,3.19
2024-07-18,木,小暑,PMF,5.00,3.00,4.80,4.50,4.42,0,41,481800,2.44,2.80,3.34
2024-07-19,金,小暑,PMF,5.00,4.00,4.80,4.50,4.57,0,35,415250,2.24,2.53,3.26
2024-07-20,土,小暑,PMF,5.00,5.00,4.80,4.50,4.92,29,36,541074,2.62,3.85,3.91
2024-07-21,日,小暑,PMF,5.00,4.00,4.80,4.50,4.57,37,39,575100,2.72,4.33,3.94
2024-07-22,月,小暑,PMF,5.00,2.00,4.80,4.50,4.31,0,43,550830,2.65,2.89,3.39
2024-07-23,火,大暑,PMF,5.00,2.00,5.00,4.50,4.33,0,37,462770,2.38,2.62,3.23
2024-07-24,水,大暑,PMF,5.00,2.00,5.00,4.50,4.33,0,38,473280,2.42,2.67,3.26
2024-07-25,木,大暑,PMF,5.00,3.00,5.00,4.50,4.44,0,39,481560,2.44,2.71,3.32
2024-07-26,金,大暑,PMF,5.00,4.00,5.00,4.50,4.65,0,37,453140,2.36,2.62,3.35
2024-07-27,土,大暑,PMF,5.00,5.00,5.00,4.50,5.00,33,42,624354,2.87,4.29,4.15
2024-07-28,日,大暑,PMF,5.00,4.00,5.00,4.50,4.65,11,37,466140,2.39,3.10,3.51
2024-07-29,月,大暑,PMF,5.00,2.00,5.00,4.50,4.33,0,38,407150,2.22,2.67,3.20
2024-07-30,火,大暑,PMF,5.00,2.00,5.00,4.50,4.33,0,39,396720,2.19,2.71,3.20
2024-07-31,水,大暑,PMF,5.00,2.00,5.00,4.50,4.33,0,43,580060,2.74,2.89,3.42
2024-08-01,木,大暑,,5.00,3.00,5.00,,4.30,0,36,397650,2.19,2.58,3.15
2024-08-02,金,大暑,,5.00,4.00,5.00,,4.65,0,43,478910,2.43,2.89,3.46
2024-08-03,土,大暑,,5.00,5.00,5.00,,5.00,34,41,545804,2.63,4.29,4.08
2024-08-04,日,大暑,,5.00,4.00,5.00,,4.65,35,39,665300,2.99,4.24,4.03
2024-08-05,月,大暑,,5.00,2.00,5.00,,3.95,0,40,390630,2.17,2.75,3.06
2024-08-06,火,大暑,,5.00,2.00,5.00,,3.95,0,42,427440,2.28,2.84,3.12
2024-08-07,水,立秋,,5.00,2.00,5.00,,3.95,0,37,428630,2.28,2.62,3.05
2024-08-08,木,立秋,,5.00,3.00,5.00,,4.30,0,39,401150,2.20,2.71,3.19
2024-08-09,金,立秋,,5.00,4.00,5.00,,4.65,0,39,432110,2.29,2.71,3.36
2024-08-10,土,立秋,,5.00,5.00,5.00,,5.00,22,41,760460,3.28,3.76,4.11
2024-08-11,日,立秋,祝日,5.00,4.00,5.00,4.00,4.65,34,39,616070,2.84,4.20,3.97
2024-08-12,月,立秋,,5.00,2.00,5.00,,3.95,37,42,548060,2.64,4.46,3.71
2024-08-13,火,立秋,お盆,5.00,2.00,5.00,5.00,4.69,0,34,399580,2.20,2.49,3.28
2024-08-14,水,立秋,お盆,5.00,2.00,5.00,5.00,4.69,0,40,405200,2.21,2.75,3.36
2024-08-15,木,立秋,お盆,5.00,3.00,5.00,5.00,4.79,0,40,382470,2.14,2.75,3.38
2024-08-16,金,立秋,お盆,5.00,4.00,5.00,5.00,4.89,0,40,459000,2.37,2.75,3.49
2024-08-17,土,立秋,お盆明け,5.00,5.00,5.00,2.00,5.00,30,36,520570,2.56,3.89,3.93
2024-08-18,日,立秋,,5.00,4.00,5.00,,4.65,36,38,582170,2.74,4.24,3.95
2024-08-19,月,立秋,,5.00,2.00,5.00,,3.95,0,37,389330,2.16,2.62,3.01
2024-08-20,火,立秋,,5.00,2.00,5.00,,3.95,0,40,449390,2.34,2.75,3.11
2024-08-21,水,立秋,,5.00,2.00,5.00,,3.95,0,37,396750,2.19,2.62,3.02
2024-08-22,木,立秋,,5.00,3.00,5.00,,4.30,0,41,510500,2.53,2.80,3.32
2024-08-23,金,処暑,,5.00,4.00,4.50,,4.45,0,38,484290,2.45,2.67,3.32
2024-08-24,土,処暑,,5.00,5.00,4.50,,4.80,33,38,598692,2.79,4.11,3.99
2024-08-25,日,処暑,,5.00,4.00,4.50,,4.45,22,41,486904,2.46,3.76,3.65
2024-08-26,月,処暑,,5.00,2.00,4.50,,3.75,0,42,452930,2.36,2.84,3.06
2024-08-27,火,処暑,,5.00,2.00,4.50,,3.75,0,35,365020,2.09,2.53,2.89
2024-08-28,水,処暑,,5.00,2.00,4.50,,3.75,0,39,383120,2.15,2.71,2.96
2024-08-29,木,処暑,,5.00,3.00,4.50,,4.10,0,33,466670,2.40,2.45,3.09
2024-08-30,金,処暑,,5.00,4.00,4.50,,4.45,0,38,468170,2.40,2.67,3.30
2024-08-31,土,処暑,,5.00,5.00,4.50,,4.80,2,38,608820,2.82,2.75,3.59
2024-09-01,日,処暑,,5.00,4.00,4.50,,4.45,36,37,567504,2.70,4.20,3.85
2024-09-02,月,処暑,,5.00,2.00,4.50,,3.75,0,39,521920,2.56,2.71,3.08
2024-09-03,火,処暑,,5.00,2.00,4.50,,3.75,0,41,472090,2.41,2.80,3.06
2024-09-04,水,処暑,,5.00,2.00,4.50,,3.75,0,39,485970,2.45,2.71,3.05
2024-09-05,木,処暑,,5.00,3.00,4.50,,4.10,0,37,416150,2.25,2.62,3.10
2024-09-06,金,処暑,,5.00,4.00,4.50,,4.45,0,48,528690,2.58,3.10,3.48
2024-09-07,土,白露,,5.00,5.00,4.80,,4.92,27,39,534754,2.60,3.89,3.92
2024-09-08,日,白露,,5.00,4.00,4.80,,4.57,33,42,586580,2.76,4.29,3.94
2024-09-09,月,白露,,5.00,2.00,4.80,,3.87,0,42,478020,2.43,2.84,3.13
2024-09-10,火,白露,オータムフェスト,5.00,2.00,4.80,5.00,4.66,0,33,397100,2.19,2.45,3.26
2024-09-11,水,白露,オータムフェスト,5.00,2.00,4.80,5.00,4.66,0,35,398760,2.19,2.53,3.28
2024-09-12,木,白露,オータムフェスト,5.00,3.00,4.80,5.00,4.77,0,40,468710,2.40,2.75,3.45
2024-09-13,金,白露,オータムフェスト,5.00,4.00,4.80,5.00,4.87,0,42,477410,2.43,2.84,3.53
2024-09-14,土,白露,オータムフェスト,5.00,5.00,4.80,5.00,4.98,33,38,641490,2.92,4.11,4.10
2024-09-15,日,白露,オータムフェスト,5.00,4.00,4.80,5.00,4.87,37,40,624610,2.87,4.38,4.12
2024-09-16,月,白露,オータムフェスト,5.00,2.00,4.80,5.00,4.66,30,37,504250,2.51,3.94,3.80
2024-09-17,火,白露,オータムフェスト,5.00,2.00,4.80,5.00,4.66,0,38,454370,2.36,2.67,3.37
2024-09-18,水,白露,オータムフェスト,5.00,2.00,4.80,5.00,4.66,0,36,428250,2.28,2.58,3.32
2024-09-19,木,白露,オータムフェスト,5.00,3.00,4.80,5.00,4.77,0,38,441300,2.32,2.67,3.41
2024-09-20,金,白露,オータムフェスト,5.00,4.00,4.80,5.00,4.87,0,39,416690,2.25,2.71,3.44
2024-09-21,土,白露,オータムフェスト,5.00,5.00,4.80,5.00,4.98,17,40,556390,2.66,3.50,3.84
2024-09-22,日,白露,オータムフェスト,5.00,4.00,4.80,5.00,4.87,27,40,580382,2.74,3.94,3.95
2024-09-23,月,秋分,オータムフェスト,5.00,2.00,5.00,5.00,4.69,24,38,586010,2.75,3.72,3.82
2024-09-24,火,秋分,オータムフェスト,5.00,2.00,5.00,5.00,4.69,0,37,369420,2.11,2.62,3.30
2024-09-25,水,秋分,オータムフェスト,5.00,2.00,5.00,5.00,4.69,0,34,409980,2.23,2.49,3.29
2024-09-26,木,秋分,オータムフェスト,5.00,3.00,5.00,5.00,4.79,0,37,359340,2.08,2.62,3.33
2024-09-27,金,秋分,オータムフェスト,5.00,4.00,5.00,5.00,4.89,0,38,392990,2.18,2.67,3.41
2024-09-28,土,秋分,オータムフェスト,5.00,5.00,5.00,5.00,5.00,20,37,490048,2.47,3.50,3.79
2024-09-29,日,秋分,オータムフェスト,5.00,4.00,5.00,5.00,4.89,29,36,500390,2.50,3.85,3.86
2024-09-30,月,秋分,オータムフェスト,5.00,2.00,5.00,5.00,4.69,0,35,505180,2.51,2.53,3.39
2024-10-01,火,秋分,オータムフェスト,5.00,2.00,5.00,4.50,4.33,0,37,1,1.00,2.62,2.82
2024-10-02,水,秋分,オータムフェスト,5.00,2.00,5.00,4.50,4.33,0,40,2,1.00,2.75,2.86
2024-10-03,木,秋分,オータムフェスト,5.00,3.00,5.00,4.50,4.44,0,38,3,1.00,2.67,2.88
2024-10-04,金,秋分,オータムフェスト,5.00,4.00,5.00,4.50,4.65,0,34,4,1.00,2.49,2.91
2024-10-05,土,秋分,オータムフェスト,5.00,5.00,5.00,4.50,5.00,32,36,5,1.00,3.98,3.49
2024-10-06,日,秋分,,5.00,4.00,5.00,,4.65,28,41,6,1.00,4.03,3.37
2024-10-07,月,秋分,,5.00,2.00,5.00,,3.95,0,42,7,1.00,2.84,2.73
2024-10-08,火,寒露,,5.00,2.00,5.00,,3.95,0,43,8,1.00,2.89,2.75
2024-10-09,水,寒露,,5.00,2.00,5.00,,3.95,0,45,9,1.00,2.97,2.77
2024-10-10,木,寒露,,5.00,3.00,5.00,,4.30,0,44,10,1.00,2.93,2.90
2024-10-11,金,寒露,,5.00,4.00,5.00,,4.65,0,42,11,1.00,2.84,3.01
2024-10-12,土,寒露,,5.00,5.00,5.00,,5.00,36,30,12,1.00,3.89,3.47
2024-10-13,日,寒露,祝日,5.00,4.00,5.00,4.00,4.65,34,39,13,1.00,4.20,3.42
2024-10-14,月,寒露,,5.00,2.00,5.00,,3.95,35,41,14,1.00,4.33,3.18
2024-10-15,火,寒露,,5.00,2.00,5.00,,3.95,0,36,15,1.00,2.58,2.65
2024-10-16,水,寒露,,5.00,2.00,5.00,,3.95,0,40,16,1.00,2.75,2.71
2024-10-17,木,寒露,,5.00,3.00,5.00,,4.30,0,40,17,1.00,2.75,2.84
2024-10-18,金,寒露,,5.00,4.00,5.00,,4.65,0,36,18,1.00,2.58,2.93
2024-10-19,土,寒露,,5.00,5.00,5.00,,5.00,10,28,19,1.00,2.67,3.10
2024-10-20,日,寒露,,5.00,4.00,5.00,,4.65,25,34,20,1.00,3.59,3.24
2024-10-21,月,寒露,,5.00,2.00,5.00,,3.95,0,39,21,1.00,2.71,2.69
2024-10-22,火,寒露,,5.00,2.00,5.00,,3.95,0,44,22,1.00,2.93,2.76
2024-10-23,水,霜降,,5.00,2.00,4.50,,3.75,0,53,23,1.00,3.32,2.80
2024-10-24,木,霜降,,5.00,3.00,4.50,,4.10,0,31,24,1.00,2.36,2.65
2024-10-25,金,霜降,,5.00,4.00,4.50,,4.45,0,36,25,1.00,2.58,2.85
2024-10-26,土,霜降,,5.00,5.00,4.50,,4.80,31,39,26,1.00,4.07,3.44
2024-10-27,日,霜降,,5.00,4.00,4.50,,4.45,35,41,27,1.00,4.33,3.38
2024-10-28,月,霜降,,5.00,2.00,4.50,,3.75,0,36,28,1.00,2.58,2.57
2024-10-29,火,霜降,,5.00,2.00,4.50,,3.75,0,42,29,1.00,2.84,2.65
2024-10-30,水,霜降,,5.00,2.00,4.50,,3.75,0,32,30,1.00,2.40,2.52
2024-10-31,木,霜降,,5.00,3.00,4.50,,4.10,0,37,31,1.00,2.62,2.73
2024-11-01,金,霜降,,3.00,4.00,4.50,,3.95,0,39,1,1.00,2.71,2.69
2024-11-02,土,霜降,,3.00,5.00,4.50,,4.30,27,39,2,1.00,3.89,3.19
2024-11-03,日,霜降,祝日,3.00,4.00,4.50,4.00,3.98,32,40,3,1.00,4.16,3.14
2024-11-04,月,霜降,,3.00,2.00,4.50,,3.25,15,37,4,1.00,3.28,2.58
2024-11-05,火,霜降,,3.00,2.00,4.50,,3.25,0,39,5,1.00,2.71,2.41
2024-11-06,水,霜降,,3.00,2.00,4.50,,3.25,0,27,6,1.00,2.18,2.25
2024-11-07,木,立冬,,3.00,3.00,3.00,,3.00,0,0,7,1.00,1.00,1.80
2024-11-08,金,立冬,,3.00,4.00,3.00,,3.35,0,37,8,1.00,2.62,2.43
2024-11-09,土,立冬,,3.00,5.00,3.00,,3.70,28,40,9,1.00,3.98,2.97
2024-11-10,日,立冬,,3.00,4.00,3.00,,3.35,20,37,10,1.00,3.50,2.69
2024-11-11,月,立冬,,3.00,2.00,3.00,,2.65,0,36,11,1.00,2.58,2.13
2024-11-12,火,立冬,,3.00,2.00,3.00,,2.65,0,28,12,1.00,2.23,2.03
2024-11-13,水,立冬,,3.00,2.00,3.00,,2.65,0,38,13,1.00,2.67,2.16
2024-11-14,木,立冬,,3.00,3.00,3.00,,3.00,0,33,14,1.00,2.45,2.24
2024-11-15,金,立冬,,3.00,4.00,3.00,,3.35,0,32,15,1.00,2.40,2.36
2024-11-16,土,立冬,,3.00,5.00,3.00,,3.70,27,33,16,1.00,3.63,2.87
2024-11-17,日,立冬,,3.00,4.00,3.00,,3.35,15,35,17,1.00,3.19,2.60
2024-11-18,月,立冬,,3.00,2.00,3.00,,2.65,0,27,18,1.00,2.18,2.01
2024-11-19,火,立冬,,3.00,2.00,3.00,,2.65,0,39,19,1.00,2.71,2.17
2024-11-20,水,立冬,,3.00,2.00,3.00,,2.65,0,29,20,1.00,2.27,2.04
2024-11-21,木,立冬,,3.00,3.00,3.00,,3.00,0,36,21,1.00,2.58,2.27
2024-11-22,金,小雪,ホワイトイルミ,3.00,4.00,3.20,4.50,4.18,0,39,22,1.00,2.71,2.79
2024-11-23,土,小雪,ホワイトイルミ,3.00,5.00,3.20,4.50,4.28,33,0,23,1.00,2.45,2.75
2024-11-24,日,小雪,ホワイトイルミ,3.00,4.00,3.20,4.50,4.18,0,0,24,1.00,1.00,2.27
2024-11-25,月,小雪,ホワイトイルミ,3.00,2.00,3.20,4.50,3.97,0,38,25,1.00,2.67,2.69
2024-11-26,火,小雪,ホワイトイルミ,3.00,2.00,3.20,4.50,3.97,0,0,26,1.00,1.00,2.19
2024-11-27,水,小雪,ホワイトイルミ,3.00,2.00,3.20,4.50,3.97,0,36,27,1.00,2.58,2.66
2024-11-28,木,小雪,ホワイトイルミ,3.00,3.00,3.20,4.50,4.07,0,34,28,1.00,2.49,2.68
2024-11-29,金,小雪,ホワイトイルミ,3.00,4.00,3.20,4.50,4.18,0,28,29,1.00,2.23,2.64
2024-11-30,土,小雪,ホワイトイルミ,3.00,5.00,3.20,4.50,4.28,13,37,30,1.00,3.19,2.97
2024-12-01,日,小雪,ホワイトイルミ,5.00,4.00,3.20,4.50,4.33,23,36,548560,2.64,3.59,3.60
2024-12-02,月,小雪,ホワイトイルミ,5.00,2.00,3.20,4.50,4.12,0,26,312990,1.94,2.14,2.87
2024-12-03,火,小雪,ホワイトイルミ,5.00,2.00,3.20,4.50,4.12,0,34,401600,2.20,2.49,3.06
2024-12-04,水,小雪,ホワイトイルミ,5.00,2.00,3.20,4.50,4.12,0,14,156720,1.47,1.61,2.57
2024-12-05,木,小雪,ホワイトイルミ,5.00,3.00,3.20,4.50,4.22,0,24,318060,1.95,2.05,2.89
2024-12-06,金,小雪,ホワイトイルミ,5.00,4.00,3.20,4.50,4.33,0,0,0,1.00,1.00,2.17
2024-12-07,土,大雪,ホワイトイルミ,5.00,5.00,4.50,4.50,4.80,27,35,539680,2.61,3.72,3.82
2024-12-08,日,大雪,ホワイトイルミ,5.00,4.00,4.50,4.50,4.48,0,0,0,1.00,1.00,2.24
2024-12-09,月,大雪,ホワイトイルミ,5.00,2.00,4.50,4.50,4.28,0,20,300300,1.90,1.88,2.85
2024-12-10,火,大雪,ホワイトイルミ,5.00,2.00,4.50,4.50,4.28,0,31,438930,2.31,2.36,3.11
2024-12-11,水,大雪,ホワイトイルミ,5.00,2.00,4.50,4.50,4.28,0,28,407110,2.22,2.23,3.05
2024-12-12,木,大雪,ホワイトイルミ,5.00,3.00,4.50,4.50,4.38,0,38,507880,2.52,2.67,3.31
2024-12-13,金,大雪,ホワイトイルミ,5.00,4.00,4.50,4.50,4.48,0,39,509780,2.53,2.71,3.36
2024-12-14,土,大雪,ホワイトイルミ,5.00,5.00,4.50,4.50,4.80,13,40,637520,2.91,3.32,3.79
2024-12-15,日,大雪,ホワイトイルミ,5.00,4.00,4.50,4.50,4.48,20,35,529410,2.58,3.41,3.59
2024-12-16,月,大雪,ホワイトイルミ,5.00,2.00,4.50,4.50,4.28,0,36,421200,2.26,2.58,3.16
2024-12-17,火,大雪,ホワイトイルミ,5.00,2.00,4.50,4.50,4.28,0,38,526020,2.57,2.67,3.28
2024-12-18,水,大雪,ホワイトイルミ,5.00,2.00,4.50,4.50,4.28,0,39,481210,2.44,2.71,3.26
2024-12-19,木,大雪,ホワイトイルミ,5.00,3.00,4.50,4.50,4.38,0,40,478110,2.43,2.75,3.31
2024-12-20,金,大雪,ホワイトイルミ,5.00,4.00,4.50,4.50,4.48,0,37,595160,2.78,2.62,3.41
2024-12-21,土,大雪,ホワイトイルミ,5.00,5.00,4.50,4.50,4.80,32,41,722150,3.16,4.20,4.13
2024-12-22,日,冬至,ホワイトイルミ,5.00,4.00,5.00,4.50,4.65,23,40,865420,3.59,3.76,4.07
2024-12-23,月,冬至,ホワイトイルミ,5.00,2.00,5.00,4.50,4.33,8,38,767530,3.30,3.02,3.63
2024-12-24,火,冬至,ホワイトイルミ,5.00,2.00,5.00,4.50,4.33,17,36,886260,3.65,3.32,3.82
2024-12-25,水,冬至,ホワイトイルミ,5.00,2.00,5.00,4.50,4.33,29,38,1004060,4.00,3.94,4.11
2024-12-26,木,冬至,,5.00,3.00,5.00,,4.30,0,38,424870,2.27,2.67,3.20
2024-12-27,金,冬至,,5.00,4.00,5.00,,4.65,0,41,503730,2.51,2.80,3.45
2024-12-28,土,冬至,年末,5.00,5.00,5.00,2.50,5.00,22,37,606810,2.82,3.59,3.92
2024-12-29,日,冬至,年末,5.00,4.00,5.00,2.50,4.65,29,43,617720,2.85,4.16,3.96
2024-12-30,月,冬至,年末,5.00,2.00,5.00,2.50,3.95,0,38,568710,2.70,2.67,3.19
2024-12-31,火,冬至,年末,5.00,2.00,5.00,2.50,3.95,0,0,0,1.00,1.00,1.98
2025-01-01,水,冬至,元旦,2.00,2.00,5.00,3.00,3.20,0,0,0,1.00,1.00,1.60
2025-01-02,木,冬至,正月三が日,2.00,3.00,5.00,2.50,3.55,0,41,468140,2.40,2.80,2.98
2025-01-03,金,冬至,正月三が日,2.00,4.00,5.00,2.50,3.90,0,37,483890,2.45,2.62,3.08
2025-01-04,土,冬至,正月明け,2.00,5.00,5.00,1.50,4.25,32,38,617720,2.85,4.07,3.78
2025-01-05,日,小寒,正月明け,2.00,4.00,1.50,1.50,2.50,31,36,620570,2.86,3.94,3.04
2025-01-06,月,小寒,,2.00,2.00,1.50,,1.80,0,28,265600,1.79,2.23,1.93
2025-01-07,火,小寒,,2.00,2.00,1.50,,1.80,0,0,0,1.00,1.00,1.00
2025-01-08,水,小寒,,2.00,2.00,1.50,,1.80,0,32,400530,2.20,2.40,2.10
2025-01-09,木,小寒,,2.00,3.00,1.50,,2.15,0,37,430510,2.29,2.62,2.33
2025-01-10,金,小寒,,2.00,4.00,1.50,,2.50,0,37,395400,2.18,2.62,2.44
2025-01-11,土,小寒,,2.00,5.00,1.50,,2.85,18,38,547600,2.64,3.46,2.97
2025-01-12,日,小寒,,2.00,4.00,1.50,,2.50,16,39,495170,2.48,3.41,2.77
2025-01-13,月,小寒,祝日,2.00,2.00,1.50,4.00,3.34,19,37,568930,2.70,3.46,3.18
2025-01-14,火,小寒,,2.00,2.00,1.50,,1.80,0,39,437040,2.31,2.71,2.23
2025-01-15,水,小寒,,2.00,2.00,1.50,,1.80,0,34,380870,2.14,2.49,2.11
2025-01-16,木,小寒,,2.00,3.00,1.50,,2.15,0,24,284010,1.85,2.05,2.03
2025-01-17,金,小寒,,2.00,4.00,1.50,,2.50,0,0,0,1.00,1.00,1.25
2025-01-18,土,小寒,,2.00,5.00,1.50,,2.85,13,40,468490,2.40,3.32,2.86
2025-01-19,日,小寒,,2.00,4.00,1.50,,2.50,31,35,573934,2.72,3.89,2.98
2025-01-20,月,大寒,,2.00,2.00,1.80,,1.92,0,24,358050,2.07,2.05,2.00
2025-01-21,火,大寒,,2.00,2.00,1.80,,1.92,0,37,417340,2.25,2.62,2.23
2025-01-22,水,大寒,,2.00,2.00,1.80,,1.92,0,25,284600,1.85,2.10,1.95
2025-01-23,木,大寒,,2.00,3.00,1.80,,2.27,0,37,450470,2.35,2.62,2.40
2025-01-24,金,大寒,,2.00,4.00,1.80,,2.62,0,28,326800,1.98,2.23,2.31
2025-01-25,土,大寒,,2.00,5.00,1.80,,2.97,28,42,571930,2.71,4.07,3.22
2025-01-26,日,大寒,,2.00,4.00,1.80,,2.62,17,38,544740,2.63,3.41,2.86
2025-01-27,月,大寒,,2.00,2.00,1.80,,1.92,0,38,470190,2.41,2.67,2.29
2025-01-28,火,大寒,,2.00,2.00,1.80,,1.92,0,41,558550,2.67,2.80,2.41
2025-01-29,水,大寒,,2.00,2.00,1.80,,1.92,0,38,448350,2.34,2.67,2.27
2025-01-30,木,大寒,,2.00,3.00,1.80,,2.27,0,0,0,1.00,1.00,1.14
2025-01-31,金,大寒,,2.00,4.00,1.80,,2.62,0,0,0,1.00,1.00,1.31
2025-02-01,土,大寒,,3.00,5.00,1.80,,3.22,19,40,559850,2.68,3.59,3.17
2025-02-02,日,大寒,,3.00,4.00,1.80,,2.87,23,37,492730,2.47,3.63,2.98
2025-02-03,月,大寒,,3.00,2.00,1.80,,2.17,0,45,618140,2.85,2.97,2.61
2025-02-04,火,立春,雪まつり,3.00,2.00,2.80,4.50,3.92,0,38,436850,2.31,2.67,3.06
2025-02-05,水,立春,雪まつり,3.00,2.00,2.80,4.50,3.92,0,0,0,1.00,1.00,1.96
2025-02-06,木,立春,雪まつり,3.00,3.00,2.80,4.50,4.03,0,40,490930,2.47,2.75,3.18
2025-02-07,金,立春,雪まつり,3.00,4.00,2.80,4.50,4.13,0,39,476740,2.43,2.71,3.19
2025-02-08,土,立春,雪まつり,3.00,5.00,2.80,4.50,4.24,18,0,102230,1.31,1.79,2.63
2025-02-09,日,立春,雪まつり,3.00,4.00,2.80,4.50,4.13,0,0,0,1.00,1.00,2.06
2025-02-10,月,立春,雪まつり,3.00,2.00,2.80,4.50,3.92,0,40,501980,2.50,2.75,3.14
2025-02-11,火,立春,雪まつり,3.00,2.00,2.80,4.50,3.92,16,0,87560,1.26,1.70,2.46
2025-02-12,水,立春,,3.00,2.00,2.80,,2.57,0,34,398250,2.19,2.49,2.43
2025-02-13,木,立春,,3.00,3.00,2.80,,2.92,0,0,0,1.00,1.00,1.46
2025-02-14,金,立春,,3.00,4.00,2.80,,3.27,0,0,0,1.00,1.00,1.64
2025-02-15,土,立春,,3.00,5.00,2.80,,3.62,0,37,463170,2.39,2.62,2.95
2025-02-16,日,立春,,3.00,4.00,2.80,,3.27,12,37,515780,2.54,3.15,3.02
2025-02-17,月,立春,,3.00,2.00,2.80,,2.57,0,41,492420,2.47,2.80,2.61
2025-02-18,火,立春,,3.00,2.00,2.80,,2.57,0,37,399440,2.20,2.62,2.47
2025-02-19,水,雨水,,3.00,2.00,3.20,,2.73,0,31,355780,2.06,2.36,2.42
2025-02-20,木,雨水,,3.00,3.00,3.20,,3.08,0,33,387530,2.16,2.45,2.62
2025-02-21,金,雨水,,3.00,4.00,3.20,,3.43,0,37,439710,2.32,2.62,2.85
2025-02-22,土,雨水,,3.00,5.00,3.20,,3.78,14,38,499430,2.49,3.28,3.24
2025-02-23,日,雨水,祝日,3.00,4.00,3.20,4.00,3.83,19,39,501200,2.50,3.54,3.34
2025-02-24,月,雨水,,3.00,2.00,3.20,,2.73,22,36,533390,2.60,3.54,2.93
2025-02-25,火,雨水,,3.00,2.00,3.20,,2.73,0,37,414590,2.24,2.62,2.55
2025-02-26,水,雨水,,3.00,2.00,3.20,,2.73,0,0,0,1.00,1.00,1.36
2025-02-27,木,雨水,,3.00,3.00,3.20,,3.08,0,37,394070,2.18,2.62,2.67
2025-02-28,金,雨水,,3.00,4.00,3.20,,3.43,0,35,406990,2.22,2.53,2.80
2025-03-01,土,雨水,,3.00,5.00,3.20,,3.78,16,37,533840,2.60,3.32,3.29
2025-03-02,日,雨水,,3.00,4.00,3.20,,3.43,0,0,0,1.00,1.00,1.72
2025-03-03,月,雨水,,3.00,2.00,3.20,,2.73,0,35,422000,2.26,2.53,2.53
2025-03-04,火,雨水,,3.00,2.00,3.20,,2.73,0,23,262810,1.79,2.01,2.23
2025-03-05,水,啓蟄,,3.00,2.00,2.80,,2.57,0,41,430020,2.29,2.80,2.55
2025-03-06,木,啓蟄,,3.00,3.00,2.80,,2.92,0,31,331400,1.99,2.36,2.47
2025-03-07,金,啓蟄,,3.00,4.00,2.80,,3.27,0,0,0,1.00,1.00,1.64
2025-03-08,土,啓蟄,,3.00,5.00,2.80,,3.62,21,42,627180,2.88,3.76,3.44
2025-03-09,日,啓蟄,,3.00,4.00,2.80,,3.27,20,42,602150,2.80,3.72,3.26
2025-03-10,月,啓蟄,,3.00,2.00,2.80,,2.57,0,38,408020,2.22,2.67,2.50
2025-03-11,火,啓蟄,,3.00,2.00,2.80,,2.57,0,36,440090,2.32,2.58,2.50
2025-03-12,水,啓蟄,,3.00,2.00,2.80,,2.57,0,29,311710,1.93,2.27,2.29
2025-03-13,木,啓蟄,,3.00,3.00,2.80,,2.92,0,28,341870,2.02,2.23,2.44
2025-03-14,金,啓蟄,,3.00,4.00,2.80,,3.27,0,0,0,1.00,1.00,1.64
2025-03-15,土,啓蟄,,3.00,5.00,2.80,,3.62,17,40,546760,2.64,3.50,3.29
2025-03-16,日,啓蟄,,3.00,4.00,2.80,,3.27,28,26,442870,2.33,3.37,3.02
2025-03-17,月,啓蟄,,3.00,2.00,2.80,,2.57,0,23,312950,1.94,2.01,2.21
2025-03-18,火,啓蟄,,3.00,2.00,2.80,,2.57,0,35,403850,2.21,2.53,2.45
2025-03-19,水,啓蟄,,3.00,2.00,2.80,,2.57,0,40,412710,2.23,2.75,2.52
2025-03-20,木,啓蟄,,3.00,3.00,2.80,,2.92,26,40,602260,2.80,3.89,3.17
2025-03-21,金,春分,祝日,3.00,4.00,3.20,4.00,3.83,0,40,456420,2.37,2.75,3.07
2025-03-22,土,春分,,3.00,5.00,3.20,,3.78,0,0,0,1.00,1.00,1.89
2025-03-23,日,春分,,3.00,4.00,3.20,,3.43,0,41,464500,2.39,2.80,2.93
2025-03-24,月,春分,,3.00,2.00,3.20,,2.73,0,42,587440,2.76,2.84,2.77
2025-03-25,火,春分,,3.00,2.00,3.20,,2.73,0,34,341700,2.02,2.49,2.44
2025-03-26,水,春分,,3.00,2.00,3.20,,2.73,0,0,0,1.00,1.00,1.36
2025-03-27,木,春分,,3.00,3.00,3.20,,3.08,0,0,0,1.00,1.00,1.54
2025-03-28,金,春分,,3.00,4.00,3.20,,3.43,0,0,0,1.00,1.00,1.72
2025-03-29,土,春分,,3.00,5.00,3.20,,3.78,0,0,0,1.00,1.00,1.89
2025-03-30,日,春分,,3.00,4.00,3.20,,3.43,0,0,0,1.00,1.00,1.72
2025-03-31,月,春分,,3.00,2.00,3.20,,2.73,0,0,0,1.00,1.00,1.36
2025-04-01,火,春分,,1.00,2.00,3.20,,2.23,0,0,0,1.00,1.00,1.11
2025-04-02,水,春分,,1.00,2.00,3.20,,2.23,0,0,0,1.00,1.00,1.11
2025-04-03,木,春分,,1.00,3.00,3.20,,2.58,0,0,0,1.00,1.00,1.29
2025-04-04,金,春分,,1.00,4.00,3.20,,2.93,0,0,0,1.00,1.00,1.47
2025-04-05,土,清明,,1.00,5.00,1.00,,2.40,0,0,0,1.00,1.00,1.20
2025-04-06,日,清明,,1.00,4.00,1.00,,2.05,0,0,0,1.00,1.00,1.02
2025-04-07,月,清明,,1.00,2.00,1.00,,1.35,0,0,0,1.00,1.00,1.00
2025-04-08,火,清明,,1.00,2.00,1.00,,1.35,0,0,0,1.00,1.00,1.00
2025-04-09,水,清明,,1.00,2.00,1.00,,1.35,0,0,0,1.00,1.00,1.00
2025-04-10,木,清明,,1.00,3.00,1.00,,1.70,0,0,0,1.00,1.00,1.00
2025-04-11,金,清明,,1.00,4.00,1.00,,2.05,0,0,0,1.00,1.00,1.02
2025-04-12,土,清明,,1.00,5.00,1.00,,2.40,0,0,0,1.00,1.00,1.20
2025-04-13,日,清明,,1.00,4.00,1.00,,2.05,0,0,0,1.00,1.00,1.02
2025-04-14,月,清明,,1.00,2.00,1.00,,1.35,0,0,0,1.00,1.00,1.00
2025-04-15,火,清明,,1.00,2.00,1.00,,1.35,0,0,0,1.00,1.00,1.00
2025-04-16,水,清明,,1.00,2.00,1.00,,1.35,0,0,0,1.00,1.00,1.00
2025-04-17,木,清明,,1.00,3.00,1.00,,1.70,0,0,0,1.00,1.00,1.00
2025-04-18,金,清明,,1.00,4.00,1.00,,2.05,0,14,169940,1.51,1.61,1.76
2025-04-19,土,清明,,1.00,5.00,1.00,,2.40,0,15,236460,1.71,1.66,1.97
2025-04-20,日,穀雨,,1.00,4.00,1.00,,2.05,0,11,131210,1.39,1.48,1.68
2025-04-21,月,穀雨,,1.00,2.00,1.00,,1.35,0,15,206020,1.62,1.66,1.52
2025-04-22,火,穀雨,,1.00,2.00,1.00,,1.35,0,9,119700,1.36,1.39,1.36
2025-04-23,水,穀雨,,1.00,2.00,1.00,,1.35,0,14,176240,1.53,1.61,1.48
2025-04-24,木,穀雨,,1.00,3.00,1.00,,1.70,0,6,75760,1.23,1.26,1.43
2025-04-25,金,穀雨,,1.00,4.00,1.00,,2.05,0,38,434580,2.30,2.67,2.31
2025-04-26,土,穀雨,,1.00,5.00,1.00,,2.40,18,32,493460,2.48,3.19,2.66
2025-04-27,日,穀雨,,1.00,4.00,1.00,,2.05,27,40,581820,2.74,3.94,2.82
2025-04-28,月,穀雨,,1.00,2.00,1.00,,1.35,0,40,479650,2.44,2.75,2.10
2025-04-29,火,穀雨,GW,1.00,2.00,1.00,4.50,3.55,25,31,480520,2.44,3.46,3.19
2025-04-30,水,穀雨,GW,1.00,2.00,1.00,4.50,3.55,0,42,489490,2.46,2.84,3.01
2025-05-01,木,穀雨,GW,3.00,3.00,1.00,4.50,3.81,0,38,463120,2.39,2.67,3.04
2025-05-02,金,穀雨,GW,3.00,4.00,1.00,4.50,3.92,0,38,440010,2.32,2.67,3.07
2025-05-03,土,穀雨,GW,3.00,5.00,1.00,4.50,4.02,33,41,597950,2.79,4.24,3.72
2025-05-04,日,穀雨,GW,3.00,4.00,1.00,4.50,3.92,24,44,585440,2.75,3.98,3.59
2025-05-05,月,立夏,GW,3.00,2.00,3.50,4.50,4.00,17,43,714440,3.14,3.63,3.63
2025-05-06,火,立夏,GW,3.00,2.00,3.50,4.50,4.00,30,40,593770,2.78,4.07,3.66
2025-05-07,水,立夏,,3.00,2.00,3.50,,2.85,0,11,129180,1.39,1.48,2.00
2025-05-08,木,立夏,,3.00,3.00,3.50,,3.20,0,24,331270,1.99,2.05,2.49
2025-05-09,金,立夏,,3.00,4.00,3.50,,3.55,0,43,452870,2.35,2.89,2.99
2025-05-10,土,立夏,,3.00,5.00,3.50,,3.90,22,31,444950,2.33,3.32,3.25
2025-05-11,日,立夏,,3.00,4.00,3.50,,3.55,23,32,458354,2.37,3.41,3.15
2025-05-12,月,立夏,,3.00,2.00,3.50,,2.85,0,31,402900,2.21,2.36,2.51
2025-05-13,火,立夏,,3.00,2.00,3.50,,2.85,0,32,403850,2.21,2.40,2.52
2025-05-14,水,立夏,,3.00,2.00,3.50,,2.85,0,34,414000,2.24,2.49,2.56
2025-05-15,木,立夏,,3.00,3.00,3.50,,3.20,0,38,452550,2.35,2.67,2.79
2025-05-16,金,立夏,,3.00,4.00,3.50,,3.55,0,35,430750,2.29,2.53,2.87
2025-05-17,土,立夏,,3.00,5.00,3.50,,3.90,16,37,605870,2.81,3.32,3.40
2025-05-18,日,立夏,,3.00,4.00,3.50,,3.55,18,46,674950,3.02,3.81,3.47
2025-05-19,月,立夏,,3.00,2.00,3.50,,2.85,0,38,475570,2.42,2.67,2.67
2025-05-20,火,立夏,,3.00,2.00,3.50,,2.85,0,45,593070,2.77,2.97,2.86
2025-05-21,水,小満,,3.00,2.00,2.80,,2.57,0,53,604200,2.81,3.32,2.87
2025-05-22,木,小満,,3.00,3.00,2.80,,2.92,0,22,264300,1.79,1.96,2.29
2025-05-23,金,小満,,3.00,4.00,2.80,,3.27,0,34,505460,2.51,2.49,2.81
2025-05-24,土,小満,,3.00,5.00,2.80,,3.62,28,38,583820,2.75,3.89,3.44
2025-05-25,日,小満,,3.00,4.00,2.80,,3.27,12,31,469210,2.40,2.89,2.90
2025-05-26,月,小満,,3.00,2.00,2.80,,2.57,0,31,469570,2.40,2.36,2.46
2025-05-27,火,小満,,3.00,2.00,2.80,,2.57,0,33,402440,2.20,2.45,2.42
2025-05-28,水,小満,,3.00,2.00,2.80,,2.57,0,38,463290,2.39,2.67,2.55
2025-05-29,木,小満,,3.00,3.00,2.80,,2.92,0,16,371200,2.11,1.70,2.31
2025-05-30,金,小満,,3.00,4.00,2.80,,3.27,0,38,431020,2.29,2.67,2.80
2025-05-31,土,小満,もいわ山の日,3.00,5.00,2.80,4.00,3.89,28,40,593260,2.78,3.98,3.58
2025-06-01,日,小満,,4.00,4.00,2.80,,3.52,27,40,556930,2.67,3.94,3.39
2025-06-02,月,小満,,4.00,2.00,2.80,,2.82,0,34,514890,2.54,2.49,2.64
2025-06-03,火,小満,,4.00,2.00,2.80,,2.82,0,37,457830,2.37,2.62,2.62
2025-06-04,水,小満,,4.00,2.00,2.80,,2.82,0,27,389410,2.17,2.18,2.43
2025-06-05,木,小満,,4.00,3.00,2.80,,3.17,0,26,318520,1.95,2.14,2.50
2025-06-06,金,芒種,,4.00,4.00,3.80,,3.92,0,37,470750,2.41,2.62,3.08
2025-06-07,土,芒種,よさこい,4.00,5.00,3.80,4.50,4.43,18,36,464730,2.39,3.37,3.50
2025-06-08,日,芒種,よさこい,4.00,4.00,3.80,4.50,4.33,0,60,1080140,4.23,3.63,4.09
2025-06-09,月,芒種,よさこい,4.00,2.00,3.80,4.50,4.12,0,38,516070,2.54,2.67,3.21
2025-06-10,火,芒種,よさこい,4.00,2.00,3.80,4.50,4.12,0,36,412190,2.23,2.58,3.09
2025-06-11,水,芒種,よさこい,4.00,2.00,3.80,4.50,4.12,0,33,371510,2.11,2.45,3.02
2025-06-12,木,芒種,,4.00,3.00,3.80,,3.57,0,40,460290,2.38,2.75,2.97
2025-06-13,金,芒種,,4.00,4.00,3.80,,3.92,0,28,441850,2.32,2.23,2.93
2025-06-14,土,芒種,神宮祭,4.00,5.00,3.80,4.50,4.43,25,35,593600,2.78,3.63,3.69
2025-06-15,日,芒種,神宮祭,4.00,4.00,3.80,4.50,4.33,30,37,633800,2.90,3.94,3.78
2025-06-16,月,芒種,神宮祭,4.00,2.00,3.80,4.50,4.12,0,37,600550,2.80,2.62,3.27
2025-06-17,火,芒種,,4.00,2.00,3.80,,3.22,0,32,389640,2.17,2.40,2.66
2025-06-18,水,芒種,,4.00,2.00,3.80,,3.22,0,40,463480,2.39,2.75,2.83
2025-06-19,木,芒種,,4.00,3.00,3.80,,3.57,0,34,444940,2.33,2.49,2.87
2025-06-20,金,芒種,,4.00,4.00,3.80,,3.92,0,39,496520,2.49,2.71,3.13
2025-06-21,土,夏至,,4.00,5.00,4.20,,4.43,35,41,650160,2.95,4.33,3.96
2025-06-22,日,夏至,,4.00,4.00,4.20,,4.08,20,37,551000,2.65,3.50,3.48
2025-06-23,月,夏至,,4.00,2.00,4.20,,3.38,0,31,325060,1.97,2.36,2.65
2025-06-24,火,夏至,,4.00,2.00,4.20,,3.38,0,42,557450,2.67,2.84,3.00
2025-06-25,水,夏至,,4.00,2.00,4.20,,3.38,0,26,389300,2.16,2.14,2.64
2025-06-26,木,夏至,,4.00,3.00,4.20,,3.73,0,39,475410,2.42,2.71,3.03
2025-06-27,金,夏至,,4.00,4.00,4.20,,4.08,0,44,610070,2.83,2.93,3.36
2025-06-28,土,夏至,,4.00,5.00,4.20,,4.43,21,28,578280,2.73,3.15,3.54
2025-06-29,日,夏至,,4.00,4.00,4.20,,4.08,27,42,610820,2.83,4.03,3.69
2025-06-30,月,夏至,,4.00,2.00,4.20,,3.38,0,39,461260,2.38,2.71,2.88
2025-07-01,火,夏至,,5.00,2.00,4.20,,3.63,0,29,453530,2.36,2.27,2.84
2025-07-02,水,夏至,,5.00,2.00,4.20,,3.63,0,32,463440,2.39,2.40,2.89
2025-07-03,木,夏至,,5.00,3.00,4.20,,3.98,0,28,444390,2.33,2.23,2.96
2025-07-04,金,夏至,,5.00,4.00,4.20,,4.33,0,38,461840,2.38,2.67,3.25
2025-07-05,土,夏至,,5.00,5.00,4.20,,4.68,35,32,451074,2.35,3.94,3.76
2025-07-06,日,夏至,,5.00,4.00,4.20,,4.33,27,38,551284,2.65,3.85,3.68
2025-07-07,月,小暑,,5.00,2.00,4.80,,3.87,0,39,534900,2.60,2.71,3.14
2025-07-08,火,小暑,,5.00,2.00,4.80,,3.87,0,40,482590,2.44,2.75,3.11
2025-07-09,水,小暑,,5.00,2.00,4.80,,3.87,0,36,408250,2.22,2.58,2.99
2025-07-10,木,小暑,PMF,5.00,3.00,4.80,4.50,4.42,0,39,459540,2.37,2.71,3.29
2025-07-11,金,小暑,PMF,5.00,4.00,4.80,4.50,4.57,0,39,462650,2.38,2.71,3.36
2025-07-12,土,小暑,PMF,5.00,5.00,4.80,4.50,4.92,34,37,657090,2.97,4.11,4.09
2025-07-13,日,小暑,PMF,5.00,4.00,4.80,4.50,4.57,22,36,562260,2.68,3.54,3.69
2025-07-14,月,小暑,PMF,5.00,2.00,4.80,4.50,4.31,0,39,480230,2.44,2.71,3.27
2025-07-15,火,小暑,PMF,5.00,2.00,4.80,4.50,4.31,0,39,449870,2.35,2.71,3.24
2025-07-16,水,小暑,PMF,5.00,2.00,4.80,4.50,4.31,0,41,483110,2.45,2.80,3.30
2025-07-17,木,小暑,PMF,5.00,3.00,4.80,4.50,4.42,0,39,481080,2.44,2.71,3.31
2025-07-18,金,小暑,PMF,5.00,4.00,4.80,4.50,4.57,0,44,487340,2.46,2.93,3.45
2025-07-19,土,小暑,PMF,5.00,5.00,4.80,4.50,4.92,21,45,642700,2.92,3.89,4.01
2025-07-20,日,小暑,PMF,5.00,4.00,4.80,4.50,4.57,0,58,1106400,4.31,3.54,4.18
2025-07-21,月,小暑,PMF,5.00,2.00,4.80,4.50,4.31,14,27,545510,2.63,2.80,3.35
2025-07-22,火,小暑,PMF,5.00,2.00,4.80,4.50,4.31,0,35,386050,2.16,2.53,3.13
2025-07-23,水,大暑,PMF,5.00,2.00,5.00,4.50,4.33,0,39,453760,2.36,2.71,3.25
2025-07-24,木,大暑,PMF,5.00,3.00,5.00,4.50,4.44,0,37,433560,2.30,2.62,3.25
2025-07-25,金,大暑,PMF,5.00,4.00,5.00,4.50,4.65,0,38,425300,2.27,2.67,3.34
2025-07-26,土,大暑,PMF,5.00,5.00,5.00,4.50,5.00,23,36,590910,2.77,3.59,3.91
2025-07-27,日,大暑,PMF,5.00,4.00,5.00,4.50,4.65,15,35,487940,2.46,3.19,3.56
2025-07-28,月,大暑,PMF,5.00,2.00,5.00,4.50,4.33,0,28,317400,1.95,2.23,2.99
2025-07-29,火,大暑,PMF,5.00,2.00,5.00,4.50,4.33,0,32,452560,2.35,2.40,3.16
2025-07-30,水,大暑,PMF,5.00,2.00,5.00,4.50,4.33,0,31,352730,2.06,2.36,3.06
2025-07-31,木,大暑,PMF,5.00,3.00,5.00,4.50,4.44,0,40,482790,2.44,2.75,3.33
2025-08-01,金,大暑,,5.00,4.00,5.00,,4.65,0,41,501920,2.50,2.80,3.45
2025-08-02,土,大暑,,5.00,5.00,5.00,,5.00,27,40,576550,2.73,3.94,4.00
2025-08-03,日,大暑,,5.00,4.00,5.00,,4.65,35,35,582410,2.74,4.07,3.90
2025-08-04,月,大暑,,5.00,2.00,5.00,,3.95,0,44,482750,2.44,2.93,3.19
2025-08-05,火,大暑,,5.00,2.00,5.00,,3.95,0,44,483110,2.45,2.93,3.19
2025-08-06,水,大暑,,5.00,2.00,5.00,,3.95,0,35,408270,2.22,2.53,3.00
2025-08-07,木,立秋,,5.00,3.00,5.00,,4.30,0,38,406470,2.22,2.67,3.19
2025-08-08,金,立秋,,5.00,4.00,5.00,,4.65,0,40,493400,2.48,2.75,3.43
2025-08-09,土,立秋,,5.00,5.00,5.00,,5.00,23,41,602180,2.80,3.81,3.98
2025-08-10,日,立秋,,5.00,4.00,5.00,,4.65,27,38,532430,2.59,3.85,3.79
2025-08-11,月,立秋,祝日,5.00,2.00,5.00,4.00,3.98,28,38,636930,2.91,3.89,3.63
2025-08-12,火,立秋,,5.00,2.00,5.00,,3.95,0,42,456730,2.37,2.84,3.14
2025-08-13,水,立秋,お盆,5.00,2.00,5.00,5.00,4.69,0,34,424080,2.27,2.49,3.30
2025-08-14,木,立秋,お盆,5.00,3.00,5.00,5.00,4.79,0,40,620000,2.86,2.75,3.60
2025-08-15,金,立秋,お盆,5.00,4.00,5.00,5.00,4.89,0,40,546480,2.64,2.75,3.57
2025-08-16,土,立秋,お盆,5.00,5.00,5.00,5.00,5.00,30,38,571300,2.71,3.98,4.01
2025-08-17,日,立秋,お盆明け,5.00,4.00,5.00,2.00,4.65,19,41,582180,2.74,3.63,3.77
2025-08-18,月,立秋,,5.00,2.00,5.00,,3.95,0,38,468870,2.40,2.67,3.10
2025-08-19,火,立秋,,5.00,2.00,5.00,,3.95,0,39,367840,2.10,2.71,3.02
2025-08-20,水,立秋,,5.00,2.00,5.00,,3.95,0,41,477280,2.43,2.80,3.15
2025-08-21,木,立秋,,5.00,3.00,5.00,,4.30,0,42,449540,2.35,2.84,3.28
2025-08-22,金,立秋,,5.00,4.00,5.00,,4.65,0,10,183900,1.55,1.44,2.76
2025-08-23,土,処暑,,5.00,5.00,4.50,,4.80,9,40,633770,2.90,3.15,3.73
2025-08-24,日,処暑,,5.00,4.00,4.50,,4.45,31,41,575140,2.72,4.16,3.84
2025-08-25,月,処暑,,5.00,2.00,4.50,,3.75,0,42,525350,2.57,2.84,3.12
2025-08-26,火,処暑,,5.00,2.00,4.50,,3.75,0,27,277410,1.83,2.18,2.70
2025-08-27,水,処暑,,5.00,2.00,4.50,,3.75,0,40,482620,2.44,2.75,3.06
2025-08-28,木,処暑,,5.00,3.00,4.50,,4.10,0,36,393180,2.18,2.58,3.07
2025-08-29,金,処暑,,5.00,4.00,4.50,,4.45,0,38,452780,2.35,2.67,3.29
2025-08-30,土,処暑,,5.00,5.00,4.50,,4.80,22,40,629920,2.88,3.72,3.90
2025-08-31,日,処暑,,5.00,4.00,4.50,,4.45,32,38,556490,2.67,4.07,3.80
2025-09-01,月,処暑,,5.00,2.00,4.50,,3.75,0,40,454010,2.36,2.75,3.03
2025-09-02,火,処暑,,5.00,2.00,4.50,,3.75,0,30,342130,2.02,2.32,2.80
2025-09-03,水,処暑,,5.00,2.00,4.50,,3.75,0,41,466750,2.40,2.80,3.06
2025-09-04,木,処暑,,5.00,3.00,4.50,,4.10,0,36,387010,2.16,2.58,3.06
2025-09-05,金,処暑,,5.00,4.00,4.50,,4.45,0,37,470890,2.41,2.62,3.29
2025-09-06,土,処暑,,5.00,5.00,4.50,,4.80,23,38,598410,2.79,3.67,3.86
2025-09-07,日,白露,,5.00,4.00,4.80,,4.57,23,43,653190,2.95,3.89,3.88
2025-09-08,月,白露,,5.00,2.00,4.80,,3.87,0,32,366980,2.10,2.40,2.90
2025-09-09,火,白露,,5.00,2.00,4.80,,3.87,0,40,517680,2.55,2.75,3.14
2025-09-10,水,白露,オータムフェスト,5.00,2.00,4.80,5.00,4.66,0,41,459230,2.37,2.80,3.42
2025-09-11,木,白露,オータムフェスト,5.00,3.00,4.80,5.00,4.77,0,45,488210,2.46,2.97,3.54
2025-09-12,金,白露,オータムフェスト,5.00,4.00,4.80,5.00,4.87,0,38,474880,2.42,2.67,3.48
2025-09-13,土,白露,オータムフェスト,5.00,5.00,4.80,5.00,4.98,23,40,626310,2.87,3.76,3.98
2025-09-14,日,白露,オータムフェスト,5.00,4.00,4.80,5.00,4.87,17,39,604890,2.81,3.46,3.83
2025-09-15,月,白露,オータムフェスト,5.00,2.00,4.80,5.00,4.66,19,40,604740,2.81,3.59,3.78
2025-09-16,火,白露,オータムフェスト,5.00,2.00,4.80,5.00,4.66,0,34,415110,2.24,2.49,3.28
2025-09-17,水,白露,オータムフェスト,5.00,2.00,4.80,5.00,4.66,0,40,504750,2.51,2.75,3.44
2025-09-18,木,白露,オータムフェスト,5.00,3.00,4.80,5.00,4.77,0,42,603360,2.81,2.84,3.60
2025-09-19,金,白露,オータムフェスト,5.00,4.00,4.80,5.00,4.87,0,40,557790,2.67,2.75,3.57
2025-09-20,土,白露,オータムフェスト,5.00,5.00,4.80,5.00,4.98,20,39,581720,2.74,3.59,3.89
2025-09-21,日,白露,オータムフェスト,5.00,4.00,4.80,5.00,4.87,11,40,556090,2.66,3.24,3.72
2025-09-22,月,白露,オータムフェスト,5.00,2.00,4.80,5.00,4.66,0,41,554190,2.66,2.80,3.50
2025-09-23,火,秋分,オータムフェスト,5.00,2.00,5.00,5.00,4.69,30,37,590740,2.77,3.94,3.89
2025-09-24,水,秋分,オータムフェスト,5.00,2.00,5.00,5.00,4.69,0,33,411330,2.23,2.45,3.28
2025-09-25,木,秋分,オータムフェスト,5.00,3.00,5.00,5.00,4.79,0,33,385310,2.15,2.45,3.30
2025-09-26,金,秋分,オータムフェスト,5.00,4.00,5.00,5.00,4.89,0,32,423790,2.27,2.40,3.36
2025-09-27,土,秋分,オータムフェスト,5.00,5.00,5.00,5.00,5.00,29,38,558720,2.67,3.94,3.98
2025-09-28,日,秋分,オータムフェスト,5.00,4.00,5.00,5.00,4.89,40,36,591014,2.77,4.33,4.09
2025-09-29,月,秋分,オータムフェスト,5.00,2.00,5.00,5.00,4.69,0,43,591000,2.77,2.89,3.57
2025-09-30,火,秋分,オータムフェスト,5.00,2.00,5.00,5.00,4.69,0,33,406540,2.22,2.45,3.28
2025-10-01,水,秋分,オータムフェスト,5.00,2.00,5.00,4.50,4.33,0,36,451550,2.35,2.58,3.21
2025-10-02,木,秋分,オータムフェスト,5.00,3.00,5.00,4.50,4.44,0,29,366390,2.10,2.27,3.09
2025-10-03,金,秋分,オータムフェスト,5.00,4.00,5.00,4.50,4.65,0,40,516730,2.55,2.75,3.45
2025-10-04,土,秋分,オータムフェスト,5.00,5.00,5.00,4.50,5.00,33,41,669340,3.00,4.24,4.17
2025-10-05,日,秋分,オータムフェスト,5.00,4.00,5.00,4.50,4.65,33,35,583790,2.75,3.98,3.88
2025-10-06,月,秋分,,5.00,2.00,5.00,,3.95,0,36,493150,2.48,2.58,3.10
2025-10-07,火,秋分,,5.00,2.00,5.00,,3.95,0,38,546600,2.64,2.67,3.17
2025-10-08,水,寒露,,5.00,2.00,5.00,,3.95,0,38,517890,2.55,2.67,3.15
2025-10-09,木,寒露,,5.00,3.00,5.00,,4.30,28,0,451200,2.35,2.23,3.09
2025-10-10,金,寒露,,5.00,4.00,5.00,,4.65,0,38,513160,2.54,2.67,3.42
2025-10-11,土,寒露,,5.00,5.00,5.00,,5.00,17,38,483340,2.45,3.41,3.76
2025-10-12,日,寒露,,5.00,4.00,5.00,,4.65,19,33,458730,2.37,3.28,3.56
2025-10-13,月,寒露,祝日,5.00,2.00,5.00,4.00,3.98,31,38,641030,2.92,4.03,3.68
2025-10-14,火,寒露,,5.00,2.00,5.00,,3.95,0,37,510040,2.53,2.62,3.12
2025-10-15,水,寒露,,5.00,2.00,5.00,,3.95,0,33,376340,2.13,2.45,2.95
2025-10-16,木,寒露,,5.00,3.00,5.00,,4.30,0,38,455360,2.36,2.67,3.23
2025-10-17,金,寒露,,5.00,4.00,5.00,,4.65,0,42,525350,2.57,2.84,3.48
2025-10-18,土,寒露,,5.00,5.00,5.00,,5.00,22,33,443250,2.33,3.41,3.72
2025-10-19,日,寒露,,5.00,4.00,5.00,,4.65,30,37,630230,2.89,3.94,3.91
2025-10-20,月,寒露,,5.00,2.00,5.00,,3.95,0,35,386700,2.16,2.53,2.99
2025-10-21,火,寒露,,5.00,2.00,5.00,,3.95,0,41,549290,2.64,2.80,3.21
2025-10-22,水,寒露,,5.00,2.00,5.00,,3.95,0,59,512740,2.53,3.59,3.42
2025-10-23,木,霜降,,5.00,3.00,4.50,,4.10,0,38,425260,2.27,2.67,3.12
2025-10-24,金,霜降,,5.00,4.00,4.50,,4.45,0,43,541380,2.62,2.89,3.43
2025-10-25,土,霜降,,5.00,5.00,4.50,,4.80,0,39,743600,3.22,2.71,3.70
2025-10-26,日,霜降,,5.00,4.00,4.50,,4.45,37,40,637310,2.91,4.38,3.97
2025-10-27,月,霜降,,5.00,2.00,4.50,,3.75,0,33,480130,2.44,2.45,2.97
2025-10-28,火,霜降,,5.00,2.00,4.50,,3.75,0,38,435680,2.30,2.67,2.99
2025-10-29,水,霜降,,5.00,2.00,4.50,,3.75,0,33,440720,2.32,2.45,2.93
2025-10-30,木,霜降,,5.00,3.00,4.50,,4.10,0,41,511730,2.53,2.80,3.24
2025-10-31,金,霜降,,5.00,4.00,4.50,,4.45,0,41,525240,2.57,2.80,3.39
2025-11-01,土,霜降,,3.00,5.00,4.50,,4.30,16,0,87190,1.26,1.70,2.61
2025-11-02,日,霜降,,3.00,4.00,4.50,,3.95,29,41,641780,2.92,4.07,3.68
2025-11-03,月,霜降,祝日,3.00,2.00,4.50,4.00,3.77,31,31,540720,2.62,3.72,3.41
2025-11-04,火,霜降,,3.00,2.00,4.50,,3.25,0,24,320570,1.96,2.05,2.50
2025-11-05,水,霜降,,3.00,2.00,4.50,,3.25,0,35,518660,2.55,2.53,2.82
2025-11-06,木,霜降,,3.00,3.00,4.50,,3.60,0,28,358740,2.07,2.23,2.73
2025-11-07,金,立冬,,3.00,4.00,3.00,,3.35,0,0,0,1.00,1.00,1.68
2025-11-08,土,立冬,,3.00,5.00,3.00,,3.70,22,35,553300,2.66,3.50,3.33
2025-11-09,日,立冬,,3.00,4.00,3.00,,3.35,24,34,582900,2.74,3.54,3.22
2025-11-10,月,立冬,,3.00,2.00,3.00,,2.65,0,0,0,1.00,1.00,1.32
2025-11-11,火,立冬,,3.00,2.00,3.00,,2.65,0,29,444490,2.33,2.27,2.44
2025-11-12,水,立冬,,3.00,2.00,3.00,,2.65,0,26,365420,2.09,2.14,2.33
2025-11-13,木,立冬,,3.00,3.00,3.00,,3.00,0,26,317440,1.95,2.14,2.43
2025-11-14,金,立冬,,3.00,4.00,3.00,,3.35,0,36,464730,2.39,2.58,2.83
2025-11-15,土,立冬,,3.00,5.00,3.00,,3.70,27,34,539130,2.61,3.67,3.36
2025-11-16,日,立冬,,3.00,4.00,3.00,,3.35,27,29,481662,2.44,3.46,3.11
2025-11-17,月,立冬,,3.00,2.00,3.00,,2.65,0,27,425350,2.27,2.18,2.40
2025-11-18,火,立冬,,3.00,2.00,3.00,,2.65,0,16,178180,1.53,1.70,2.03
2025-11-19,水,立冬,,3.00,2.00,3.00,,2.65,0,20,236880,1.71,1.88,2.14
2025-11-20,木,立冬,,3.00,3.00,3.00,,3.00,0,21,278260,1.83,1.92,2.33
2025-11-21,金,立冬,,3.00,4.00,3.00,,3.35,0,38,464220,2.39,2.67,2.86
2025-11-22,土,小雪,ホワイトイルミ,3.00,5.00,3.20,4.50,4.28,19,35,561470,2.68,3.37,3.53
2025-11-23,日,小雪,ホワイトイルミ,3.00,4.00,3.20,4.50,4.18,24,36,606690,2.82,3.63,3.61
2025-11-24,月,小雪,ホワイトイルミ,3.00,2.00,3.20,4.50,3.97,36,40,747830,3.24,4.33,3.86
2025-11-25,火,小雪,ホワイトイルミ,3.00,2.00,3.20,4.50,3.97,0,22,255450,1.76,1.96,2.70
2025-11-26,水,小雪,ホワイトイルミ,3.00,2.00,3.20,4.50,3.97,0,30,430710,2.29,2.32,2.97
2025-11-27,木,小雪,ホワイトイルミ,3.00,3.00,3.20,4.50,4.07,0,25,313550,1.94,2.10,2.84
2025-11-28,金,小雪,ホワイトイルミ,3.00,4.00,3.20,4.50,4.18,0,20,288960,1.86,1.88,2.79
2025-11-29,土,小雪,ホワイトイルミ,3.00,5.00,3.20,4.50,4.28,37,40,719430,3.15,4.38,3.97
2025-11-30,日,小雪,ホワイトイルミ,3.00,4.00,3.20,4.50,4.18,22,34,466940,2.40,3.46,3.43
2025-12-01,月,小雪,ホワイトイルミ,5.00,2.00,3.20,4.50,4.12,0,22,364790,2.09,1.96,2.86
2025-12-02,火,小雪,ホワイトイルミ,5.00,2.00,3.20,4.50,4.12,0,33,503560,2.51,2.45,3.14
2025-12-03,水,小雪,ホワイトイルミ,5.00,2.00,3.20,4.50,4.12,0,29,412940,2.24,2.27,3.00
2025-12-04,木,小雪,ホワイトイルミ,5.00,3.00,3.20,4.50,4.22,0,30,366650,2.10,2.32,3.01
2025-12-05,金,小雪,ホワイトイルミ,5.00,4.00,3.20,4.50,4.33,0,39,400350,2.20,2.71,3.21
2025-12-06,土,小雪,ホワイトイルミ,5.00,5.00,3.20,4.50,4.43,12,35,549450,2.64,3.06,3.48
2025-12-07,日,大雪,ホワイトイルミ,5.00,4.00,4.50,4.50,4.48,26,41,652270,2.95,3.94,3.86
2025-12-08,月,大雪,ホワイトイルミ,5.00,2.00,4.50,4.50,4.28,0,29,486950,2.46,2.27,3.13
2025-12-09,火,大雪,ホワイトイルミ,5.00,2.00,4.50,4.50,4.28,0,32,501830,2.50,2.40,3.18
2025-12-10,水,大雪,ホワイトイルミ,5.00,2.00,4.50,4.50,4.28,0,39,611840,2.83,2.71,3.37
2025-12-11,木,大雪,ホワイトイルミ,5.00,3.00,4.50,4.50,4.38,0,29,409940,2.23,2.27,3.10
2025-12-12,金,大雪,ホワイトイルミ,5.00,4.00,4.50,4.50,4.48,0,0,0,1.00,1.00,2.24
2025-12-13,土,大雪,ホワイトイルミ,5.00,5.00,4.50,4.50,4.80,23,40,606060,2.81,3.76,3.89
2025-12-14,日,大雪,ホワイトイルミ,5.00,4.00,4.50,4.50,4.48,23,33,599010,2.79,3.46,3.67
2025-12-15,月,大雪,ホワイトイルミ,5.00,2.00,4.50,4.50,4.28,0,0,0,1.00,1.00,2.14
2025-12-16,火,大雪,ホワイトイルミ,5.00,2.00,4.50,4.50,4.28,0,26,429630,2.29,2.14,3.04
2025-12-17,水,大雪,ホワイトイルミ,5.00,2.00,4.50,4.50,4.28,0,40,523450,2.57,2.75,3.31
2025-12-18,木,大雪,ホワイトイルミ,5.00,3.00,4.50,4.50,4.38,0,39,614870,2.84,2.71,3.42
2025-12-19,金,大雪,ホワイトイルミ,5.00,4.00,4.50,4.50,4.48,0,38,468340,2.40,2.67,3.31
2025-12-20,土,大雪,ホワイトイルミ,5.00,5.00,4.50,4.50,4.80,21,35,713020,3.13,3.46,3.90
2025-12-21,日,大雪,ホワイトイルミ,5.00,4.00,4.50,4.50,4.48,30,37,835960,3.50,3.94,4.02
2025-12-22,月,冬至,ホワイトイルミ,5.00,2.00,5.00,4.50,4.33,0,38,588410,2.76,2.67,3.36
2025-12-23,火,冬至,ホワイトイルミ,5.00,2.00,5.00,4.50,4.33,16,38,911700,3.73,3.37,3.86
2025-12-24,水,冬至,ホワイトイルミ,5.00,2.00,5.00,4.50,4.33,10,36,840410,3.51,3.02,3.69
2025-12-25,木,冬至,ホワイトイルミ,5.00,3.00,5.00,4.50,4.44,0,36,759780,3.27,2.58,3.53
2025-12-26,金,冬至,,5.00,4.00,5.00,,4.65,0,0,3000,1.01,1.00,2.46
2025-12-27,土,冬至,,5.00,5.00,5.00,,5.00,34,39,658530,2.97,4.20,4.15
2025-12-28,日,冬至,年末,5.00,4.00,5.00,2.50,4.65,30,41,662150,2.98,4.11,3.99
2025-12-29,月,冬至,年末,5.00,2.00,5.00,2.50,3.95,0,40,452240,2.35,2.75,3.11
2025-12-30,火,冬至,年末,5.00,2.00,5.00,2.50,3.95,0,38,667300,3.00,2.67,3.28
2025-12-31,水,冬至,年末,5.00,2.00,5.00,2.50,3.95,0,0,0,1.00,1.00,1.98
2026-01-01,木,冬至,元旦,2.00,3.00,5.00,3.00,3.55,0,0,0,1.00,1.00,1.77
2026-01-02,金,冬至,正月三が日,2.00,4.00,5.00,2.50,3.90,0,42,639670,2.91,2.84,3.28
2026-01-03,土,冬至,正月三が日,2.00,5.00,5.00,2.50,4.25,28,39,572300,2.71,3.94,3.69
2026-01-04,日,冬至,正月明け,2.00,4.00,5.00,1.50,3.90,24,38,643920,2.93,3.72,3.56
2026-01-05,月,小寒,正月明け,2.00,2.00,1.50,1.50,1.80,0,37,541200,2.62,2.62,2.29
2026-01-06,火,小寒,,2.00,2.00,1.50,,1.80,0,31,408680,2.22,2.36,2.09
2026-01-07,水,小寒,,2.00,2.00,1.50,,1.80,0,31,463060,2.39,2.36,2.15
2026-01-08,木,小寒,,2.00,3.00,1.50,,2.15,0,22,272900,1.82,1.96,1.99
2026-01-09,金,小寒,,2.00,4.00,1.50,,2.50,0,30,362560,2.08,2.32,2.32
2026-01-10,土,小寒,,2.00,5.00,1.50,,2.85,21,30,489710,2.47,3.24,2.85
2026-01-11,日,小寒,,2.00,4.00,1.50,,2.50,17,33,483890,2.45,3.19,2.69
2026-01-12,月,小寒,,2.00,2.00,1.50,,1.80,15,34,497130,2.49,3.15,2.41
2026-01-13,火,小寒,祝日,2.00,2.00,1.50,4.00,3.34,0,0,0,1.00,1.00,1.67
2026-01-14,水,小寒,,2.00,2.00,1.50,,1.80,0,32,409810,2.23,2.40,2.11
2026-01-15,木,小寒,,2.00,3.00,1.50,,2.15,0,29,389350,2.16,2.27,2.19
2026-01-16,金,小寒,,2.00,4.00,1.50,,2.50,0,34,395800,2.18,2.49,2.40
2026-01-17,土,小寒,,2.00,5.00,1.50,,2.85,17,36,497350,2.49,3.32,2.88
2026-01-18,日,小寒,,2.00,4.00,1.50,,2.50,16,30,395050,2.18,3.02,2.56
2026-01-19,月,小寒,,2.00,2.00,1.50,,1.80,0,34,422890,2.27,2.49,2.15
2026-01-20,火,大寒,,2.00,2.00,1.80,,1.92,0,21,290360,1.87,1.92,1.91
2026-01-21,水,大寒,,2.00,2.00,1.80,,1.92,0,24,300620,1.90,2.05,1.95
2026-01-22,木,大寒,,2.00,3.00,1.80,,2.27,0,29,389260,2.16,2.27,2.24
2026-01-23,金,大寒,,2.00,4.00,1.80,,2.62,0,31,389970,2.17,2.36,2.41
2026-01-24,土,大寒,,2.00,5.00,1.80,,2.97,13,40,586940,2.76,3.32,3.01
2026-01-25,日,大寒,,2.00,4.00,1.80,,2.62,3,24,265930,1.80,2.18,2.24
2026-01-26,月,大寒,,2.00,2.00,1.80,,1.92,0,27,265500,1.79,2.18,1.96
2026-01-27,火,大寒,,2.00,2.00,1.80,,1.92,0,34,392770,2.18,2.49,2.17
2026-01-28,水,大寒,,2.00,2.00,1.80,,1.92,0,21,277390,1.83,1.92,1.89
2026-01-29,木,大寒,,2.00,3.00,1.80,,2.27,0,24,275980,1.83,2.05,2.07
2026-01-30,金,大寒,,2.00,4.00,1.80,,2.62,0,33,358340,2.07,2.45,2.40
2026-01-31,土,大寒,,2.00,5.00,1.80,,2.97,2,33,805270,3.41,2.53,2.97
2026-02-01,日,大寒,,3.00,4.00,1.80,,2.87,18,38,586930,2.76,3.46,3.01
2026-02-02,月,大寒,,3.00,2.00,1.80,,2.17,0,31,400990,2.20,2.36,2.24
2026-02-03,火,大寒,,3.00,2.00,1.80,,2.17,0,35,464800,2.39,2.53,2.34
2026-02-04,水,立春,雪まつり,3.00,2.00,2.80,4.50,3.92,0,32,440920,2.32,2.40,2.98
2026-02-05,木,立春,雪まつり,3.00,3.00,2.80,4.50,4.03,0,32,343550,2.03,2.40,2.94
2026-02-06,金,立春,雪まつり,3.00,4.00,2.80,4.50,4.13,0,38,477640,2.43,2.67,3.18
2026-02-07,土,立春,雪まつり,3.00,5.00,2.80,4.50,4.24,15,38,520052,2.56,3.32,3.46
2026-02-08,日,立春,雪まつり,3.00,4.00,2.80,4.50,4.13,5,32,401220,2.20,2.62,3.10
2026-02-09,月,立春,雪まつり,3.00,2.00,2.80,4.50,3.92,0,32,407680,2.22,2.40,2.95
2026-02-10,火,立春,雪まつり,3.00,2.00,2.80,4.50,3.92,0,37,440420,2.32,2.62,3.05
2026-02-11,水,立春,雪まつり,3.00,2.00,2.80,4.50,3.92,0,0,0,1.00,1.00,1.96
2026-02-12,木,立春,,3.00,3.00,2.80,,2.92,0,0,0,1.00,1.00,1.46
2026-02-13,金,立春,,3.00,4.00,2.80,,3.27,0,0,0,1.00,1.00,1.64
2026-02-14,土,立春,,3.00,5.00,2.80,,3.62,0,0,0,1.00,1.00,1.81
2026-02-15,日,立春,,3.00,4.00,2.80,,3.27,0,0,0,1.00,1.00,1.64
2026-02-16,月,立春,,3.00,2.00,2.80,,2.57,0,0,0,1.00,1.00,1.28
2026-02-17,火,立春,,3.00,2.00,2.80,,2.57,0,0,0,1.00,1.00,1.28
2026-02-18,水,立春,,3.00,2.00,2.80,,2.57,0,0,0,1.00,1.00,1.28
2026-02-19,木,雨水,,3.00,3.00,3.20,,3.08,0,0,0,1.00,1.00,1.54
2026-02-20,金,雨水,,3.00,4.00,3.20,,3.43,0,0,0,1.00,1.00,1.72
2026-02-21,土,雨水,,3.00,5.00,3.20,,3.78,0,0,0,1.00,1.00,1.89
2026-02-22,日,雨水,,3.00,4.00,3.20,,3.43,0,0,0,1.00,1.00,1.72
2026-02-23,月,雨水,祝日,3.00,2.00,3.20,4.00,3.62,0,0,0,1.00,1.00,1.81
2026-02-24,火,雨水,,3.00,2.00,3.20,,2.73,0,0,0,1.00,1.00,1.36
2026-02-25,水,雨水,,3.00,2.00,3.20,,2.73,0,0,0,1.00,1.00,1.36
2026-02-26,木,雨水,,3.00,3.00,3.20,,3.08,0,0,0,1.00,1.00,1.54
2026-02-27,金,雨水,,3.00,4.00,3.20,,3.43,0,0,0,1.00,1.00,1.72
2026-02-28,土,雨水,,3.00,5.00,3.20,,3.78,0,0,0,1.00,1.00,1.89
