date,weekday,l_count,l_food,l_drink,l_total,l_avg,d_count,d_food,d_drink,d_total,d_avg,to_total,seat_fee,lock_fee,flower,curry,grand_total
2023-04-01,土,0,0,0,0,0,0,0,0,0,0,0,0,0,0,0,0
2023-04-02,日,0,0,0,0,0,0,0,0,0,0,0,0,0,0,0,0
2023-04-03,月,0,0,0,0,0,0,0,0,0,0,0,0,0,0,0,0
2023-04-04,火,0,0,0,0,0,0,0,0,0,0,0,0,0,0,0,0
2023-04-05,水,0,0,0,0,0,0,0,0,0,0,0,0,0,0,0,0
2023-04-06,木,0,0,0,0,0,0,0,0,0,0,0,0,0,0,0,0
2023-04-07,金,0,0,0,0,0,0,0,0,0,0,0,0,0,0,0,0
2023-04-08,土,0,0,0,0,0,0,0,0,0,0,0,0,0,0,0,0
2023-04-09,日,0,0,0,0,0,0,0,0,0,0,0,0,0,0,0,0
2023-04-10,月,0,0,0,0,0,0,0,0,0,0,0,0,0,0,0,0
2023-04-11,火,0,0,0,0,0,0,0,0,0,0,0,0,0,0,0,0
2023-04-12,水,0,0,0,0,0,0,0,0,0,0,0,0,0,0,0,0
2023-04-13,木,0,0,0,0,0,0,0,0,0,0,0,0,0,0,0,0
2023-04-14,金,0,0,0,0,0,0,0,0,0,0,0,0,0,0,0,0
2023-04-15,土,0,0,0,0,0,0,0,0,0,0,0,0,0,0,0,0
2023-04-16,日,0,0,0,0,0,0,0,0,0,0,0,0,0,0,0,0
2023-04-17,月,0,0,0,0,0,0,0,0,0,0,0,0,0,0,0,0
2023-04-18,火,0,0,0,0,0,0,0,0,0,0,0,0,0,0,0,0
2023-04-19,水,0,0,0,0,0,0,0,0,0,0,0,0,0,0,0,0
2023-04-20,木,0,0,0,0,0,0,0,0,0,0,0,0,0,0,0,0
2023-04-21,金,0,0,0,0,0,0,0,0,0,0,0,0,0,0,0,0
2023-04-22,土,0,0,0,0,0,0,0,0,0,0,0,0,0,0,0,0
2023-04-23,日,0,0,0,0,0,0,0,0,0,0,0,0,0,0,0,0
2023-04-24,月,0,0,0,0,0,0,0,0,0,0,0,0,0,0,0,0
2023-04-25,火,0,0,0,0,0,0,0,0,0,0,0,0,0,0,0,0
2023-04-26,水,0,0,0,0,0,0,0,0,0,0,0,0,0,0,0,0
2023-04-27,木,0,0,0,0,0,18,171270,24820,196090,10893,37850,12100,1650,3300,0,213140
2023-04-28,金,0,0,0,0,0,29,291920,42720,334640,11539,92500,11000,3300,3300,0,352240
2023-04-29,土,22,42790,9660,52450,2384,42,396970,92330,489300,11650,114750,15400,1650,0,0,558800
2023-04-30,日,29,78320,13630,91950,3170,32,304700,37030,341730,10679,130400,19800,1650,0,0,455130
2023-05-01,月,25,55550,13900,69450,2778,29,246400,47060,293460,10119,89500,17050,39650,0,0,419610
2023-05-02,火,23,62040,11210,73250,3184,41,370020,58840,428860,10460,134900,17600,4070,0,0,523780
2023-05-03,水,40,144650,17690,162340,4058,35,299310,53980,353290,10094,237550,17050,0,0,0,532680
2023-05-04,木,30,96360,17060,113420,3780,39,354310,73990,428300,10982,277950,20900,0,0,0,562620
2023-05-05,金,24,91740,20760,112500,4687,40,290180,78260,368440,9211,231700,18150,2860,3300,0,505250
2023-05-06,土,12,46310,10820,57130,4760,20,226050,39320,265370,13268,68700,17050,1650,0,0,341200
2023-05-07,日,17,46640,3250,49890,2934,27,280280,64540,344820,12771,155500,15950,0,0,0,410660
2023-05-08,月,0,0,0,0,0,30,260700,43140,303840,10128,56150,16500,105000,0,0,425340
2023-05-09,火,0,0,0,0,0,26,226820,33190,260010,10000,58600,17050,3300,0,0,280360
2023-05-10,水,17,232540,31400,263940,15525,32,313940,43290,357230,11163,69900,19800,3300,0,0,644270
2023-05-11,木,0,0,0,0,0,21,213620,30330,243950,11616,72050,17600,0,0,0,261550
2023-05-12,金,0,0,0,0,0,42,375320,85320,460640,10967,58650,17600,0,0,0,478240
2023-05-13,土,26,87450,23690,111140,4274,43,403370,40860,444230,10330,109800,18150,5610,0,0,579130
2023-05-14,日,22,78980,10320,89300,4059,26,193350,43850,237200,9123,158750,13750,1980,0,0,342230
2023-05-15,月,0,0,0,0,0,22,209660,32240,241900,10995,13500,19800,1210,0,0,262910
2023-05-16,火,0,0,0,0,0,38,342540,56640,399180,10504,69900,28600,62000,0,0,489780
2023-05-17,水,0,0,0,0,0,37,334510,74340,408850,11050,54200,26400,0,0,0,435250
2023-05-18,木,0,0,0,0,0,22,231880,41370,273250,12420,53400,15400,3300,0,0,291950
2023-05-19,金,0,0,0,0,0,40,393690,41220,434910,10872,77000,18150,1980,0,0,455040
2023-05-20,土,22,77710,22960,100670,4575,37,301620,50130,351750,9506,137300,24200,0,0,0,476620
2023-05-21,日,7,25190,4010,29200,4171,28,266090,41810,307900,10996,36000,11550,1650,3300,0,353600
2023-05-22,月,0,0,0,0,0,21,200420,37700,238120,11339,35950,15400,56300,0,0,309820
2023-05-23,火,28,93340,16200,109540,3912,40,359920,51260,411180,10279,74350,25850,0,0,0,546570
2023-05-24,水,0,0,0,0,0,30,186560,15950,202510,6750,73200,0,0,0,0,202510
2023-05-25,木,0,0,0,0,0,25,252560,43520,296080,11843,99450,18700,0,0,0,314780
2023-05-26,金,28,96740,16800,113540,4055,27,259380,30970,290350,10753,66250,13750,0,0,0,417640
2023-05-27,土,22,89210,1200,90410,4109,32,263120,51030,314150,9817,204300,32450,1980,0,0,438990
2023-05-28,日,30,100320,16200,116520,3884,25,238260,28610,266870,10674,127300,20350,3300,3300,0,410340
2023-05-29,月,0,0,0,0,0,33,320540,64360,384900,11663,70750,15950,58630,3300,0,462780
2023-05-30,火,0,0,0,0,0,28,304900,38300,343200,12257,49750,18150,1210,0,0,362560
2023-05-31,水,0,0,0,0,0,30,335610,58390,394000,13133,124900,11000,1650,0,0,406650
2023-06-01,木,0,0,0,0,0,37,280280,75100,355380,9604,96750,20900,0,0,0,376280
2023-06-02,金,0,0,0,0,0,29,283030,45750,328780,11337,40250,23650,0,0,0,352430
2023-06-03,土,20,84480,18680,103160,5158,39,344850,52860,397710,10197,34500,26400,0,0,0,527270
2023-06-04,日,23,65120,10610,75730,3292,38,245120,100320,345440,9090,71050,0,0,0,0,421170
2023-06-05,月,0,0,0,0,0,29,242770,52130,294900,10168,65400,25850,54650,0,0,375400
2023-06-06,火,12,40260,20080,60340,5028,25,239470,47940,287410,11496,56500,10450,0,0,0,358200
2023-06-07,水,0,0,0,0,0,23,157080,93190,250270,10881,15350,7700,0,0,0,257970
2023-06-08,木,0,0,0,0,0,28,273460,40050,313510,11196,85550,22000,1650,0,0,337160
2023-06-09,金,0,0,0,0,0,22,201740,39450,241190,10963,550,11000,0,0,0,252190
2023-06-10,土,24,75130,12850,87980,3665,35,309650,39480,349130,9975,78250,28050,4400,0,0,469560
2023-06-11,日,27,91960,15210,107170,3969,36,293040,51680,344720,9575,143700,26400,4070,0,0,482360
2023-06-12,月,0,0,0,0,0,25,231000,48930,279930,11197,88350,20900,96000,0,0,396830
2023-06-13,火,0,0,0,0,0,30,301840,76780,378620,12620,16500,18700,1210,0,0,398530
2023-06-14,水,0,0,0,0,0,36,356840,78470,435310,12091,34600,25850,0,0,0,461160
2023-06-15,木,0,0,0,0,0,34,296780,103830,400610,11782,38000,3850,0,0,0,404460
2023-06-16,金,0,0,0,0,0,29,233420,86600,320020,11035,89550,0,0,0,0,320020
2023-06-17,土,29,90640,15110,105750,3646,37,342210,52280,394490,10661,104550,26950,0,0,0,527190
2023-06-18,日,29,112640,15770,128410,4427,25,234300,40300,274600,10984,69450,34100,0,0,0,437110
2023-06-19,月,0,0,0,0,0,29,235840,29400,265240,9146,58550,12100,41650,0,0,318990
2023-06-20,火,33,132000,0,132000,4000,28,268840,27810,296650,10594,74700,20900,0,0,0,449550
2023-06-21,水,0,0,0,0,0,35,380160,58080,438240,12521,73000,19250,0,0,0,457490
2023-06-22,木,0,0,0,0,0,35,313280,41650,354930,10140,48600,26400,1980,0,0,383310
2023-06-23,金,0,0,0,0,0,29,324390,47640,372030,12828,44200,14300,3190,0,0,389520
2023-06-24,土,30,85140,23610,108750,3625,45,491370,76490,567860,12619,100450,25850,0,0,0,702460
2023-06-25,日,29,107800,29240,137040,4725,38,358870,63040,421910,11102,151050,26950,5170,0,0,591070
2023-06-26,月,0,0,0,0,0,34,339570,43320,382890,11261,74500,23100,0,0,0,405990
2023-06-27,火,0,0,0,0,0,31,298320,34620,332940,10740,76850,24200,64210,0,0,421350
2023-06-28,水,0,0,0,0,0,40,325600,52220,377820,9445,52750,23100,1210,0,0,402130
2023-06-29,木,0,0,0,0,0,23,265650,13160,278810,12122,19200,0,0,0,0,278810
2023-06-30,金,0,0,0,0,0,40,387830,62480,450310,11257,22850,22000,0,0,0,472310
2023-07-01,土,37,135905,32390,168295,4548,29,261450,44570,306020,10552,35500,23650,0,0,0,497965
2023-07-02,日,29,90310,15120,105430,3635,32,273900,43120,317020,9906,93550,33000,0,0,0,455450
2023-07-03,月,0,0,0,0,0,31,253990,59680,313670,10118,50700,15950,72210,0,0,401830
2023-07-04,火,0,0,0,0,0,31,274340,51500,325840,10510,84750,23100,1210,0,0,350150
2023-07-05,水,0,0,0,0,0,25,228800,31310,260110,10404,63740,22000,0,0,0,282110
2023-07-06,木,0,0,0,0,0,24,230340,26240,256580,10690,4850,24200,1210,0,0,281990
2023-07-07,金,0,0,0,0,0,42,372350,82690,455040,10834,74240,13200,2420,0,0,470660
2023-07-08,土,45,105760,12210,117970,2621,38,389070,54420,443490,11670,116030,16500,1210,0,0,579170
2023-07-09,日,24,78870,8400,87270,3636,31,276960,42250,319210,10297,113760,22550,2860,0,0,431890
2023-07-10,月,0,0,0,0,0,32,311960,42680,354640,11082,74300,17050,68000,0,0,439690
2023-07-11,火,0,0,0,0,0,25,239690,33610,273300,10932,26450,23100,0,0,0,296400
2023-07-12,水,0,0,0,0,0,29,285060,58990,344050,11863,32650,19250,0,0,0,363300
2023-07-13,木,0,0,0,0,0,28,300060,48360,348420,12443,57350,21450,0,0,0,369870
2023-07-14,金,0,0,0,0,0,38,370480,52750,423230,11137,55150,17050,0,0,0,440280
2023-07-15,土,19,71720,11960,83680,4404,36,316690,59640,376330,10453,12930,30250,1650,0,0,491910
2023-07-16,日,39,108130,33580,141710,3633,33,344790,110470,455260,13795,120800,28050,3190,0,0,628210
2023-07-17,月,17,84920,11850,96770,5692,36,261250,34980,296230,8228,60300,9900,520,0,0,403420
2023-07-18,火,0,0,0,0,0,27,253330,18040,271370,10050,54600,22550,32000,0,0,325920
2023-07-19,水,0,0,0,0,0,31,279730,33580,313310,10106,64400,18700,0,0,0,332010
2023-07-20,木,0,0,0,0,0,30,301290,52230,353520,11784,71800,12650,0,0,0,366170
2023-07-21,金,0,0,0,0,0,30,260920,50930,311850,10395,94850,28050,2420,0,0,342320
2023-07-22,土,33,95810,25970,121780,3690,33,297000,45150,342150,10368,117350,20900,7590,0,0,492420
2023-07-23,日,32,110220,42360,152580,4768,27,283250,41180,324430,12015,137550,26400,1650,0,0,505060
2023-07-24,月,0,0,0,0,0,32,271480,35780,307260,9601,58250,24200,79000,0,0,410460
2023-07-25,火,0,0,0,0,0,30,270930,38970,309900,10330,32150,15400,2860,0,0,328160
2023-07-26,水,0,0,0,0,0,26,281050,41040,322090,12388,120300,17600,0,0,0,339690
2023-07-27,木,0,0,0,0,0,27,249700,31760,281460,10424,72700,12650,0,0,0,294110
2023-07-28,金,0,0,0,0,0,35,325820,101850,427670,12219,128000,16500,1650,0,0,445820
2023-07-29,土,32,92290,15550,107840,3370,30,272690,60320,333010,11100,110700,22550,1980,0,0,465380
2023-07-30,日,20,55770,4470,60240,3012,31,336270,64830,401100,12938,69150,20900,1980,0,0,484220
2023-07-31,月,0,0,0,0,0,35,345290,46990,392280,11208,42050,16500,49650,0,0,458430
2023-08-01,火,0,0,0,0,0,27,236370,49720,286090,10595,95500,19800,0,0,0,305890
2023-08-02,水,0,0,0,0,0,32,283690,35430,319120,9972,78200,18700,1650,0,0,339470
2023-08-03,木,0,0,0,0,0,29,219120,42330,261450,9015,64700,14850,0,0,0,276300
2023-08-04,金,0,0,0,0,0,27,245630,43080,288710,10692,39800,13200,1650,0,0,303560
2023-08-05,土,19,60830,20790,81620,4295,30,274010,62480,336490,11216,40650,28050,3630,3300,0,453090
2023-08-06,日,15,56980,5240,62220,4148,33,322630,31000,353630,10716,15950,22550,0,0,0,438400
2023-08-07,月,0,0,0,0,0,40,347270,45910,393180,9829,65400,30800,48980,0,0,472960
2023-08-08,火,0,0,0,0,0,34,346390,46330,392720,11550,75800,23650,0,0,0,416370
2023-08-09,水,0,0,0,0,0,31,297220,37870,335090,10809,95200,22000,4840,0,0,361930
2023-08-10,木,0,0,0,0,0,30,263010,48200,311210,10373,89900,20900,27000,0,0,359110
2023-08-11,金,39,103620,19010,122630,3144,31,305560,41910,347470,11208,150050,29700,1980,0,0,501780
2023-08-12,土,38,103950,24540,128490,3381,33,271370,61690,333060,10092,111650,29150,0,0,0,490700
2023-08-13,日,37,117040,15620,132660,3585,38,336250,43620,379870,9996,136900,25850,2860,0,0,541240
2023-08-14,月,0,0,0,0,0,35,340120,63470,403590,11531,134900,16500,0,0,0,420090
2023-08-15,火,0,0,0,0,0,30,284000,34330,318330,10611,60250,17600,49650,0,0,385580
2023-08-16,水,0,0,0,0,0,25,242440,35500,277940,11117,15100,6600,1650,3300,0,289490
2023-08-17,木,0,0,0,0,0,31,274560,29180,303740,9798,27450,20350,1210,0,0,325300
2023-08-18,金,0,0,0,0,0,37,304920,40640,345560,9339,113400,17600,0,0,0,363160
2023-08-19,土,34,102080,17230,119310,3509,35,353800,42790,396590,11331,75500,17050,1650,0,0,534600
2023-08-20,日,31,89100,11220,100320,3236,31,324390,37480,361870,11673,72400,14850,0,0,0,477040
2023-08-21,月,0,0,0,0,0,36,291260,63840,355100,9863,93400,17600,24000,0,0,396700
2023-08-22,火,0,0,0,0,0,30,286310,58000,344310,11477,97250,15400,1210,0,0,360920
2023-08-23,水,0,0,0,0,0,38,333190,68200,401390,10562,80750,25300,3630,0,0,430320
2023-08-24,木,0,0,0,0,0,42,332970,58420,391390,9318,36400,25300,0,0,0,416690
2023-08-25,金,0,0,0,0,0,32,258940,55780,314720,9835,96400,28050,1980,0,0,344750
2023-08-26,土,21,69190,14610,83800,3990,31,293590,55100,348690,11248,10500,23650,3190,0,0,459330
2023-08-27,日,16,63250,10270,73520,4595,26,247720,48100,295820,11377,800,23100,0,0,0,392440
2023-08-28,月,0,0,0,0,0,35,273790,50260,324050,9258,62300,22550,26210,0,0,372810
2023-08-29,火,0,0,0,0,0,28,284570,43500,328070,11716,80750,20350,0,0,0,348420
2023-08-30,水,0,0,0,0,0,30,273790,38660,312450,10415,25400,19800,0,0,0,332250
2023-08-31,木,0,0,0,0,0,29,287630,49920,337550,11639,4600,18700,1210,0,0,357460
2023-09-01,金,0,0,0,0,0,24,242220,34460,276680,11528,0,16500,0,0,0,293180
2023-09-02,土,33,92070,15380,107450,3256,29,315150,53370,368520,12707,94400,23650,1980,0,0,501600
2023-09-03,日,28,117920,49260,167180,5970,30,269720,26350,296070,9869,144700,20900,0,0,0,484150
2023-09-04,月,0,0,0,0,0,27,239140,170900,410040,15186,44150,0,0,0,0,410040
2023-09-05,火,0,0,0,0,0,39,353760,65770,419530,10757,44850,22550,0,0,0,442080
2023-09-06,水,0,0,0,0,0,28,292490,31370,323860,11566,31350,23100,0,0,0,346960
2023-09-07,木,0,0,0,0,0,31,275550,70930,346480,11176,37600,16500,1650,0,0,364630
2023-09-08,金,0,0,0,0,0,37,325930,45020,370950,10025,51050,22000,0,0,0,392950
2023-09-09,土,26,76560,13260,89820,3454,27,250800,39300,290100,10744,67950,19800,0,0,0,399720
2023-09-10,日,33,112420,19440,131860,3995,27,243100,85800,328900,12181,118800,4950,0,0,0,465710
2023-09-11,月,0,0,0,0,0,30,227150,48570,275720,9190,54800,22000,0,0,0,297720
2023-09-12,火,0,0,0,0,0,18,177320,32470,209790,11655,0,15400,1210,0,0,226400
2023-09-13,水,0,0,0,0,0,30,280390,44640,325030,10834,45750,14300,0,0,0,339330
2023-09-14,木,37,61050,0,61050,1650,25,241650,34420,276070,11042,9800,5500,5940,0,0,348560
2023-09-15,金,29,96140,10100,106240,3663,37,322960,109400,432360,11685,51250,23100,1980,0,0,563680
2023-09-16,土,25,82500,19300,101800,4072,31,279400,44650,324050,10453,108550,19800,0,0,0,445650
2023-09-17,日,44,115720,11650,127370,2894,27,184360,108700,293060,10854,109550,3300,0,0,0,423730
2023-09-18,月,25,94930,24360,119290,4771,31,272030,64710,336740,10862,55250,7700,59980,0,0,523710
2023-09-19,火,0,0,0,0,0,31,321310,65380,386690,12473,20650,18150,3190,0,0,408030
2023-09-20,水,0,0,0,0,0,29,245410,25370,270780,9337,57050,20900,3630,0,0,295310
2023-09-21,木,0,0,0,0,0,32,314490,76550,391040,12220,46500,14850,3300,0,0,409190
2023-09-22,金,0,0,0,0,0,36,344300,82700,427000,11861,56050,20350,0,0,0,447350
2023-09-23,土,20,75460,8990,84450,4222,37,399740,80160,479900,12970,80500,25850,1650,0,0,591850
2023-09-24,日,35,121110,12550,133660,3818,33,315260,28420,343680,10414,160050,33000,0,0,0,510340
2023-09-25,月,0,0,0,0,0,29,261910,38690,300600,10365,47600,15950,84000,0,0,400550
2023-09-26,火,0,0,0,0,0,30,248380,50850,299230,9974,22250,17600,0,0,0,316830
2023-09-27,水,0,0,0,0,0,30,295240,58900,354140,11804,49550,15400,1980,0,0,371520
2023-09-28,木,0,0,0,0,0,26,278300,60150,338450,13017,6300,16500,0,0,0,354950
2023-09-29,金,0,0,0,0,0,38,346610,48790,395400,10405,44150,20350,0,0,0,415750
2023-09-30,土,19,52580,3770,56350,2965,31,312950,43830,356780,11509,79300,23100,1210,0,0,437440
2023-10-01,日,28,106150,20940,127090,4538,38,423280,83030,506310,13323,70700,26950,11880,0,0,672230
2023-10-02,月,0,0,0,0,0,42,258280,12800,271080,6454,40000,0,3120,0,0,274200
2023-10-03,火,0,0,0,0,0,36,350240,52500,402740,11187,50200,23100,1560,0,0,427400
2023-10-04,水,0,0,0,0,0,26,219540,46190,265730,10220,80300,15950,49210,0,0,330890
2023-10-05,木,0,0,0,0,0,35,218460,71890,290350,8295,500,0,0,0,0,290350
2023-10-06,金,0,0,0,0,0,24,240900,20710,261610,10900,12000,16500,0,0,0,278110
2023-10-07,土,11,38720,6060,44780,4070,44,445610,66130,511740,11630,18300,22550,2420,0,0,581490
2023-10-08,日,37,100364,18390,118754,3209,30,286000,53390,339390,11313,218800,30800,2420,0,0,491364
2023-10-09,月,30,99462,17280,116742,3891,30,256170,65490,321660,10722,128250,31900,1210,0,0,471512
2023-10-10,火,0,0,0,0,0,22,185240,36700,221940,10088,79100,17600,58770,0,0,298310
2023-10-11,水,0,0,0,0,0,29,210210,28130,238340,8218,92450,19800,3120,0,0,261260
2023-10-12,木,36,118745,65760,184505,5125,31,296890,34740,331630,10697,49400,27500,0,0,0,543635
2023-10-13,金,0,0,0,0,0,15,180000,80140,260140,17342,90750,0,4680,0,0,264820
2023-10-14,土,25,93720,16560,110280,4411,33,335280,45650,380930,11543,116000,24200,0,0,0,515410
2023-10-15,日,34,105886,38320,144206,4241,31,296890,38560,335450,10820,160550,28050,0,0,0,507706
2023-10-16,月,0,0,0,0,0,39,247280,10920,258200,6620,82450,3300,53000,0,0,314500
2023-10-17,火,0,0,0,0,0,37,360140,51900,412040,11136,15200,23100,0,0,0,435140
2023-10-18,水,0,0,0,0,0,33,319220,52460,371680,11263,105200,23100,0,0,0,394780
2023-10-19,木,0,0,0,0,0,30,287210,55620,342830,11427,30750,20350,1560,0,0,364740
2023-10-20,金,0,0,0,0,0,32,263890,39340,303230,9475,9800,18700,1210,0,0,323140
2023-10-21,土,27,98890,11660,110550,4094,30,249810,38630,288440,9614,74500,31350,0,0,0,430340
2023-10-22,日,38,117804,21220,139024,3658,31,304460,63660,368120,11874,89150,23100,3300,0,0,533544
2023-10-23,月,0,0,0,0,0,33,300190,61180,361370,10950,112250,28050,0,0,0,389420
2023-10-24,火,0,0,0,0,0,31,281320,49220,330540,10662,84550,22550,93000,0,0,446090
2023-10-25,水,0,0,0,0,0,54,475200,37800,513000,9500,111000,0,0,0,0,513000
2023-10-26,木,0,0,0,0,0,29,280700,47330,328030,11311,83850,20900,0,0,0,348930
2023-10-27,金,0,0,0,0,0,29,264880,34680,299560,10329,50800,19800,0,0,0,319360
2023-10-28,土,28,84524,9160,93684,3345,31,309200,47500,356700,11506,99150,32450,0,0,0,482834
2023-10-29,日,25,100100,11030,111130,4445,31,288970,37000,325970,10515,154550,30800,1650,0,0,469550
2023-10-30,月,0,0,0,0,0,29,268950,42770,311720,10748,136700,17600,52860,0,0,382180
2023-10-31,火,0,0,0,0,0,31,296230,29520,325750,10508,67100,23650,0,0,0,349400
2023-11-01,水,0,0,0,0,0,24,222420,27360,249780,10407,15250,16500,0,0,0,266280
2023-11-02,木,0,0,0,0,0,37,341620,64270,405890,10970,68750,27500,1210,0,0,434600
2023-11-03,金,22,63360,11350,74710,3395,35,339790,49880,389670,11133,45850,24750,1650,0,0,490780
2023-11-04,土,27,95700,7270,102970,3813,37,373230,69090,442320,11954,171650,29150,2770,0,0,577210
2023-11-05,日,31,97130,11180,108310,3493,33,298210,46580,344790,10448,116850,28050,0,0,0,481150
2023-11-06,月,0,0,0,0,0,25,269830,48230,318060,12722,12800,18150,0,0,0,336210
2023-11-07,火,0,0,0,0,0,27,276430,31750,308180,11414,45550,19800,70000,0,0,397980
2023-11-08,水,0,0,0,0,0,29,269610,43020,312630,10780,56750,23100,4770,0,0,340500
2023-11-09,木,0,0,0,0,0,28,265540,36190,301730,10776,51650,19800,2770,0,0,324300
2023-11-10,金,0,0,0,0,0,17,177320,34630,211950,12467,3550,13750,0,0,0,225700
2023-11-11,土,20,64570,2050,66620,3331,38,396770,67070,463840,12206,32650,26400,1560,0,0,558420
2023-11-12,日,29,109890,16810,126700,4368,37,329890,44110,374000,10108,78350,37950,1560,0,0,540210
2023-11-13,月,0,0,0,0,0,10,94820,12910,107730,10773,50600,11000,0,0,0,118730
2023-11-14,火,0,0,0,0,0,23,214370,48100,262470,11411,19550,14850,1210,0,0,278530
2023-11-15,水,0,0,0,0,0,29,292710,49970,342680,11816,50800,22550,31000,0,0,396230
2023-11-16,木,0,0,0,0,0,35,380105,27670,407775,11650,72700,9900,1650,0,0,419325
2023-11-17,金,0,0,0,0,0,4,35200,10470,45670,11417,4600,0,0,0,0,45670
2023-11-18,土,12,21890,4220,26110,2175,36,351120,61980,413100,11475,51950,22000,0,0,0,461210
2023-11-19,日,26,89650,12080,101730,3912,30,280390,47410,327800,10926,73650,29700,0,0,0,459230
2023-11-20,月,0,0,0,0,0,36,335260,50230,385490,10708,35200,26950,56000,0,0,468440
2023-11-21,火,0,0,0,0,0,31,284350,53400,337750,10895,65250,21450,1560,0,0,360760
2023-11-22,水,0,0,0,0,0,37,341310,66990,408300,11035,34050,20350,0,0,0,428650
2023-11-23,木,28,119680,9050,128730,4597,39,404340,43530,447870,11483,68700,28600,0,0,0,605200
2023-11-24,金,0,0,0,0,0,0,0,0,0,0,2750,0,0,0,0,0
2023-11-25,土,0,0,0,0,0,0,0,0,0,0,0,0,0,0,0,0
2023-11-26,日,26,82700,17940,100640,3870,32,276560,42660,319220,9975,63800,13200,0,0,0,433060
2023-11-27,月,0,0,0,0,0,32,316670,56340,373010,11656,38450,24750,65000,0,0,462760
2023-11-28,火,0,0,0,0,0,25,242330,36930,279260,11170,41650,20350,6310,0,0,305920
2023-11-29,水,0,0,0,0,0,30,327360,56980,384340,12811,16600,22550,1210,0,0,408100
2023-11-30,木,0,0,0,0,0,14,141020,22350,163370,11669,47600,12100,0,0,0,175470
2023-12-01,金,0,0,0,0,0,46,267520,24350,291870,6345,53600,20900,0,0,0,312770
2023-12-02,土,33,108790,28180,136970,4150,38,426100,61650,487750,12835,86800,32450,0,0,0,657170
2023-12-03,日,22,79860,9890,89750,4079,26,284460,56130,340590,13099,81850,24200,3980,0,0,458520
2023-12-04,月,0,0,0,0,0,32,333850,64940,398790,12462,67000,14850,58650,0,0,472290
2023-12-05,火,0,0,0,0,0,20,189750,39590,229340,11467,37950,19800,1210,0,0,250350
2023-12-06,水,0,0,0,0,0,25,278850,31980,310830,12433,32950,19800,2860,0,0,333490
2023-12-07,木,0,0,0,0,0,25,261030,44710,305740,12229,8700,23100,0,0,0,328840
2023-12-08,金,0,0,0,0,0,25,264990,37690,302680,12107,43000,19800,3210,0,0,325690
2023-12-09,土,0,0,0,0,0,38,415030,43200,458230,12058,5100,22000,0,0,0,480230
2023-12-10,日,29,88550,12300,100850,3477,36,366520,50050,416570,11571,67850,30250,6330,0,0,554000
2023-12-11,月,0,0,0,0,0,25,242880,32060,274940,10997,88550,16500,59000,0,0,350440
2023-12-12,火,0,0,0,0,0,38,416240,46920,463160,12188,32000,6600,1560,0,0,471320
2023-12-13,水,0,0,0,0,0,0,0,0,0,0,0,0,0,0,0,0
2023-12-14,木,0,0,0,0,0,0,0,0,0,0,0,0,0,0,0,0
2023-12-15,金,0,0,0,0,0,34,353320,60200,413520,12162,72350,20900,1650,0,0,436070
2023-12-16,土,28,97680,17260,114940,4105,38,462440,77190,539630,14200,53500,12100,0,0,0,666670
2023-12-17,日,0,0,0,0,0,0,0,0,0,0,0,0,0,0,0,0
2023-12-18,月,0,0,0,0,0,31,335720,53680,389400,12561,23750,21450,28560,0,0,439410
2023-12-19,火,0,0,0,0,0,33,417560,66150,483710,14657,87550,24200,0,0,0,507910
2023-12-20,水,0,0,0,0,0,33,379590,57920,437510,13257,104200,19800,0,0,0,457310
2023-12-21,木,0,0,0,0,0,37,393690,52690,446380,12064,99900,22550,0,0,0,468930
2023-12-22,金,0,0,0,0,0,34,575850,80890,656740,19315,99400,52800,0,0,0,709540
2023-12-23,土,28,115390,32510,147900,5282,37,613470,76530,690000,18648,132600,71500,1210,0,0,910610
2023-12-24,日,29,112310,23460,135770,4681,38,617650,394020,1011670,26622,202700,64900,1560,0,0,1213900
2023-12-25,月,20,114840,20700,135540,6777,33,547470,97570,645040,19546,156050,52800,75560,0,0,908940
2023-12-26,火,0,0,0,0,0,31,287980,33370,321350,10366,135350,13200,1560,0,0,336110
2023-12-27,水,0,0,0,0,0,41,421740,73610,495350,12081,119100,27500,1650,0,0,524500
2023-12-28,木,0,0,0,0,0,39,349030,44850,393880,10099,170930,22000,0,0,0,415880
2023-12-29,金,0,0,0,0,0,37,335390,45980,381370,10307,165500,26950,0,0,0,408320
2023-12-30,土,31,110814,20750,131564,4244,44,421080,46280,467360,10621,144400,33550,1650,0,0,634124
2023-12-31,日,36,135520,24930,160450,4456,0,0,0,0,0,31950,11000,43000,0,0,214450
2024-01-01,月,0,0,0,0,0,0,0,0,0,0,62150,0,0,0,0,0
2024-01-02,火,0,0,0,0,0,37,381920,103230,485150,13112,106700,11000,1210,0,0,497360
2024-01-03,水,0,0,0,0,0,32,256300,48880,305180,9536,104600,24750,1560,0,0,331490
2024-01-04,木,0,0,0,0,0,37,336430,65830,402260,10871,164550,22550,3210,0,0,431320
2024-01-05,金,0,0,0,0,0,29,277090,33380,310470,10705,15150,23650,0,0,0,334120
2024-01-06,土,21,53812,6270,60082,2861,32,277750,33300,311050,9720,82100,31350,0,0,0,402482
2024-01-07,日,16,56540,11580,68120,4257,38,367840,39550,407390,10720,45900,16500,1650,0,0,493660
2024-01-08,月,0,0,0,0,0,20,176220,22010,198230,9911,16550,11000,0,0,0,209230
2024-01-09,火,0,0,0,0,0,22,221650,52930,274580,12480,29050,15400,4680,0,0,294660
2024-01-10,水,0,0,0,0,0,16,136070,19320,155390,9711,11150,15400,0,0,0,170790
2024-01-11,木,0,0,0,0,0,24,171140,35940,207080,8628,45550,19800,1650,0,0,237770
2024-01-12,金,0,0,0,0,0,23,175670,16280,191950,8345,44950,7700,0,0,0,199650
2024-01-13,土,16,43890,8830,52720,3295,27,216130,38470,254600,9429,44450,7700,0,0,0,315020
2024-01-14,日,13,48840,2170,51010,3923,22,219120,49310,268430,12201,57850,20900,1560,0,0,341900
2024-01-15,月,0,0,0,0,0,0,0,0,0,0,0,0,0,0,0,0
2024-01-16,火,0,0,0,0,0,0,0,0,0,0,0,0,0,0,0,0
2024-01-17,水,0,0,0,0,0,12,107580,14640,122220,10185,34800,7700,1560,0,0,131480
2024-01-18,木,0,0,0,0,0,13,116930,12280,129210,9939,54250,2200,0,0,0,131410
2024-01-19,金,0,0,0,0,0,24,208890,48510,257400,10725,59550,19250,0,0,0,276650
2024-01-20,土,11,40150,6640,46790,4253,30,276100,58790,334890,11163,47050,16500,1560,0,0,399740
2024-01-21,日,12,44220,11310,55530,4627,24,199390,24930,224320,9346,59350,7700,0,0,0,287550
2024-01-22,月,0,0,0,0,0,12,126060,19520,145580,12131,48900,6600,1650,0,0,153830
2024-01-23,火,0,0,0,0,0,12,92070,21580,113650,9470,56700,6600,0,0,0,123550
2024-01-24,水,0,0,0,0,0,0,0,0,0,0,0,0,0,0,0,0
2024-01-25,木,0,0,0,0,0,0,0,0,0,0,0,0,0,0,0,0
2024-01-26,金,0,0,0,0,0,0,0,0,0,0,0,0,0,0,0,0
2024-01-27,土,25,59378,15680,75058,3002,40,338140,53070,391210,9780,98600,29700,2420,0,0,498388
2024-01-28,日,23,67540,40810,108350,4710,22,217690,10380,228070,10366,101200,18700,0,0,0,355120
2024-01-29,月,0,0,0,0,0,14,107030,17260,124290,8877,65400,7700,1650,0,0,133640
2024-01-30,火,0,0,0,0,0,30,293680,38270,331950,11065,54650,12650,0,0,0,347900
2024-01-31,水,0,0,0,0,0,24,221210,30850,252060,10502,51000,19250,0,0,0,271310
2024-02-01,木,0,0,0,0,0,0,0,0,0,0,0,0,0,0,0,0
2024-02-02,金,0,0,0,0,0,0,0,0,0,0,0,0,0,0,0,0
2024-02-03,土,24,78364,22420,100784,4199,40,363750,80530,444280,11107,113300,28050,0,0,0,573114
2024-02-04,日,27,91652,17910,109562,4057,38,348920,72770,421690,11097,134250,27500,0,0,0,558752
2024-02-05,月,0,0,0,0,0,38,350240,48300,398540,10487,235900,22550,0,0,0,421090
2024-02-06,火,0,0,0,0,0,39,362450,54760,417210,10697,183700,23100,1560,0,0,441870
2024-02-07,水,0,0,0,0,0,38,350020,57990,408010,10737,160600,22000,1650,3300,0,434960
2024-02-08,木,0,0,0,0,0,42,335390,57050,392440,9343,119050,31350,85000,0,0,521330
2024-02-09,金,0,0,0,0,0,37,339020,72370,411390,11118,142350,26950,0,0,0,454840
2024-02-10,土,29,100430,32990,133420,4600,42,386980,97440,484420,11533,166750,16500,2420,0,0,636760
2024-02-11,日,31,100100,34540,134640,4343,39,356070,49250,405320,10392,103150,30250,88420,0,0,658630
2024-02-12,月,41,129470,38480,167950,4096,38,332310,38970,371280,9770,141500,30250,0,0,0,578280
2024-02-13,火,0,0,0,0,0,33,303270,28930,332200,10066,102350,25300,50120,0,0,407620
2024-02-14,水,0,0,0,0,0,34,307230,32270,339500,9985,88350,20900,1650,0,0,365350
2024-02-15,木,0,0,0,0,0,18,161810,20670,182480,10137,80750,17600,1210,0,0,206790
2024-02-16,金,0,0,0,0,0,33,323950,49870,373820,11327,27000,24750,2770,0,0,401340
2024-02-17,土,30,99440,12870,112310,3743,38,361350,57570,418920,11024,97900,29150,1650,0,0,562030
2024-02-18,日,26,86130,17250,103380,3976,24,204470,34310,238780,9949,120550,28600,0,0,0,370760
2024-02-19,月,0,0,0,0,0,15,122320,38660,160980,10732,108350,1100,0,0,0,162080
2024-02-20,火,0,0,0,0,0,0,0,0,0,0,0,0,0,0,0,0
2024-02-21,水,0,0,0,0,0,29,245390,46990,292380,10082,91750,23650,48210,0,0,364240
2024-02-22,木,0,0,0,0,0,21,193360,22490,215850,10278,19550,4400,3210,0,0,223460
2024-02-23,金,22,67980,10100,78080,3549,36,363790,65160,428950,11915,43700,28600,1210,0,0,536840
2024-02-24,土,5,9790,3300,13090,2618,35,355430,56560,411990,11771,63100,17600,3980,0,0,446660
2024-02-25,日,16,46530,5040,51570,3223,19,180160,32980,213140,11217,65150,14850,3120,0,0,282680
2024-02-26,月,0,0,0,0,0,25,221210,26100,247310,9892,21850,5500,37000,0,0,289810
2024-02-27,火,0,0,0,0,0,13,120010,14120,134130,10317,65900,12100,0,0,0,152830
2024-02-28,水,0,0,0,0,0,0,0,0,0,0,0,0,0,0,0,0
2024-02-29,木,0,0,0,0,0,23,239690,34970,274660,11941,74850,17600,0,0,0,292260
2024-03-01,金,0,0,0,0,0,0,0,0,0,0,0,0,0,0,0,0
2024-03-02,土,0,0,0,0,0,0,0,0,0,0,0,0,0,0,0,0
2024-03-03,日,17,48994,9410,58404,3435,24,230670,30910,261580,10899,40500,18150,1560,0,0,339694
2024-03-04,月,0,0,0,0,0,28,219560,31000,250560,8948,54150,17600,1560,0,0,269720
2024-03-05,火,0,0,0,0,0,18,161810,25210,187020,10390,66950,14300,0,0,0,201320
2024-03-06,水,0,0,0,0,0,16,151250,24420,175670,10979,33950,16500,0,0,0,192170
2024-03-07,木,0,0,0,0,0,31,239580,33240,272820,8800,25700,12100,0,0,0,284920
2024-03-08,金,0,0,0,0,0,40,376750,65000,441750,11043,43800,23100,3300,0,0,468150
2024-03-09,土,18,67650,8190,75840,4213,37,356290,69230,425520,11500,107220,24200,0,0,0,525560
2024-03-10,日,4,10050,5690,15740,3935,40,350970,51740,402710,10067,70550,20900,1210,0,0,440560
2024-03-11,月,0,0,0,0,0,21,196900,25120,222020,10572,59900,18700,4330,0,0,245050
2024-03-12,火,0,0,0,0,0,31,285120,40620,325740,10507,45200,17600,56860,0,0,400200
2024-03-13,水,0,0,0,0,0,0,0,0,0,0,0,0,0,0,0,0
2024-03-14,木,0,0,0,0,0,36,303930,67050,370980,10305,37700,22550,1650,3300,0,398480
2024-03-15,金,0,0,0,0,0,37,355740,53200,408940,11052,24900,24750,1560,0,0,435250
2024-03-16,土,0,0,0,0,0,39,292600,51540,344140,8824,40700,20900,0,0,0,365040
2024-03-17,日,20,103730,14210,117940,5897,39,307120,46800,353920,9074,17550,7150,1650,3300,0,483960
2024-03-18,月,0,0,0,0,0,0,0,0,0,0,0,0,0,0,0,0
2024-03-19,火,0,0,0,0,0,0,0,0,0,0,0,0,0,0,0,0
2024-03-20,水,17,69850,11170,81020,4765,0,0,0,0,0,10350,0,0,0,0,81020
2024-03-21,木,0,0,0,0,0,34,247500,56870,304370,8952,81000,22000,0,0,0,326370
2024-03-22,金,0,0,0,0,0,38,321970,46330,368300,9692,71550,20900,0,0,0,389200
2024-03-23,土,19,59180,3710,62890,3310,34,351240,48970,400210,11770,91000,22000,0,0,0,485100
2024-03-24,日,21,57420,18930,76350,3635,39,415140,49470,464610,11913,143700,26400,0,0,0,567360
2024-03-25,月,0,0,0,0,0,2,50000,0,50000,25000,0,0,54000,0,0,104000
2024-03-26,火,0,0,0,0,0,0,0,0,0,0,0,0,0,0,0,0
2024-03-27,水,0,0,0,0,0,0,0,0,0,0,0,0,0,0,0,0
2024-03-28,木,0,0,0,0,0,0,0,0,0,0,0,0,0,0,0,0
2024-03-29,金,0,0,0,0,0,0,0,0,0,0,0,0,0,0,0,0
2024-03-30,土,0,0,0,0,0,0,0,0,0,0,0,0,0,0,0,0
2024-03-31,日,0,0,0,0,0,0,0,0,0,0,0,0,0,0,0,0
2024-04-01,月,0,0,0,0,0,0,0,0,0,0,0,0,0,0,0,0
2024-04-02,火,0,0,0,0,0,0,0,0,0,0,0,0,0,0,0,0
2024-04-03,水,0,0,0,0,0,0,0,0,0,0,0,0,0,0,0,0
2024-04-04,木,0,0,0,0,0,0,0,0,0,0,0,0,0,0,0,0
2024-04-05,金,0,0,0,0,0,0,0,0,0,0,0,0,0,0,0,0
2024-04-06,土,0,0,0,0,0,0,0,0,0,0,0,0,0,0,0,0
2024-04-07,日,0,0,0,0,0,0,0,0,0,0,0,0,0,0,0,0
2024-04-08,月,0,0,0,0,0,0,0,0,0,0,0,0,0,0,0,0
2024-04-09,火,0,0,0,0,0,0,0,0,0,0,0,0,0,0,0,0
2024-04-10,水,0,0,0,0,0,0,0,0,0,0,0,0,0,0,0,0
2024-04-11,木,0,0,0,0,0,0,0,0,0,0,0,0,0,0,0,0
2024-04-12,金,0,0,0,0,0,0,0,0,0,0,0,0,0,0,0,0
2024-04-13,土,0,0,0,0,0,0,0,0,0,0,0,0,0,0,0,0
2024-04-14,日,0,0,0,0,0,0,0,0,0,0,0,0,0,0,0,0
2024-04-15,月,0,0,0,0,0,0,0,0,0,0,0,0,0,0,0,0
2024-04-16,火,0,0,0,0,0,0,0,0,0,0,0,0,0,0,0,0
2024-04-17,水,0,0,0,0,0,0,0,0,0,0,0,0,0,0,0,0
2024-04-18,木,0,0,0,0,0,0,0,0,0,0,0,0,0,0,0,0
2024-04-19,金,0,0,0,0,0,8,89100,19040,108140,13517,0,7700,0,0,0,115840
2024-04-20,土,0,0,0,0,0,30,273020,58230,331250,11041,0,14300,0,0,0,345550
2024-04-21,日,0,0,0,0,0,26,265320,31630,296950,11421,0,4400,1560,0,0,302910
2024-04-22,月,0,0,0,0,0,10,97020,21910,118930,11893,0,9900,3210,3300,0,135340
2024-04-23,火,0,0,0,0,0,17,160680,22580,183260,10780,0,14300,0,0,0,197560
2024-04-24,水,0,0,0,0,0,4,51370,4090,55460,13865,0,6600,1210,0,0,63270
2024-04-25,木,0,0,0,0,0,4,38170,10500,48670,12167,0,2200,0,0,0,50870
2024-04-26,金,0,0,0,0,0,34,296010,64410,360420,10600,74860,26400,1560,0,0,388380
2024-04-27,土,27,93214,18810,112024,4149,38,357170,49270,406440,10695,135310,22550,0,0,0,541014
2024-04-28,日,18,56562,10500,67062,3725,40,410960,95050,506010,12650,131730,19800,1560,0,0,594432
2024-04-29,月,18,116050,18030,134080,7448,40,335610,56760,392370,9809,165250,25300,2770,0,0,554520
2024-04-30,火,0,0,0,0,0,33,291060,50140,341200,10339,25590,19800,3300,0,0,364300
2024-05-01,水,0,0,0,0,0,38,335610,63850,399460,10512,96280,29700,1560,0,0,430720
2024-05-02,木,0,0,0,0,0,41,371560,70590,442150,10784,136610,21450,2770,0,0,466370
2024-05-03,金,30,106040,13800,119840,3994,41,326040,56210,382250,9323,85630,31350,0,0,0,533440
2024-05-04,土,33,118420,15810,134230,4067,43,380820,48630,429450,9987,238090,29150,0,0,0,592830
2024-05-05,日,32,151250,53800,205050,6407,39,406670,53410,460080,11796,184420,17600,0,0,0,682730
2024-05-06,月,8,36850,11070,47920,5990,24,270030,28860,298890,12453,23380,26400,0,0,0,373210
2024-05-07,火,0,0,0,0,0,35,320650,46550,367200,10491,11210,17050,0,0,0,384250
2024-05-08,水,0,0,0,0,0,14,154660,31670,186330,13309,11550,12100,0,0,0,198430
2024-05-09,木,0,0,0,0,0,21,208670,27700,236370,11255,65510,15400,1560,0,0,253330
2024-05-10,金,0,0,0,0,0,31,269390,24870,294260,9492,57360,11550,0,0,0,305810
2024-05-11,土,22,81180,15610,96790,4399,39,372360,70550,442910,11356,108690,29150,1650,0,0,570500
2024-05-12,日,24,53504,6020,59524,2480,30,244400,23280,267680,8922,56570,10450,0,0,0,337654
2024-05-13,月,0,0,0,0,0,24,244950,53830,298780,12449,34720,23100,1650,0,0,323530
2024-05-14,火,0,0,0,0,0,31,278630,46310,324940,10481,78500,11000,0,0,0,335940
2024-05-15,水,0,0,0,0,0,35,337810,52780,390590,11159,74690,25300,3210,0,0,419100
2024-05-16,木,0,0,0,0,0,25,244420,36000,280420,11216,90580,20350,0,0,0,300770
2024-05-17,金,0,0,0,0,0,32,256520,20230,276750,8648,41930,20900,0,0,0,297650
2024-05-18,土,36,156750,11170,167920,4664,38,349230,46040,395270,10401,133030,34650,0,0,0,597840
2024-05-19,日,26,62018,9680,71698,2757,33,299180,62240,361420,10952,113090,24750,0,0,0,457868
2024-05-20,月,0,0,0,0,0,27,242550,53990,296540,10982,158880,17600,81650,0,0,395790
2024-05-21,火,0,0,0,0,0,28,273220,51500,324720,11597,18990,13200,3120,0,0,341040
2024-05-22,水,0,0,0,0,0,18,155870,23560,179430,9968,58030,8800,3120,0,0,191350
2024-05-23,木,0,0,0,0,0,31,291530,48340,339870,10963,65610,25850,0,0,0,365720
2024-05-24,金,0,0,0,0,0,35,342760,55810,398570,11387,11960,18700,0,0,0,417270
2024-05-25,土,25,119570,18110,137680,5507,39,374190,69370,443560,11373,54130,38500,0,0,0,619740
2024-05-26,日,32,88792,10470,99262,3101,40,355940,66280,422220,10555,117810,25300,0,0,0,546782
2024-05-27,月,0,0,0,0,0,26,267630,77680,345310,13281,4730,19800,0,0,0,365110
2024-05-28,火,0,0,0,0,0,28,198110,35420,233530,8340,30680,3300,1650,0,0,238480
2024-05-29,水,0,0,0,0,0,33,266290,31570,297860,9026,13510,17050,0,0,0,314910
2024-05-30,木,0,0,0,0,0,26,300300,30350,330650,12717,55770,0,0,0,0,330650
2024-05-31,金,0,0,0,0,0,28,260040,60720,320760,11455,79900,23100,2420,0,0,346280
2024-06-01,土,33,97680,31150,128830,3903,37,384870,60970,445840,12049,218500,23100,5500,0,0,603270
2024-06-02,日,20,75790,16110,91900,4595,29,273020,41770,314790,10854,262160,33550,0,0,0,440240
2024-06-03,月,0,0,0,0,0,41,451907,86860,538767,13140,54880,22000,1650,0,0,562417
2024-06-04,火,0,0,0,0,0,27,244200,44310,288510,10685,30010,5500,1560,0,0,295570
2024-06-05,水,0,0,0,0,0,29,273240,28580,301820,10407,8400,11000,1650,0,0,314470
2024-06-06,木,0,0,0,0,0,36,304260,45690,349950,9720,20920,23100,1560,0,0,374610
2024-06-07,金,0,0,0,0,0,38,440440,209000,649440,17090,138770,0,0,0,0,649440
2024-06-08,土,27,93390,17500,110890,4107,42,369600,138600,508200,12100,151130,6600,0,0,0,625690
2024-06-09,日,22,61512,11640,73152,3325,45,378400,82520,460920,10242,32630,8800,1650,0,0,544522
2024-06-10,月,0,0,0,0,0,41,335060,50620,385680,9406,83010,23650,82650,0,0,491980
2024-06-11,火,0,0,0,0,0,34,246400,30460,276860,8142,66320,11550,0,0,0,288410
2024-06-12,水,32,51410,6200,57610,1800,43,475630,77500,553130,12863,87310,19800,1650,3300,0,635490
2024-06-13,木,0,0,0,0,0,42,381260,60890,442150,10527,51080,31350,0,0,0,473500
2024-06-14,金,0,0,0,0,0,36,345710,51100,396810,11022,66990,17600,0,0,0,414410
2024-06-15,土,40,176660,46830,223490,5587,42,340780,63030,403810,9614,163720,36850,0,0,0,664150
2024-06-16,日,27,100210,19260,119470,4424,39,389290,75110,464400,11907,22750,28050,0,0,0,611920
2024-06-17,月,0,0,0,0,0,33,321640,47480,369120,11185,78780,23100,0,0,0,392220
2024-06-18,火,0,0,0,0,0,39,371580,57720,429300,11007,54430,23100,1210,0,0,453610
2024-06-19,水,0,0,0,0,0,46,472560,77780,550340,11963,115570,23100,0,0,0,573440
2024-06-20,木,0,0,0,0,0,38,384670,101150,485820,12784,64040,24750,0,0,0,510570
2024-06-21,金,0,0,0,0,0,44,445720,71900,517620,11764,73950,19800,1650,0,0,539070
2024-06-22,土,28,105864,35760,141624,5058,37,369160,50530,419690,11342,82310,14850,1560,0,0,577724
2024-06-23,日,34,108130,8880,117010,3441,37,372020,46440,418460,11309,94520,8800,0,0,0,544270
2024-06-24,月,36,183000,56050,239050,6640,39,441650,74700,516350,13239,59670,19250,118000,0,0,892650
2024-06-25,火,0,0,0,0,0,36,330220,48850,379070,10529,39410,9900,0,0,0,388970
2024-06-26,水,0,0,0,0,0,41,343310,55030,398340,9715,86170,18150,0,0,0,416490
2024-06-27,木,0,0,0,0,0,30,259380,47590,306970,10232,63840,19800,0,0,0,326770
2024-06-28,金,0,0,0,0,0,38,293700,51210,344910,9076,100390,20900,0,0,0,365810
2024-06-29,土,26,97790,8080,105870,4071,39,310860,60100,370960,9511,115700,32450,1650,3300,0,514230
2024-06-30,日,31,97900,11450,109350,3527,36,355930,51290,407220,11311,132540,26950,27000,0,0,570520
2024-07-01,月,0,0,0,0,0,34,292270,53940,346210,10182,8780,20900,3300,0,0,370410
2024-07-02,火,0,0,0,0,0,40,354970,52840,407810,10195,93160,17600,0,0,0,425410
2024-07-03,水,0,0,0,0,0,36,359260,53170,412430,11456,86190,19800,0,0,0,432230
2024-07-04,木,0,0,0,0,0,43,339460,64670,404130,9398,44860,28600,0,0,0,432730
2024-07-05,金,0,0,0,0,0,49,523820,132330,656150,13390,55860,16500,0,0,0,672650
2024-07-06,土,37,139150,8400,147550,3987,44,369490,79040,448530,10193,63650,13200,0,0,0,609280
2024-07-07,日,33,128700,24970,153670,4656,43,400840,69590,470430,10940,88240,34100,1650,0,0,659850
2024-07-08,月,0,0,0,0,0,35,363000,48350,411350,11752,26370,6600,2420,0,0,420370
2024-07-09,火,0,0,0,0,0,36,360360,57040,417400,11594,46600,17600,1210,0,0,436210
2024-07-10,水,0,0,0,0,0,40,394790,59810,454600,11365,94070,24750,1560,0,0,480910
2024-07-11,木,0,0,0,0,0,40,362430,82890,445320,11133,91890,20350,0,0,0,465670
2024-07-12,金,0,0,0,0,0,37,342980,49370,392350,10604,36980,8800,0,0,0,401150
2024-07-13,土,32,127930,16580,144510,4515,39,352220,66200,418420,10728,163020,16500,0,0,0,579430
2024-07-14,日,33,139150,13580,152730,4628,41,385550,45110,430660,10503,174870,38500,0,0,0,621890
2024-07-15,月,39,127490,20580,148070,3796,37,394570,65330,459900,12429,167420,32450,0,0,0,640420
2024-07-16,火,0,0,0,0,0,41,326040,53580,379620,9259,82800,16500,0,0,0,396120
2024-07-17,水,0,0,0,0,0,38,342760,50000,392760,10335,76120,11000,0,0,0,403760
2024-07-18,木,0,0,0,0,0,41,388740,68310,457050,11147,76530,24750,0,0,0,481800
2024-07-19,金,0,0,0,0,0,35,365200,42350,407550,11644,2330,7700,0,0,0,415250
2024-07-20,土,29,93434,23000,116434,4014,36,356820,49670,406490,11291,149080,18150,0,0,0,541074
2024-07-21,日,37,117920,13690,131610,3557,39,352880,62010,414890,10638,120900,26950,1650,0,0,575100
2024-07-22,月,0,0,0,0,0,43,461890,75740,537630,12503,107670,13200,0,0,0,550830
2024-07-23,火,0,0,0,0,0,37,391710,48510,440220,11897,48090,20900,1650,0,0,462770
2024-07-24,水,0,0,0,0,0,38,370920,81460,452380,11904,15930,20900,0,0,0,473280
2024-07-25,木,0,0,0,0,0,39,394900,69060,463960,11896,84290,17600,0,0,0,481560
2024-07-26,金,0,0,0,0,0,37,357170,72760,429930,11619,67030,20350,2860,0,0,453140
2024-07-27,土,33,110814,31610,142424,4315,42,398180,55040,453220,10790,89650,27500,1210,0,0,624354
2024-07-28,日,11,34870,4600,39470,3588,37,332640,65980,398620,10773,94820,28050,0,0,0,466140
2024-07-29,月,0,0,0,0,0,38,350240,50310,400550,10540,17370,6600,0,0,0,407150
2024-07-30,火,0,0,0,0,0,39,342430,42190,384620,9862,116660,12100,0,0,0,396720
2024-07-31,水,0,0,0,0,0,43,403810,80350,484160,11259,132060,20900,75000,0,0,580060
2024-08-01,木,0,0,0,0,0,36,324720,53680,378400,10511,66710,19250,0,0,0,397650
2024-08-02,金,0,0,0,0,0,43,382800,70810,453610,10549,61380,25300,0,0,0,478910
2024-08-03,土,34,97724,16710,114434,3365,41,354970,55500,410470,10011,98580,20900,0,0,0,545804
2024-08-04,日,35,129140,31360,160500,4585,39,413490,79760,493250,12647,108920,11550,0,0,0,665300
2024-08-05,月,0,0,0,0,0,40,323510,47760,371270,9281,69600,18150,1210,0,0,390630
2024-08-06,火,0,0,0,0,0,42,359480,46510,405990,9666,118530,21450,0,0,0,427440
2024-08-07,水,0,0,0,0,0,37,356380,47500,403880,10915,111550,24750,0,0,0,428630
2024-08-08,木,0,0,0,0,0,39,328110,50270,378380,9702,61990,20350,2420,0,0,401150
2024-08-09,金,0,0,0,0,0,39,355410,53600,409010,10487,55430,23100,0,0,0,432110
2024-08-10,土,22,168520,54400,222920,10132,41,422950,96990,519940,12681,101160,12650,4950,0,0,760460
2024-08-11,日,34,153360,27780,181140,5327,39,341750,64030,405780,10404,158130,27500,1650,0,0,616070
2024-08-12,月,37,136840,17450,154290,4170,42,316580,50240,366820,8733,179700,26950,0,0,0,548060
2024-08-13,火,0,0,0,0,0,34,333520,61660,395180,11622,0,4400,0,0,0,399580
2024-08-14,水,0,0,0,0,0,40,348150,46690,394840,9871,60730,8800,1560,0,0,405200
2024-08-15,木,0,0,0,0,0,40,323270,52600,375870,9396,126580,6600,0,0,0,382470
2024-08-16,金,0,0,0,0,0,40,362890,77960,440850,11021,154650,18150,0,0,0,459000
2024-08-17,土,30,113520,23620,137140,4571,36,312840,49580,362420,10067,66110,19800,1210,0,0,520570
2024-08-18,日,36,134200,26160,160360,4454,38,330110,62550,392660,10333,186730,29150,0,0,0,582170
2024-08-19,月,0,0,0,0,0,37,304370,61310,365680,9883,118260,23650,0,0,0,389330
2024-08-20,火,0,0,0,0,0,40,364960,65180,430140,10753,72200,17600,1650,0,0,449390
2024-08-21,水,0,0,0,0,0,37,332970,41410,374380,10118,114440,19250,3120,0,0,396750
2024-08-22,木,0,0,0,0,0,41,422290,81610,503900,12290,47310,6600,0,0,0,510500
2024-08-23,金,0,0,0,0,0,38,392700,72340,465040,12237,46180,19250,0,0,0,484290
2024-08-24,土,33,105402,23280,128682,3899,38,379720,67740,447460,11775,119990,22550,0,0,0,598692
2024-08-25,日,22,56804,12570,69374,3153,41,344630,44950,389580,9501,140510,25300,2650,0,0,486904
2024-08-26,月,0,0,0,0,0,42,355410,72860,428270,10196,79460,23100,1560,0,0,452930
2024-08-27,火,0,0,0,0,0,35,297770,46350,344120,9832,0,20900,0,0,0,365020
2024-08-28,水,0,0,0,0,0,39,301950,62360,364310,9341,97870,17600,1210,0,0,383120
2024-08-29,木,0,0,0,0,0,33,372570,68800,441370,13374,62390,25300,0,0,0,466670
2024-08-30,金,0,0,0,0,0,38,392350,69220,461570,12146,16520,6600,0,0,0,468170
2024-08-31,土,2,9900,1470,11370,5685,38,351560,75880,427440,11248,57250,19800,150210,0,0,608820
2024-09-01,日,36,123794,17120,140914,3914,37,328000,56240,384240,10384,169950,35200,1650,5500,0,567504
2024-09-02,月,0,0,0,0,0,39,374880,108940,483820,12405,57710,13350,1650,23100,0,521920
2024-09-03,火,0,0,0,0,0,41,381040,59150,440190,10736,108130,30250,1650,0,0,472090
2024-09-04,水,0,0,0,0,0,39,378070,85350,463420,11882,84840,22550,0,0,0,485970
2024-09-05,木,0,0,0,0,0,37,334290,58760,393050,10622,45920,23100,0,0,0,416150
2024-09-06,金,0,0,0,0,0,48,433620,71970,505590,10533,48080,21450,1650,0,0,528690
2024-09-07,土,27,92004,17380,109384,4051,39,350680,43230,393910,10100,109920,30250,1210,0,0,534754
2024-09-08,日,33,126280,13700,139980,4241,42,355850,55550,411400,9795,157940,35200,0,0,0,586580
2024-09-09,月,0,0,0,0,0,42,382320,88000,470320,11198,75430,7700,0,0,0,478020
2024-09-10,火,0,0,0,0,0,33,330770,50380,381150,11550,8590,14300,1650,0,0,397100
2024-09-11,水,0,0,0,0,0,35,308440,66670,375110,10717,63790,18700,1650,3300,0,398760
2024-09-12,木,0,0,0,0,0,40,385550,60060,445610,11140,62980,23100,0,0,0,468710
2024-09-13,金,0,0,0,0,0,42,388830,65370,454200,10814,42580,22000,1210,0,0,477410
2024-09-14,土,33,127930,5710,133640,4049,38,404360,66090,470450,12380,124390,37400,0,0,0,641490
2024-09-15,日,37,142450,23290,165740,4479,40,372900,59570,432470,10811,61230,26400,0,0,0,624610
2024-09-16,月,30,86900,12310,99210,3307,37,316470,56670,373140,10084,160960,31900,0,0,0,504250
2024-09-17,火,0,0,0,0,0,38,339680,108090,447770,11783,55330,6600,0,0,0,454370
2024-09-18,水,0,0,0,0,0,36,329670,76580,406250,11284,99080,20350,1650,0,0,428250
2024-09-19,木,0,0,0,0,0,38,350680,65760,416440,10958,65780,23650,1210,0,0,441300
2024-09-20,金,0,0,0,0,0,39,323620,69970,393590,10092,5380,23100,0,0,0,416690
2024-09-21,土,17,65120,12670,77790,4575,40,383680,60820,444500,11112,93430,34100,0,0,0,556390
2024-09-22,日,27,102982,20000,122982,4554,40,356400,68000,424400,10610,96440,33000,0,0,0,580382
2024-09-23,月,24,106260,17860,124120,5171,38,373450,59840,433290,11402,170710,26950,1650,0,0,586010
2024-09-24,火,0,0,0,0,0,37,295680,44040,339720,9181,84750,29700,0,0,0,369420
2024-09-25,水,0,0,0,0,0,34,332750,51380,384130,11297,61400,25850,0,0,0,409980
2024-09-26,木,0,0,0,0,0,37,301730,34600,336330,9090,43760,21450,1560,0,0,359340
2024-09-27,金,0,0,0,0,0,38,317680,46710,364390,9589,58800,28600,0,0,0,392990
2024-09-28,土,20,82148,4840,86988,4349,37,348480,34780,383260,10358,48210,19800,0,0,0,490048
2024-09-29,日,29,111210,16870,128080,4416,36,307340,40770,348110,9669,177850,24200,0,0,0,500390
2024-09-30,月,0,0,0,0,0,35,301290,56990,358280,10236,57200,20900,126000,0,0,505180
2024-10-01,火,0,0,0,0,0,37,285450,69040,354490,9580,69740,19400,3300,3300,0,380490
2024-10-02,水,0,0,0,0,0,40,276980,76910,353890,8847,28370,7700,1650,3300,0,366540
2024-10-03,木,0,0,0,0,0,38,334510,60250,394760,10388,40360,26400,0,0,0,421160
2024-10-04,金,0,0,0,0,0,34,313500,86370,399870,11760,15310,4400,0,0,0,404270
2024-10-05,土,32,112320,22820,135140,4223,36,350660,51280,401940,11165,161970,29150,0,0,0,566230
2024-10-06,日,28,85680,13310,98990,3535,41,322410,69690,392100,9563,108170,38500,2770,0,0,532360
2024-10-07,月,0,0,0,0,0,42,419320,91170,510490,12154,25610,24750,1210,0,0,536450
2024-10-08,火,0,0,0,0,0,43,420640,49400,470040,10931,43860,23100,0,0,0,493140
2024-10-09,水,0,0,0,0,0,45,384230,66150,450380,10008,56370,28600,0,0,0,478980
2024-10-10,木,0,0,0,0,0,44,369600,45300,414900,9429,63630,23650,0,0,0,438550
2024-10-11,金,0,0,0,0,0,42,361230,78710,439940,10474,65270,24200,0,0,0,464140
2024-10-12,土,36,147840,27300,175140,4865,30,377850,99000,476850,15895,148300,13200,0,0,0,665190
2024-10-13,日,34,123860,13930,137790,4052,39,378840,64800,443640,11375,198440,36300,0,0,0,617730
2024-10-14,月,35,133980,19580,153560,4387,41,384560,76350,460910,11241,214230,31350,2860,0,0,648680
2024-10-15,火,0,0,0,0,0,36,329010,76070,405080,11252,84880,22000,1560,0,0,428640
2024-10-16,水,0,0,0,0,0,40,430430,82700,513130,12828,85800,19800,0,0,0,532930
2024-10-17,木,0,0,0,0,0,40,384010,67050,451060,11276,85190,20500,1650,0,0,473210
2024-10-18,金,0,0,0,0,0,36,359150,64560,423710,11769,31550,22000,0,0,0,445710
2024-10-19,土,10,46640,5580,52220,5222,28,255750,44540,300290,10724,1600,31900,1650,0,0,386060
2024-10-20,日,25,120340,26060,146400,5856,34,306130,58390,364520,10721,140350,25850,4950,0,0,541720
2024-10-21,月,0,0,0,0,0,39,381350,48230,429580,11014,85770,22150,1650,0,0,453380
2024-10-22,火,0,0,0,0,0,44,344190,74360,418550,9512,88310,24750,0,0,0,443300
2024-10-23,水,0,0,0,0,0,53,475640,37100,512740,9674,0,0,0,0,0,512740
2024-10-24,木,0,0,0,0,0,31,375100,44550,419650,13537,77820,0,0,0,0,419650
2024-10-25,金,0,0,0,0,0,36,303600,66270,369870,10274,90100,23100,1560,0,0,394530
2024-10-26,土,31,129690,38620,168310,5429,39,336930,71340,408270,10468,190690,26950,20000,0,0,623530
2024-10-27,日,35,135080,18950,154030,4400,41,410190,86820,497010,12122,165640,31900,4070,0,0,687010
2024-10-28,月,0,0,0,0,0,36,342760,58440,401200,11144,29020,16500,0,0,0,417700
2024-10-29,火,0,0,0,0,0,42,390500,59100,449600,10704,110960,25850,24000,0,0,499450
2024-10-30,水,0,0,0,0,0,32,283690,43330,327020,10219,82010,20900,95000,0,0,442920
2024-10-31,木,0,0,0,0,0,37,374440,55960,430400,11632,74050,23650,51560,0,0,505610
2024-11-01,金,0,0,0,0,0,39,391270,88020,479290,12289,32080,24750,0,0,0,504040
2024-11-02,土,27,96580,19410,115990,4295,39,433930,53150,487080,12489,88750,30800,1210,0,0,635080
2024-11-03,日,32,127600,9470,137070,4283,40,367950,59540,427490,10687,108980,34100,0,0,0,598660
2024-11-04,月,15,49060,2890,51950,3463,37,371910,48040,419950,11350,36900,24750,1650,0,0,498300
2024-11-05,火,0,0,0,0,0,39,340230,68320,408550,10475,86030,22150,1650,0,0,432350
2024-11-06,水,0,0,0,0,0,27,261690,35980,297670,11024,48780,6600,1650,0,0,305920
2024-11-07,木,0,0,0,0,0,0,0,0,0,0,0,0,0,0,0,0
2024-11-08,金,0,0,0,0,0,37,343200,55880,399080,10785,62100,25850,0,0,0,424930
2024-11-09,土,28,104720,12610,117330,4190,40,348040,70450,418490,10462,78090,34100,0,0,0,569920
2024-11-10,日,20,53482,3650,57132,2856,37,330220,64980,395200,10681,93480,26400,0,0,0,478732
2024-11-11,月,0,0,0,0,0,36,380270,66750,447020,12417,37120,24750,0,0,0,471770
2024-11-12,火,0,0,0,0,0,28,264330,96270,360600,12878,36670,8800,0,0,0,369400
2024-11-13,水,0,0,0,0,0,38,374770,66030,440800,11600,61120,26950,0,0,0,467750
2024-11-14,木,0,0,0,0,0,33,309320,39230,348550,10562,67250,20900,1560,0,0,371010
2024-11-15,金,0,0,0,0,0,32,340870,65520,406390,12699,63280,20900,0,0,0,427290
2024-11-16,土,27,82632,21770,104402,3866,33,329890,54320,384210,11642,59730,30250,0,0,0,518862
2024-11-17,日,15,62480,11200,73680,4912,35,395890,68750,464640,13275,19630,24750,0,0,0,563070
2024-11-18,月,0,0,0,0,0,27,253990,45160,299150,11079,51410,14850,2420,0,0,316420
2024-11-19,火,0,0,0,0,0,39,403040,45420,448460,11498,32810,29700,1560,0,0,479720
2024-11-20,水,0,0,0,0,0,29,238370,42840,281210,9696,94300,26400,0,0,0,307610
2024-11-21,木,0,0,0,0,0,36,333410,56750,390160,10837,83760,28050,2860,0,0,421070
2024-11-22,金,0,0,0,0,0,39,355520,45810,401330,10290,40900,23650,1650,0,0,426630
2024-11-23,土,33,132990,22880,155870,4723,0,0,0,0,0,0,12650,0,0,0,168520
2024-11-24,日,0,0,0,0,0,0,0,0,0,0,0,0,0,0,0,0
2024-11-25,月,0,0,0,0,0,38,352220,47930,400150,10530,101170,22550,2860,0,0,425560
2024-11-26,火,0,0,0,0,0,0,0,0,0,0,30740,0,0,0,0,0
2024-11-27,水,0,0,0,0,0,36,303050,68670,371720,10325,35200,26400,3300,0,0,401420
2024-11-28,木,0,0,0,0,0,34,332090,61240,393330,11568,68580,29150,0,0,0,422480
2024-11-29,金,0,0,0,0,0,28,257400,33550,290950,10391,49020,23100,0,0,0,314050
2024-11-30,土,13,48070,13910,61980,4767,37,342320,54710,397030,10730,106010,30800,178000,0,0,667810
2024-12-01,日,23,60280,15280,75560,3285,36,367180,71170,438350,12176,133160,33000,1650,0,0,548560
2024-12-02,月,0,0,0,0,0,26,259050,28640,287690,11065,79220,25300,0,0,0,312990
2024-12-03,火,0,0,0,0,0,34,323290,48700,371990,10940,65240,28050,1560,0,0,401600
2024-12-04,水,0,0,0,0,0,14,133220,13050,146270,10447,50100,10450,0,0,0,156720
2024-12-05,木,0,0,0,0,0,24,254210,38450,292660,12194,103430,25300,0,0,0,318060
2024-12-06,金,0,0,0,0,0,0,0,0,0,0,30310,0,0,0,0,0
2024-12-07,土,27,88000,18080,106080,3928,35,344740,58060,402800,11508,112970,30800,0,0,0,539680
2024-12-08,日,0,0,0,0,0,0,0,0,0,0,0,0,0,0,0,0
2024-12-09,月,0,0,0,0,0,20,244970,36080,281050,14052,82980,19250,0,0,0,300300
2024-12-10,火,0,0,0,0,0,31,360800,51180,411980,13289,124120,26950,0,0,0,438930
2024-12-11,水,0,0,0,0,0,28,343090,37050,380140,13576,102000,24200,2770,0,0,407110
2024-12-12,木,0,0,0,0,0,38,427790,59190,486980,12815,82840,20900,0,0,0,507880
2024-12-13,金,0,0,0,0,0,39,413710,66370,480080,12309,72140,29700,0,0,0,509780
2024-12-14,土,13,55220,3300,58520,4501,40,472560,78390,550950,13773,165140,26400,1650,0,0,637520
2024-12-15,日,20,66330,7190,73520,3676,35,382250,40640,422890,12082,120740,33000,0,0,0,529410
2024-12-16,月,0,0,0,0,0,36,370480,40820,411300,11425,79970,9900,0,0,0,421200
2024-12-17,火,0,0,0,0,0,38,448800,49060,497860,13101,111330,26950,1210,0,0,526020
2024-12-18,水,0,0,0,0,0,39,398750,52760,451510,11577,103720,29700,0,0,0,481210
2024-12-19,木,0,0,0,0,0,40,413270,36790,450060,11251,89470,26400,1650,0,0,478110
2024-12-20,金,0,0,0,0,0,37,495550,74310,569860,15401,115080,25300,0,0,0,595160
2024-12-21,土,32,148390,27360,175750,5492,41,414260,93090,507350,12374,108460,39050,0,0,0,722150
2024-12-22,日,23,131450,18960,150410,6539,40,554510,77390,631900,15797,235970,31900,51210,0,0,865420
2024-12-23,月,8,51810,4850,56660,7082,38,590260,57910,648170,17057,175330,62700,0,0,0,767530
2024-12-24,火,17,109230,28240,137470,8086,36,599940,77530,677470,18818,188340,68200,3120,0,0,886260
2024-12-25,水,29,190960,21380,212340,7322,38,632940,91680,724620,19068,222210,67100,0,0,0,1004060
2024-12-26,木,0,0,0,0,0,38,364480,41780,406260,10691,271910,17050,1560,0,0,424870
2024-12-27,金,0,0,0,0,0,41,413120,64760,477880,11655,154720,24200,1650,0,0,503730
2024-12-28,土,22,80410,22400,102810,4673,37,417540,50250,467790,12642,207450,34650,1560,0,0,606810
2024-12-29,日,29,97460,12510,109970,3792,43,400450,70890,471340,10961,202090,35200,1210,0,0,617720
2024-12-30,月,0,0,0,0,0,38,429550,92210,521760,13730,244480,26950,20000,0,0,568710
2024-12-31,火,0,0,0,0,0,0,0,0,0,0,0,0,0,0,0,0
2025-01-01,水,0,0,0,0,0,0,0,0,0,0,84780,0,0,0,0,0
2025-01-02,木,0,0,0,0,0,41,381540,59100,440640,10747,234650,27500,0,0,0,468140
2025-01-03,金,0,0,0,0,0,37,414100,46580,460680,12450,173240,20350,2860,0,0,483890
2025-01-04,土,32,117920,8090,126010,3937,38,375860,82300,458160,12056,181260,33550,0,0,0,617720
2025-01-05,日,31,100540,29730,130270,4202,36,372820,84570,457390,12705,172630,31350,1560,0,0,620570
2025-01-06,月,0,0,0,0,0,28,236280,22720,259000,9250,64830,6600,0,0,0,265600
2025-01-07,火,0,0,0,0,0,0,0,0,0,0,0,0,0,0,0,0
2025-01-08,水,0,0,0,0,0,32,336620,40810,377430,11794,142690,23100,0,0,0,400530
2025-01-09,木,0,0,0,0,0,37,344980,57480,402460,10877,109180,26400,1650,0,0,430510
2025-01-10,金,0,0,0,0,0,37,324890,42460,367350,9928,87160,28050,0,0,0,395400
2025-01-11,土,18,65560,15820,81380,4521,38,389720,52300,442020,11632,81390,24200,0,0,0,547600
2025-01-12,日,16,37620,2940,40560,2535,39,342900,86960,429860,11022,131490,24750,0,0,0,495170
2025-01-13,月,19,76230,8590,84820,4464,37,367080,36230,403310,10900,116370,29150,51650,0,0,568930
2025-01-14,火,0,0,0,0,0,39,354540,52800,407340,10444,85740,29700,0,0,0,437040
2025-01-15,水,0,0,0,0,0,34,301180,56040,357220,10506,131520,23650,0,0,0,380870
2025-01-16,木,0,0,0,0,0,24,237820,24740,262560,10940,67620,21450,0,0,0,284010
2025-01-17,金,0,0,0,0,0,0,0,0,0,0,0,0,0,0,0,0
2025-01-18,土,13,34870,9440,44310,3408,40,348420,49360,397780,9944,107900,24750,1650,0,0,468490
2025-01-19,日,31,88924,21470,110394,3561,35,362070,73310,435380,12439,138560,26950,1210,0,0,573934
2025-01-20,月,0,0,0,0,0,24,220610,41140,261750,10906,148350,25300,71000,0,0,358050
2025-01-21,火,0,0,0,0,0,37,335980,56060,392040,10595,89480,23650,1650,0,0,417340
2025-01-22,水,0,0,0,0,0,25,219230,49420,268650,10746,103280,15950,0,0,0,284600
2025-01-23,木,0,0,0,0,0,37,369420,57950,427370,11550,108690,23100,0,0,0,450470
2025-01-24,金,0,0,0,0,0,28,262360,42990,305350,10905,101950,21450,0,0,0,326800
2025-01-25,土,28,89760,13980,103740,3705,42,368550,67740,436290,10387,149460,30250,1650,0,0,571930
2025-01-26,日,17,65340,10170,75510,4441,38,391660,51720,443380,11667,183460,25850,0,0,0,544740
2025-01-27,月,0,0,0,0,0,38,362360,83630,445990,11736,154830,24200,0,0,0,470190
2025-01-28,火,0,0,0,0,0,41,423280,54950,478230,11664,127500,20900,59420,0,0,558550
2025-01-29,水,0,0,0,0,0,38,369930,54220,424150,11161,112610,24200,0,0,0,448350
2025-01-30,木,0,0,0,0,0,0,0,0,0,0,0,0,0,0,0,0
2025-01-31,金,0,0,0,0,0,0,0,0,0,0,0,0,0,0,0,0
2025-02-01,土,19,44220,9650,53870,2835,40,405590,72340,477930,11948,151240,26400,1650,0,0,559850
2025-02-02,日,23,92180,17950,110130,4788,37,314600,55790,370390,10010,105860,11000,1210,0,0,492730
2025-02-03,月,0,0,0,0,0,45,411180,125310,536490,11922,86440,18700,59650,3300,0,618140
2025-02-04,火,0,0,0,0,0,38,342430,68570,411000,10815,158180,25850,0,0,0,436850
2025-02-05,水,0,0,0,0,0,0,0,0,0,0,124470,0,0,0,0,0
2025-02-06,木,0,0,0,0,0,40,404700,59830,464530,11613,245680,24750,1650,0,0,490930
2025-02-07,金,0,0,0,0,0,39,366420,83370,449790,11533,199000,26950,0,0,0,476740
2025-02-08,土,18,77660,15770,93430,5190,0,0,0,0,0,78070,8800,0,0,0,102230
2025-02-09,日,0,0,0,0,0,0,0,0,0,0,0,0,0,0,0,0
2025-02-10,月,0,0,0,0,0,40,363650,79270,442920,11073,227750,25850,33210,0,0,501980
2025-02-11,火,16,67540,13420,80960,5060,0,0,0,0,0,65320,6600,0,0,0,87560
2025-02-12,水,0,0,0,0,0,34,349990,43860,393850,11583,167490,4400,0,0,0,398250
2025-02-13,木,0,0,0,0,0,0,0,0,0,0,0,0,0,0,0,0
2025-02-14,金,0,0,0,0,0,0,0,0,0,0,0,0,0,0,0,0
2025-02-15,土,0,0,0,0,0,37,382900,57170,440070,11893,38980,23100,0,0,0,463170
2025-02-16,日,12,56400,12890,69290,5774,37,371720,43420,415140,11220,137120,31350,0,0,0,515780
2025-02-17,月,0,0,0,0,0,41,359500,60420,419920,10241,131670,27500,45000,0,0,492420
2025-02-18,火,0,0,0,0,0,37,323090,60950,384040,10379,95780,15400,0,0,0,399440
2025-02-19,水,0,0,0,0,0,31,297690,44890,342580,11050,43930,9900,3300,0,0,355780
2025-02-20,木,0,0,0,0,0,33,326060,30320,356380,10799,137070,18150,0,0,0,387530
2025-02-21,金,0,0,0,0,0,37,371060,46100,417160,11274,80660,22550,0,0,0,439710
2025-02-22,土,14,54890,5850,60740,4338,38,360820,50370,411190,10820,137010,25850,1650,0,0,499430
2025-02-23,日,19,55440,12870,68310,3595,39,349690,54600,404290,10366,115190,28600,0,0,0,501200
2025-02-24,月,22,61930,9200,71130,3233,36,392150,42790,434940,12081,109370,22550,4770,0,0,533390
2025-02-25,火,0,0,0,0,0,37,322520,67870,390390,10551,76750,24200,0,0,0,414590
2025-02-26,水,0,0,0,0,0,0,0,0,0,0,0,0,0,0,0,0
2025-02-27,木,0,0,0,0,0,37,311520,56700,368220,9951,63380,25850,0,0,0,394070
2025-02-28,金,0,0,0,0,0,35,304370,47520,351890,10054,90530,23100,32000,0,0,406990
2025-03-01,土,16,56210,18950,75160,4697,37,351450,77070,428520,11581,118100,26950,3210,0,0,533840
2025-03-02,日,0,0,0,0,0,0,0,0,0,0,0,0,0,0,0,0
2025-03-03,月,0,0,0,0,0,35,328680,50020,378700,10820,54240,23650,19650,0,0,422000
2025-03-04,火,0,0,0,0,0,23,223430,21670,245100,10656,20780,16500,1210,0,0,262810
2025-03-05,水,0,0,0,0,0,41,373010,48760,421770,10287,97810,6600,1650,0,0,430020
2025-03-06,木,0,0,0,0,0,31,270050,36050,306100,9874,44240,25300,0,0,0,331400
2025-03-07,金,0,0,0,0,0,0,0,0,0,0,18290,0,0,0,0,0
2025-03-08,土,21,69960,8630,78590,3742,42,436480,85160,521640,12420,89560,26950,0,0,0,627180
2025-03-09,日,20,59070,30790,89860,4493,42,402380,79110,481490,11464,17430,29150,1650,0,0,602150
2025-03-10,月,0,0,0,0,0,38,322410,57010,379420,9984,69380,28600,0,0,0,408020
2025-03-11,火,0,0,0,0,0,36,313950,49380,363330,10092,93570,24200,52560,0,0,440090
2025-03-12,水,0,0,0,0,0,29,253880,31980,285860,9857,95660,25850,0,0,0,311710
2025-03-13,木,0,0,0,0,0,28,254430,58840,313270,11188,88720,28600,0,0,0,341870
2025-03-14,金,0,0,0,0,0,0,0,0,0,0,0,0,0,0,0,0
2025-03-15,土,17,59400,9800,69200,4070,40,359700,85410,445110,11127,72480,30800,1650,0,0,546760
2025-03-16,日,28,101640,16440,118080,4217,26,263260,45580,308840,11878,114600,15950,0,0,0,442870
2025-03-17,月,0,0,0,0,0,23,205150,37500,242650,10550,81020,25300,45000,0,1200,312950
2025-03-18,火,0,0,0,0,0,35,324870,52030,376900,10768,94350,25300,1650,0,900,403850
2025-03-19,水,0,0,0,0,0,40,328150,53860,382010,9550,80720,29700,1000,0,1200,412710
2025-03-20,木,26,100650,15370,116020,4462,40,409200,45230,454430,11360,105500,30250,1560,0,0,602260
2025-03-21,金,0,0,0,0,0,40,383130,49640,432770,10819,71760,23650,0,0,1600,456420
2025-03-22,土,0,0,0,0,0,0,0,0,0,0,0,0,0,0,0,0
2025-03-23,日,0,0,0,0,0,41,374240,66240,440480,10743,16710,20900,3120,0,0,464500
2025-03-24,月,0,0,0,0,0,42,392780,66750,459530,10941,113770,20350,107560,0,2400,587440
2025-03-25,火,0,0,0,0,0,34,259380,55920,315300,9273,84030,26400,0,0,6400,341700
2025-03-26,水,0,0,0,0,0,0,0,0,0,0,0,0,0,0,0,0
2025-03-27,木,0,0,0,0,0,0,0,0,0,0,0,0,0,0,0,0
2025-03-28,金,0,0,0,0,0,0,0,0,0,0,0,0,0,0,0,0
2025-03-29,土,0,0,0,0,0,0,0,0,0,0,0,0,0,0,0,0
2025-03-30,日,0,0,0,0,0,0,0,0,0,0,0,0,0,0,0,0
2025-03-31,月,0,0,0,0,0,0,0,0,0,0,0,0,0,0,0,0
2025-04-01,火,0,0,0,0,0,0,0,0,0,0,0,0,0,0,0,0
2025-04-02,水,0,0,0,0,0,0,0,0,0,0,0,0,0,0,0,0
2025-04-03,木,0,0,0,0,0,0,0,0,0,0,0,0,0,0,0,0
2025-04-04,金,0,0,0,0,0,0,0,0,0,0,0,0,0,0,0,0
2025-04-05,土,0,0,0,0,0,0,0,0,0,0,0,0,0,0,0,0
2025-04-06,日,0,0,0,0,0,0,0,0,0,0,0,0,0,0,0,0
2025-04-07,月,0,0,0,0,0,0,0,0,0,0,0,0,0,0,0,0
2025-04-08,火,0,0,0,0,0,0,0,0,0,0,0,0,0,0,0,0
2025-04-09,水,0,0,0,0,0,0,0,0,0,0,0,0,0,0,0,0
2025-04-10,木,0,0,0,0,0,0,0,0,0,0,0,0,0,0,0,0
2025-04-11,金,0,0,0,0,0,0,0,0,0,0,0,0,0,0,0,0
2025-04-12,土,0,0,0,0,0,0,0,0,0,0,0,0,0,0,0,0
2025-04-13,日,0,0,0,0,0,0,0,0,0,0,0,0,0,0,0,0
2025-04-14,月,0,0,0,0,0,0,0,0,0,0,0,0,0,0,0,0
2025-04-15,火,0,0,0,0,0,0,0,0,0,0,0,0,0,0,0,0
2025-04-16,水,0,0,0,0,0,0,0,0,0,0,0,0,0,0,0,0
2025-04-17,木,0,0,0,0,0,0,0,0,0,0,0,0,0,0,0,0
2025-04-18,金,0,0,0,0,0,14,131860,20020,151880,10848,0,16500,1560,0,0,169940
2025-04-19,土,0,0,0,0,0,15,190410,29990,220400,14693,0,14850,1210,0,0,236460
2025-04-20,日,0,0,0,0,0,11,100870,23740,124610,11328,0,6600,0,0,0,131210
2025-04-21,月,0,0,0,0,0,15,155870,30130,186000,12400,0,17600,2420,0,0,206020
2025-04-22,火,0,0,0,0,0,9,87450,24550,112000,12444,0,7700,0,0,0,119700
2025-04-23,水,0,0,0,0,0,14,133320,33020,166340,11881,0,9900,0,0,0,176240
2025-04-24,木,0,0,0,0,0,6,54560,10200,64760,10793,0,11000,0,0,0,75760
2025-04-25,金,0,0,0,0,0,38,347050,42980,390030,10263,80040,42900,1650,0,1650,434580
2025-04-26,土,18,59290,11710,71000,3944,32,314270,69940,384210,12006,104560,34950,3300,0,7050,493460
2025-04-27,日,27,87780,9710,97490,3610,40,381700,60680,442380,11059,117150,40300,1650,0,5550,581820
2025-04-28,月,0,0,0,0,0,40,341110,40440,381550,9538,136280,45100,53000,0,2250,479650
2025-04-29,火,25,87670,11980,99650,3986,31,319750,49020,368770,11895,14120,12100,0,0,900,480520
2025-04-30,水,0,0,0,0,0,42,365860,75230,441090,10502,26370,48400,0,0,0,489490
2025-05-01,木,0,0,0,0,0,38,349470,71850,421320,11087,182310,41800,0,0,0,463120
2025-05-02,金,0,0,0,0,0,38,331980,62930,394910,10392,11100,45100,0,0,0,440010
2025-05-03,土,33,122980,20970,143950,4362,41,319330,79670,399000,9731,143220,55000,0,0,0,597950
2025-05-04,日,24,71830,20590,92420,3850,44,369490,73570,443060,10069,125040,48400,1560,0,0,585440
2025-05-05,月,17,84150,15850,100000,5882,43,384340,81700,466040,10838,235950,48400,100000,0,0,714440
2025-05-06,火,30,115390,17040,132430,4414,40,339240,71500,410740,10268,140240,50600,0,0,0,593770
2025-05-07,水,0,0,0,0,0,11,97020,23360,120380,10943,36520,8800,0,0,0,129180
2025-05-08,木,0,0,0,0,0,24,253220,39550,292770,12198,57320,38500,0,0,0,331270
2025-05-09,金,0,0,0,0,0,43,343000,57620,400620,9316,48290,50600,1650,0,0,452870
2025-05-10,土,22,71940,12190,84130,3824,31,292460,62750,355210,11458,23220,4400,1210,0,0,444950
2025-05-11,日,23,80124,14370,94494,4108,32,299420,49590,349010,10906,79310,13200,1650,0,0,458354
2025-05-12,月,0,0,0,0,0,31,253660,43840,297500,9596,97500,37400,68000,0,1600,402900
2025-05-13,火,0,0,0,0,0,32,317680,48770,366450,11451,78100,37400,0,0,0,403850
2025-05-14,水,0,0,0,0,0,34,309650,59250,368900,10850,67240,45100,0,0,0,414000
2025-05-15,木,0,0,0,0,0,38,359260,52590,411850,10838,57470,40700,0,0,0,452550
2025-05-16,金,0,0,0,0,0,35,337570,54130,391700,11191,134360,37400,1650,0,0,430750
2025-05-17,土,16,71140,48800,119940,7496,37,374470,99360,473830,12806,68880,12100,0,0,9600,605870
2025-05-18,日,18,79840,54900,134740,7485,46,420220,70380,490600,10665,113580,48400,1210,0,10800,674950
2025-05-19,月,0,0,0,0,0,38,315810,58340,374150,9846,82240,33000,68420,0,0,475570
2025-05-20,火,0,0,0,0,0,45,452540,92130,544670,12103,63130,48400,0,0,0,593070
2025-05-21,水,0,0,0,0,0,53,434600,169600,604200,11400,59290,0,0,0,31800,604200
2025-05-22,木,0,0,0,0,0,22,200310,30990,231300,10513,29570,33000,0,0,0,264300
2025-05-23,金,0,0,0,0,0,34,381360,117500,498860,14672,66300,6600,0,0,18600,505460
2025-05-24,土,28,106920,13940,120860,4316,38,363220,59590,422810,11126,133670,40150,0,0,1600,583820
2025-05-25,日,12,59400,65400,124800,10400,31,283140,28160,311300,10041,14590,31900,1210,0,0,469210
2025-05-26,月,0,0,0,0,0,31,287430,57530,344960,11127,47290,37400,87210,0,0,469570
2025-05-27,火,0,0,0,0,0,33,308220,55260,363480,11014,98960,37400,1560,0,0,402440
2025-05-28,水,0,0,0,0,0,38,364650,55740,420390,11062,56760,42900,0,0,0,463290
2025-05-29,木,0,0,0,0,0,16,262800,108400,371200,23200,72100,0,0,0,9600,371200
2025-05-30,金,0,0,0,0,0,38,328050,80970,409020,10763,56010,22000,0,0,10200,431020
2025-05-31,土,28,99990,20810,120800,4314,40,355960,69050,425010,10625,168540,45800,1650,0,0,593260
2025-06-01,日,27,100980,37470,138450,5127,40,319110,55370,374480,9362,214780,44000,0,0,0,556930
2025-06-02,月,0,0,0,0,0,34,332200,43590,375790,11052,56000,45100,94000,0,0,514890
2025-06-03,火,0,0,0,0,0,37,367070,60510,427580,11556,53310,30250,0,0,0,457830
2025-06-04,水,0,0,0,0,0,27,244800,75710,320510,11870,36850,68900,0,0,12600,389410
2025-06-05,木,0,0,0,0,0,26,239910,51660,291570,11214,66400,25300,1650,0,0,318520
2025-06-06,金,0,0,0,0,0,37,353760,75040,428800,11589,77490,38650,3300,0,0,470750
2025-06-07,土,18,60060,10040,70100,3894,36,287210,62870,350080,9724,81870,39600,1650,3300,0,464730
2025-06-08,日,0,0,0,0,0,60,850440,229700,1080140,18002,168130,0,0,0,33600,1080140
2025-06-09,月,0,0,0,0,0,38,341110,79060,420170,11057,113610,42900,53000,0,0,516070
2025-06-10,火,0,0,0,0,0,36,315810,51280,367090,10196,80630,45100,0,0,0,412190
2025-06-11,水,0,0,0,0,0,33,304040,52600,356640,10807,43970,12100,2770,0,0,371510
2025-06-12,木,0,0,0,0,0,40,377080,72210,449290,11232,37950,11000,0,0,0,460290
2025-06-13,金,0,0,0,0,0,28,340500,99150,439650,15701,66540,2200,0,0,16800,441850
2025-06-14,土,25,93390,10880,104270,4170,35,374660,60200,434860,12424,145230,51700,2770,0,3200,593600
2025-06-15,日,30,105110,60090,165200,5506,37,345400,73040,418440,11309,148970,48950,1210,0,7200,633800
2025-06-16,月,0,0,0,0,0,37,399540,81650,481190,13005,47050,38500,80860,0,1200,600550
2025-06-17,火,0,0,0,0,0,32,288500,77490,365990,11437,71190,22000,1650,0,5250,389640
2025-06-18,水,0,0,0,0,0,40,359590,58240,417830,10445,86860,44000,1650,0,1350,463480
2025-06-19,木,0,0,0,0,0,34,358380,53560,411940,12115,86020,33000,0,0,8850,444940
2025-06-20,金,0,0,0,0,0,39,382580,72140,454720,11659,85640,40150,1650,0,2700,496520
2025-06-21,土,35,110990,23290,134280,3836,41,388570,76800,465370,11350,50850,48950,1560,0,6000,650160
2025-06-22,日,20,80850,26200,107050,5352,37,343750,50150,393900,10645,117250,50050,0,0,0,551000
2025-06-23,月,0,0,0,0,0,31,264240,37720,301960,9740,69240,23100,0,0,1200,325060
2025-06-24,火,0,0,0,0,0,42,380380,39470,419850,9996,85400,50600,87000,0,0,557450
2025-06-25,水,0,0,0,0,0,26,294130,79770,373900,14380,92250,15400,0,0,12000,389300
2025-06-26,木,0,0,0,0,0,39,374300,68050,442350,11342,49810,31500,1560,0,4800,475410
2025-06-27,金,0,0,0,0,0,44,428030,138040,566070,12865,25890,44000,0,0,1200,610070
2025-06-28,土,21,89450,17930,107380,5113,28,357480,64870,422350,15083,164630,46900,1650,0,0,578280
2025-06-29,日,27,94820,27550,122370,4532,42,360410,75790,436200,10385,173020,52250,0,0,3000,610820
2025-06-30,月,0,0,0,0,0,39,368450,53210,421660,10811,70630,39600,0,0,3600,461260
2025-07-01,火,0,0,0,0,0,29,305990,55790,361780,12475,52750,34100,57650,0,4800,453530
2025-07-02,水,0,0,0,0,0,32,358040,105400,463440,14482,48870,0,0,0,18600,463440
2025-07-03,木,0,0,0,0,0,28,332200,101190,433390,15478,72710,11000,0,0,14400,444390
2025-07-04,金,0,0,0,0,0,38,364170,56510,420680,11070,59790,39600,1560,0,4200,461840
2025-07-05,土,35,77924,14850,92774,2650,32,280240,50650,330890,10340,140590,25850,1560,0,4200,451074
2025-07-06,日,27,74074,8990,83064,3076,38,355910,68400,424310,11166,153500,42350,1560,0,5200,551284
2025-07-07,月,0,0,0,0,0,39,364130,82870,447000,11461,92900,42900,45000,0,1800,534900
2025-07-08,火,0,0,0,0,0,40,357210,79180,436390,10909,92380,46200,0,0,4800,482590
2025-07-09,水,0,0,0,0,0,36,331050,40900,371950,10331,75770,36300,0,0,0,408250
2025-07-10,木,0,0,0,0,0,39,350830,70060,420890,10792,71800,37090,1560,0,2400,459540
2025-07-11,金,0,0,0,0,0,39,348400,69700,418100,10720,95870,42900,1650,0,1800,462650
2025-07-12,土,34,159060,40060,199120,5856,37,328940,72380,401320,10846,197980,56650,0,0,2400,657090
2025-07-13,日,22,80740,18960,99700,4531,36,355670,57390,413060,11473,196210,49500,0,0,2400,562260
2025-07-14,月,0,0,0,0,0,39,326450,91130,417580,10707,59870,11000,51650,0,13800,480230
2025-07-15,火,0,0,0,0,0,39,356740,59520,416260,10673,49220,30400,3210,0,7200,449870
2025-07-16,水,0,0,0,0,0,41,379760,64700,444460,10840,93220,37000,1650,0,4000,483110
2025-07-17,木,0,0,0,0,0,39,385370,50610,435980,11178,87350,45100,0,0,0,481080
2025-07-18,金,0,0,0,0,0,44,387550,54690,442240,10050,45650,45100,0,0,0,487340
2025-07-19,土,21,73920,19670,93590,4456,45,407330,87220,494550,10990,94780,51700,2860,0,0,642700
2025-07-20,日,0,0,0,0,0,58,828000,278400,1106400,19075,145320,0,0,0,0,1106400
2025-07-21,月,14,63960,14880,78840,5631,27,335160,47010,382170,14154,0,38500,46000,0,0,545510
2025-07-22,火,0,0,0,0,0,35,307980,45070,353050,10087,0,33000,0,0,0,386050
2025-07-23,水,0,0,0,0,0,39,352610,57110,409720,10505,0,38500,5540,0,0,453760
2025-07-24,木,0,0,0,0,0,37,352900,38860,391760,10588,0,41800,0,0,0,433560
2025-07-25,金,0,0,0,0,0,38,341920,48180,390100,10265,0,35200,0,0,0,425300
2025-07-26,土,23,94490,15560,110050,4784,36,368760,63700,432460,12012,0,48400,0,0,0,590910
2025-07-27,日,15,61380,7510,68890,4592,35,317920,57680,375600,10731,0,43450,0,0,0,487940
2025-07-28,月,0,0,0,0,0,28,251260,36940,288200,10292,0,24200,5000,0,0,317400
2025-07-29,火,0,0,0,0,0,32,342000,85260,427260,13351,0,25300,0,0,0,452560
2025-07-30,水,0,0,0,0,0,31,274280,45450,319730,10313,77290,33000,0,0,2400,352730
2025-07-31,木,0,0,0,0,0,40,358820,101970,460790,11519,67000,22000,0,0,3600,482790
2025-08-01,金,0,0,0,0,0,41,386540,80180,466720,11383,80060,35200,0,0,2150,501920
2025-08-02,土,27,75570,12570,88140,3264,40,369190,81820,451010,11275,85890,35750,1650,0,0,576550
2025-08-03,日,35,129470,17710,147180,4205,35,330000,62420,392420,11212,130080,39600,3210,0,800,582410
2025-08-04,月,0,0,0,0,0,44,346120,65270,411390,9349,53390,41800,29560,0,0,482750
2025-08-05,火,0,0,0,0,0,44,365580,75180,440760,10017,52100,40700,1650,0,0,483110
2025-08-06,水,0,0,0,0,0,35,316710,49300,366010,10457,87080,40700,1560,0,0,408270
2025-08-07,木,0,0,0,0,0,38,302410,75310,377720,9940,4800,27100,1650,0,0,406470
2025-08-08,金,0,0,0,0,0,40,393600,53600,447200,11180,18450,46200,0,0,0,493400
2025-08-09,土,23,87230,16610,103840,4514,41,370890,85540,456430,11132,79030,40700,1210,0,0,602180
2025-08-10,日,27,111980,10190,122170,4524,38,311460,47100,358560,9435,129190,51700,0,0,0,532430
2025-08-11,月,28,89540,24070,113610,4057,38,370240,61530,431770,11362,147780,44550,47000,0,0,636930
2025-08-12,火,0,0,0,0,0,42,351750,66480,418230,9957,115260,38500,0,0,800,456730
2025-08-13,水,0,0,0,0,0,34,323480,67600,391080,11502,133910,33000,0,0,0,424080
2025-08-14,木,0,0,0,0,0,40,484000,136000,620000,15500,111150,0,0,0,0,620000
2025-08-15,金,0,0,0,0,0,40,390980,113700,504680,12617,100390,41800,0,0,0,546480
2025-08-16,土,30,127710,22770,150480,5016,38,329220,53100,382320,10061,121890,38500,0,0,0,571300
2025-08-17,日,19,75460,6420,81880,4309,41,369480,95070,464550,11330,29520,34100,1650,0,0,582180
2025-08-18,月,0,0,0,0,0,38,376260,55210,431470,11354,69870,37400,0,0,0,468870
2025-08-19,火,0,0,0,0,0,39,291930,62710,354640,9093,46820,13200,0,0,0,367840
2025-08-20,水,0,0,0,0,0,41,350190,41390,391580,9550,31390,40700,45000,0,0,477280
2025-08-21,木,0,0,0,0,0,42,336640,70000,406640,9681,62470,42900,0,0,0,449540
2025-08-22,金,0,0,0,0,0,10,121000,62900,183900,18390,86880,0,0,0,0,183900
2025-08-23,土,9,97290,21000,118290,13143,40,371690,77360,449050,11226,113210,64870,1560,0,0,633770
2025-08-24,日,31,118360,17290,135650,4375,41,338600,43670,382270,9323,145500,54450,2770,0,0,575140
2025-08-25,月,0,0,0,0,0,42,377860,52090,429950,10236,72600,37400,58000,0,0,525350
2025-08-26,火,0,0,0,0,0,27,215880,41270,257150,9524,26320,18700,1560,0,0,277410
2025-08-27,水,0,0,0,0,0,40,364040,78980,443020,11075,25800,39600,0,0,400,482620
2025-08-28,木,0,0,0,0,0,36,304560,56720,361280,10035,55500,31900,0,0,2000,393180
2025-08-29,金,0,0,0,0,0,38,360530,57050,417580,10988,31050,35200,0,0,0,452780
2025-08-30,土,22,97130,17110,114240,5192,40,406550,72370,478920,11973,24900,35200,1560,0,0,629920
2025-08-31,日,32,103950,24660,128610,4019,38,316880,75250,392130,10319,103580,35750,0,0,0,556490
2025-09-01,月,0,0,0,0,0,40,330880,52230,383110,9577,28490,42900,28000,0,0,454010
2025-09-02,火,0,0,0,0,0,30,257730,54700,312430,10414,15220,29700,0,0,0,342130
2025-09-03,水,0,0,0,0,0,41,356070,66130,422200,10297,118830,42900,1650,0,0,466750
2025-09-04,木,0,0,0,0,0,36,301620,50740,352360,9787,90690,34650,0,0,0,387010
2025-09-05,金,0,0,0,0,0,37,353540,67850,421390,11388,58490,49500,0,0,0,470890
2025-09-06,土,23,82280,34610,116890,5082,38,368060,63410,431470,11354,92590,50050,0,0,0,598410
2025-09-07,日,23,98010,17370,115380,5016,43,414150,64260,478410,11125,66720,59400,0,0,0,653190
2025-09-08,月,0,0,0,0,0,32,272580,48200,320780,10024,91260,46200,0,0,0,366980
2025-09-09,火,0,0,0,0,0,40,357060,70470,427530,10688,48310,49500,40650,0,0,517680
2025-09-10,水,0,0,0,0,0,41,347820,69310,417130,10173,52700,38800,3300,0,0,459230
2025-09-11,木,0,0,0,0,0,45,377520,64490,442010,9822,53620,46200,0,0,0,488210
2025-09-12,金,0,0,0,0,0,38,363110,67770,430880,11338,70090,44000,0,0,0,474880
2025-09-13,土,23,88110,22790,110900,4821,40,390720,90590,481310,12032,31090,32450,1650,0,0,626310
2025-09-14,日,17,74360,11230,85590,5034,39,384670,81830,466500,11961,59450,51150,1650,0,0,604890
2025-09-15,月,19,58630,6220,64850,3413,40,423170,69420,492590,12314,153270,47300,0,0,0,604740
2025-09-16,火,0,0,0,0,0,34,308660,67950,376610,11076,83220,38500,0,0,0,415110
2025-09-17,水,0,0,0,0,0,40,383350,71440,454790,11369,52390,48400,1560,0,0,504750
2025-09-18,木,0,0,0,0,0,42,408870,80630,489500,11654,47120,47300,66560,0,0,603360
2025-09-19,金,0,0,0,0,0,40,427020,84570,511590,12789,69270,46200,0,0,0,557790
2025-09-20,土,20,70400,59600,130000,6500,39,360800,43620,404420,10369,53590,47300,0,0,0,581720
2025-09-21,日,11,50160,2950,53110,4828,40,372790,80140,452930,11323,21350,48400,1650,0,0,556090
2025-09-22,月,0,0,0,0,0,41,387640,73930,461570,11257,44740,46200,46420,0,0,554190
2025-09-23,火,30,114510,21710,136220,4540,37,333410,70950,404360,10928,164960,48950,1210,0,0,590740
2025-09-24,水,0,0,0,0,0,33,302390,70290,372680,11293,60370,37000,1650,0,0,411330
2025-09-25,木,0,0,0,0,0,33,299640,38920,338560,10259,15640,45100,1650,0,0,385310
2025-09-26,金,0,0,0,0,0,32,323730,62660,386390,12074,71010,35750,1650,0,0,423790
2025-09-27,土,29,98340,23160,121500,4189,38,326700,55520,382220,10058,139560,55000,0,0,0,558720
2025-09-28,日,40,138254,30690,168944,4223,36,300080,66880,366960,10193,119840,53900,1210,0,0,591014
2025-09-29,月,0,0,0,0,0,43,378400,137600,516000,12000,53350,0,75000,0,0,591000
2025-09-30,火,0,0,0,0,0,33,313940,48600,362540,10986,64590,44000,0,0,0,406540
2025-10-01,水,0,0,0,0,0,36,356290,53000,409290,11369,22070,40700,1560,0,0,451550
2025-10-02,木,0,0,0,0,0,29,287320,37270,324590,11192,63590,41800,0,0,0,366390
2025-10-03,金,0,0,0,0,0,40,415360,50770,466130,11653,77630,50600,0,0,0,516730
2025-10-04,土,33,123090,21070,144160,4368,41,370700,97130,467830,11410,111930,54050,3300,0,0,669340
2025-10-05,日,33,135520,29500,165020,5000,35,308000,61820,369820,10566,118610,48950,0,0,0,583790
2025-10-06,月,0,0,0,0,0,36,366850,81200,448050,12445,58410,45100,0,0,0,493150
2025-10-07,火,0,0,0,0,0,38,354090,44710,398800,10494,73990,41800,106000,0,0,546600
2025-10-08,水,0,0,0,0,0,38,396770,82070,478840,12601,58160,37400,1650,0,0,517890
2025-10-09,木,28,358800,92400,451200,16114,0,0,0,0,0,78350,0,0,0,0,451200
2025-10-10,金,0,0,0,0,0,38,363770,96950,460720,12124,91680,46200,6240,0,0,513160
2025-10-11,土,17,59180,9320,68500,4029,38,317570,47860,365430,9616,78350,46200,3210,0,0,483340
2025-10-12,日,19,67870,9540,77410,4074,33,288420,52290,340710,10324,0,39050,1560,0,0,458730
2025-10-13,月,31,117260,30130,147390,4754,38,375100,68890,443990,11683,6650,48000,1650,0,0,641030
2025-10-14,火,0,0,0,0,0,37,372020,66720,438740,11857,0,47300,24000,0,0,510040
2025-10-15,水,0,0,0,0,0,33,297220,50520,347740,10537,0,28600,0,0,0,376340
2025-10-16,木,0,0,0,0,0,38,369270,46490,415760,10941,0,39600,0,0,0,455360
2025-10-17,金,0,0,0,0,0,42,409640,66100,475740,11327,60220,48400,1210,0,6675,525350
2025-10-18,土,22,75130,3070,78200,3554,33,267520,54630,322150,9762,19500,42900,0,0,2225,443250
2025-10-19,日,30,123640,8830,132470,4415,37,381810,56640,438450,11850,153340,56100,3210,0,0,630230
2025-10-20,月,0,0,0,0,0,35,303710,41190,344900,9854,49920,41800,0,0,0,386700
2025-10-21,火,0,0,0,0,0,41,412170,55520,467690,11407,83190,39600,42000,0,0,549290
2025-10-22,水,0,0,0,0,0,59,475640,37100,512740,8690,117450,0,0,0,0,512740
2025-10-23,木,0,0,0,0,0,38,328410,53290,381700,10044,81650,42350,1210,0,0,425260
2025-10-24,金,0,0,0,0,0,43,450560,48910,499470,11615,67130,40700,1210,0,0,541380
2025-10-25,土,0,0,0,0,0,39,556400,187200,743600,19066,157840,0,0,0,0,743600
2025-10-26,日,37,112310,15050,127360,3442,40,394020,65330,459350,11483,57480,48950,1650,0,0,637310
2025-10-27,月,0,0,0,0,0,33,331760,53470,385230,11673,84890,42900,52000,0,0,480130
2025-10-28,火,0,0,0,0,0,38,317240,74290,391530,10303,37170,42500,1650,0,0,435680
2025-10-29,水,0,0,0,0,0,33,353540,50420,403960,12241,86460,35200,1560,0,0,440720
2025-10-30,木,0,0,0,0,0,41,412390,59740,472130,11515,101280,39600,0,0,0,511730
2025-10-31,金,0,0,0,0,0,41,422730,55100,477830,11654,67750,42900,4510,0,0,525240
2025-11-01,土,16,70730,12060,82790,5174,0,0,0,0,0,0,4400,0,0,0,87190
2025-11-02,日,29,92400,10880,103280,3561,41,411070,71330,482400,11765,81200,56100,0,0,0,641780
2025-11-03,月,31,109330,18270,127600,4116,31,273130,51990,325120,10487,131820,44000,44000,0,0,540720
2025-11-04,火,0,0,0,0,0,24,252450,34020,286470,11936,94550,34100,0,0,0,320570
2025-11-05,水,0,0,0,0,0,35,396220,82840,479060,13687,84760,39600,0,0,0,518660
2025-11-06,木,0,0,0,0,0,28,271480,46450,317930,11354,49720,39600,1210,0,0,358740
2025-11-07,金,0,0,0,0,0,0,0,0,0,0,0,0,0,0,0,0
2025-11-08,土,22,81730,15700,97430,4428,35,361900,49420,411320,11752,111920,44550,0,0,0,553300
2025-11-09,日,24,95260,15800,111060,4627,34,342980,79910,422890,12437,75550,48950,0,0,0,582900
2025-11-10,月,0,0,0,0,0,0,0,0,0,0,1700,0,0,0,0,0
2025-11-11,火,0,0,0,0,0,29,289080,69440,358520,12362,40740,35200,50770,0,0,444490
2025-11-12,水,0,0,0,0,0,26,272580,49940,322520,12404,82610,42900,0,0,0,365420
2025-11-13,木,0,0,0,0,0,26,254870,37360,292230,11239,61770,22000,3210,0,0,317440
2025-11-14,金,0,0,0,0,0,36,358600,72030,430630,11961,13300,34100,0,0,0,464730
2025-11-15,土,27,69520,6550,76070,2817,34,349580,60680,410260,12066,64250,52800,0,0,0,539130
2025-11-16,日,27,87032,19160,106192,3933,29,283470,40390,323860,11167,89640,50050,1560,0,0,481662
2025-11-17,月,0,0,0,0,0,27,268510,59440,327950,12146,31250,37400,60000,0,0,425350
2025-11-18,火,0,0,0,0,0,16,139260,14720,153980,9623,35170,24200,0,0,0,178180
2025-11-19,水,0,0,0,0,0,20,185680,29750,215430,10771,59980,19800,1650,0,0,236880
2025-11-20,木,0,0,0,0,0,21,235510,27350,262860,12517,56790,15400,0,0,0,278260
2025-11-21,金,0,0,0,0,0,38,356730,59730,416460,10959,83570,46200,1560,0,0,464220
2025-11-22,土,19,73810,10140,83950,4418,35,346720,76990,423710,12106,112370,52250,1560,0,0,561470
2025-11-23,日,24,88770,15540,104310,4346,36,382360,71070,453430,12595,121310,47300,1650,0,0,606690
2025-11-24,月,36,121210,26330,147540,4098,40,398860,98680,497540,12438,78070,56100,46650,0,0,747830
2025-11-25,火,0,0,0,0,0,22,194700,24450,219150,9961,82000,36300,0,0,0,255450
2025-11-26,水,0,0,0,0,0,30,321530,71630,393160,13105,54270,35900,1650,0,0,430710
2025-11-27,木,0,0,0,0,0,25,235620,51480,287100,11484,73000,23800,2650,0,0,313550
2025-11-28,金,0,0,0,0,0,20,227590,37170,264760,13238,49580,24200,0,0,0,288960
2025-11-29,土,37,123200,32470,155670,4207,40,415140,94170,509310,12732,88720,51150,3300,0,0,719430
2025-11-30,日,22,62920,10410,73330,3333,34,300520,43040,343560,10104,107900,50050,0,0,0,466940
2025-12-01,月,0,0,0,0,0,22,269500,55230,324730,14760,29870,38500,1560,0,0,364790
2025-12-02,火,0,0,0,0,0,33,374330,50670,425000,12878,80410,42350,36210,0,0,503560
2025-12-03,水,0,0,0,0,0,29,306680,63360,370040,12760,63740,42900,0,0,0,412940
2025-12-04,木,0,0,0,0,0,30,279180,44570,323750,10791,118140,42900,0,0,0,366650
2025-12-05,金,0,0,0,0,0,39,295900,60450,356350,9137,81300,44000,0,0,0,400350
2025-12-06,土,12,37180,7500,44680,3723,35,388630,67740,456370,13039,101910,48400,0,0,0,549450
2025-12-07,日,26,90750,16990,107740,4143,41,409090,76920,486010,11853,82450,56100,2420,0,0,652270
2025-12-08,月,0,0,0,0,0,29,391820,50030,441850,15236,40570,45100,0,0,0,486950
2025-12-09,火,0,0,0,0,0,32,378860,52870,431730,13491,73700,45100,25000,0,0,501830
2025-12-10,水,0,0,0,0,0,39,472560,92510,565070,14488,99370,44000,2770,0,0,611840
2025-12-11,木,0,0,0,0,0,29,319660,46830,366490,12637,13350,41800,1650,0,0,409940
2025-12-12,金,0,0,0,0,0,0,0,0,0,0,0,0,0,0,0,0
2025-12-13,土,23,79200,13830,93030,4044,40,376240,81420,457660,11441,114900,48950,6420,0,0,606060
2025-12-14,日,23,95370,11820,107190,4660,33,411180,49930,461110,13973,94570,29150,1560,0,0,599010
2025-12-15,月,0,0,0,0,0,0,0,0,0,0,0,0,0,0,0,0
2025-12-16,火,0,0,0,0,0,26,282590,66190,348780,13414,148730,25850,55000,0,0,429630
2025-12-17,水,0,0,0,0,0,40,429440,47010,476450,11911,109890,44000,3000,0,0,523450
2025-12-18,木,0,0,0,0,0,39,492470,68900,561370,14394,98910,49500,4000,0,0,614870
2025-12-19,金,0,0,0,0,0,38,364650,46810,411460,10827,130070,46200,10680,0,0,468340
2025-12-20,土,21,85360,12020,97380,4637,35,490490,74200,564690,16134,131040,48950,2000,0,0,713020
2025-12-21,日,30,151250,26980,178230,5941,37,507980,90450,598430,16173,100260,58300,1000,0,0,835960
2025-12-22,月,0,0,0,0,0,38,463540,77070,540610,14226,148800,41800,6000,0,0,588410
2025-12-23,火,16,105050,15170,120220,7513,38,638880,79500,718380,18904,175310,67100,6000,0,0,911700
2025-12-24,水,10,63800,10270,74070,7407,36,599940,106090,706030,19611,159890,56100,4210,0,0,840410
2025-12-25,木,0,0,0,0,0,36,605880,96900,702780,19521,39900,55000,2000,0,0,759780
2025-12-26,金,0,0,0,0,0,0,0,0,0,0,88630,0,3000,0,0,3000
2025-12-27,土,34,134530,38350,172880,5084,39,348150,78380,426530,10936,194470,55000,4120,0,0,658530
2025-12-28,日,30,116270,15820,132090,4403,41,418330,64370,482700,11773,267340,41800,5560,0,0,662150
2025-12-29,月,0,0,0,0,0,40,349580,51560,401140,10028,187440,45100,6000,0,0,452240
2025-12-30,火,0,0,0,0,0,38,368500,69390,437890,11523,169100,47850,181560,0,0,667300
2025-12-31,水,0,0,0,0,0,0,0,0,0,0,0,0,0,0,0,0
2026-01-01,木,0,0,0,0,0,0,0,0,0,0,0,0,0,0,0,0
2026-01-02,金,0,0,0,0,0,42,487850,104020,591870,14092,201040,41800,6000,0,0,639670
2026-01-03,土,28,68640,7890,76530,2733,39,385330,51740,437070,11206,190530,51700,7000,0,0,572300
2026-01-04,日,24,79860,20950,100810,4200,38,409090,76860,485950,12788,153860,50600,6560,0,800,643920
2026-01-05,月,0,0,0,0,0,37,400510,94230,494740,13371,139430,42900,3560,0,0,541200
2026-01-06,火,0,0,0,0,0,31,305910,64670,370580,11954,121530,34100,4000,0,0,408680
2026-01-07,水,0,0,0,0,0,31,371910,46250,418160,13489,118830,42900,2000,0,0,463060
2026-01-08,木,0,0,0,0,0,22,209440,35960,245400,11154,53150,27500,0,0,0,272900
2026-01-09,金,0,0,0,0,0,30,281160,38000,319160,10638,101330,37400,6000,0,0,362560
2026-01-10,土,21,54340,19020,73360,3493,30,329560,44990,374550,12485,58540,41800,0,0,0,489710
2026-01-11,日,17,57750,17000,74750,4397,33,324830,42350,367180,11126,95520,37400,4560,0,0,483890
2026-01-12,月,15,41690,12090,53780,3585,34,340780,49860,390640,11489,92880,49500,3210,0,0,497130
2026-01-13,火,0,0,0,0,0,0,0,0,0,0,57400,0,0,0,0,0
2026-01-14,水,0,0,0,0,0,32,333960,41750,375710,11740,71590,34100,0,0,0,409810
2026-01-15,木,0,0,0,0,0,29,306570,41080,347650,11987,86190,40700,1000,0,0,389350
2026-01-16,金,0,0,0,0,0,34,311410,40790,352200,10358,81210,39600,4000,0,0,395800
2026-01-17,土,17,42460,8250,50710,2982,36,319770,68510,388280,10785,127950,51150,7210,0,800,497350
2026-01-18,日,16,41910,3360,45270,2829,30,267190,42090,309280,10309,167120,38500,2000,0,400,395050
2026-01-19,月,0,0,0,0,0,34,327360,51630,378990,11146,106610,42900,1000,0,0,422890
2026-01-20,火,0,0,0,0,0,21,198440,53310,251750,11988,74460,37400,1210,0,0,290360
2026-01-21,水,0,0,0,0,0,24,231660,27440,259100,10795,55720,37400,4120,0,0,300620
2026-01-22,木,0,0,0,0,0,29,294470,50530,345000,11896,114330,40700,3560,0,0,389260
2026-01-23,金,0,0,0,0,0,31,312070,36100,348170,11231,98040,41800,0,0,0,389970
2026-01-24,土,13,33440,8200,41640,3203,40,415030,79670,494700,12367,97740,50600,0,0,0,586940
2026-01-25,日,3,14850,1600,16450,5483,24,175450,42130,217580,9065,11650,31900,0,0,0,265930
2026-01-26,月,0,0,0,0,0,27,195250,47030,242280,8973,88780,19800,3420,0,0,265500
2026-01-27,火,0,0,0,0,0,34,293370,55400,348770,10257,107940,44000,0,0,0,392770
2026-01-28,水,0,0,0,0,0,21,209330,39460,248790,11847,87520,28600,0,0,800,277390
2026-01-29,木,0,0,0,0,0,24,212960,32960,245920,10246,75670,27500,2560,0,0,275980
2026-01-30,金,0,0,0,0,0,33,304810,30530,335340,10161,44770,22000,1000,0,0,358340
2026-01-31,土,2,7040,0,7040,3520,33,326370,81960,408330,12373,78580,42900,347000,0,0,805270
2026-02-01,日,18,52360,11030,63390,3521,38,401280,67450,468730,12335,112990,50600,4210,0,0,586930
2026-02-02,月,0,0,0,0,0,31,298540,49690,348230,11233,112000,46200,6560,0,0,400990
2026-02-03,火,0,0,0,0,0,35,348190,69610,417800,11937,158180,44000,3000,0,0,464800
2026-02-04,水,0,0,0,0,0,32,315370,82300,397670,12427,163460,39600,3650,0,800,440920
2026-02-05,木,0,0,0,0,0,32,267190,37860,305050,9532,242390,27500,11000,0,400,343550
2026-02-06,金,0,0,0,0,0,38,360580,70600,431180,11346,148970,42900,3560,0,0,477640
2026-02-07,土,15,41932,16900,58832,3922,38,343530,64090,407620,10726,221980,50600,3000,0,0,520052
2026-02-08,日,5,20460,4640,25100,5020,32,263450,68320,331770,10367,142080,42350,2000,0,0,401220
2026-02-09,月,0,0,0,0,0,32,332420,38360,370780,11586,178040,31900,5000,0,400,407680
2026-02-10,火,0,0,0,0,0,37,327360,64860,392220,10600,231990,46200,2000,0,0,440420
2026-02-11,水,0,0,0,0,0,0,0,0,0,0,0,0,0,0,0,0
2026-02-12,木,0,0,0,0,0,0,0,0,0,0,0,0,0,0,0,0
2026-02-13,金,0,0,0,0,0,0,0,0,0,0,0,0,0,0,0,0
2026-02-14,土,0,0,0,0,0,0,0,0,0,0,0,0,0,0,0,0
2026-02-15,日,0,0,0,0,0,0,0,0,0,0,0,0,0,0,0,0
2026-02-16,月,0,0,0,0,0,0,0,0,0,0,0,0,0,0,0,0
2026-02-17,火,0,0,0,0,0,0,0,0,0,0,0,0,0,0,0,0
2026-02-18,水,0,0,0,0,0,0,0,0,0,0,0,0,0,0,0,0
2026-02-19,木,0,0,0,0,0,0,0,0,0,0,0,0,0,0,0,0
2026-02-20,金,0,0,0,0,0,0,0,0,0,0,0,0,0,0,0,0
2026-02-21,土,0,0,0,0,0,0,0,0,0,0,0,0,0,0,0,0
2026-02-22,日,0,0,0,0,0,0,0,0,0,0,0,0,0,0,0,0
2026-02-23,月,0,0,0,0,0,0,0,0,0,0,0,0,0,0,0,0
2026-02-24,火,0,0,0,0,0,0,0,0,0,0,0,0,0,0,0,0
2026-02-25,水,0,0,0,0,0,0,0,0,0,0,0,0,0,0,0,0
2026-02-26,木,0,0,0,0,0,0,0,0,0,0,0,0,0,0,0,0
2026-02-27,金,0,0,0,0,0,0,0,0,0,0,0,0,0,0,0,0
2026-02-28,土,0,0,0,0,0,0,0,0,0,0,0,0,0,0,0,0
