date,weekday,l_count,l_food,l_drink,l_total,l_avg,l_room_fee,l_flower,d_count,d_food,d_drink,d_total,d_avg,d_room_fee,d_flower,event_count,event_food,event_drink,event_room_fee,event_flower,event_total,event_avg,grand_total
2023-01-01,日,0,0,0,0,0,0,0,0,0,0,0,0,0,0,0,0,0,0,0,0,0,0
2023-01-02,月,23,132440,16830,149270,6490,0,0,11,114070,40645,154715,14065,0,0,0,0,0,0,0,0,0,303985
2023-01-03,火,10,55000,8635,63635,6364,0,0,2,22000,14300,36300,18150,0,0,0,0,0,0,0,0,0,99935
2023-01-04,水,0,0,0,0,0,0,0,0,0,0,0,0,0,0,0,0,0,0,0,0,0,0
2023-01-05,木,9,40590,10010,50600,5622,0,0,4,36300,29920,66220,16555,0,0,0,0,0,0,0,0,0,116820
2023-01-06,金,5,19250,17380,36630,7326,0,0,6,66000,51315,117315,19552,33000,0,0,0,0,0,0,0,0,220945
2023-01-07,土,24,107470,29040,136510,5688,0,0,4,71400,10670,82070,20518,0,0,0,0,0,0,0,0,0,221204
2023-01-08,日,31,134690,38115,172805,5574,0,0,0,0,0,0,0,0,0,0,0,0,0,0,0,0,172805
2023-01-09,月,0,0,0,0,0,0,0,2,14300,1540,15840,7920,0,0,60,176000,119785,60000,0,355785,5930,371625
2023-01-10,火,0,0,0,0,0,0,0,2,22000,3465,25465,12732,0,0,0,0,0,0,0,0,0,25465
2023-01-11,水,0,0,0,0,0,0,0,0,0,0,0,0,0,0,0,0,0,0,0,0,0,0
2023-01-12,木,4,18040,3465,21505,5376,0,0,0,0,0,0,0,0,0,0,0,0,0,0,0,0,21505
2023-01-13,金,6,25740,6160,31900,5317,0,0,4,28600,11000,39600,9900,0,0,0,0,0,0,0,0,0,71500
2023-01-14,土,20,75130,37710,112840,5642,0,0,11,117700,28105,145805,13255,0,0,0,150000,0,0,0,150000,0,408645
2023-01-15,日,16,69351,24475,93826,5864,0,0,11,117700,28105,145805,13255,0,0,0,150000,0,0,0,150000,0,393519
2023-01-16,月,4,15400,0,15400,3850,0,0,2,18700,4235,22935,11468,0,0,0,0,0,0,0,0,0,38335
2023-01-17,火,3,11550,3850,15400,5133,0,0,0,0,0,0,0,0,0,0,0,0,0,0,0,0,15400
2023-01-18,水,0,0,0,0,0,0,0,0,0,0,0,0,0,0,0,0,0,0,0,0,0,0
2023-01-19,木,11,52250,8580,60830,5530,0,0,5,64900,14410,79310,15862,0,0,40,34000,0,0,0,34000,850,174140
2023-01-20,金,2,11660,1320,12980,6490,0,0,50,612000,138600,750600,15012,0,0,40,34000,0,0,0,34000,850,797580
2023-01-21,土,6,24781,8580,33361,5560,0,0,9,128500,42900,171400,19044,0,0,40,34000,0,0,0,34000,850,238761
2023-01-22,日,16,56400,29480,85880,5368,0,0,4,59400,18975,78375,19594,0,0,0,0,0,0,0,0,0,164255
2023-01-23,月,4,16720,1320,18040,4510,0,0,0,0,0,0,0,0,0,0,0,0,0,0,0,0,18040
2023-01-24,火,12,59400,9515,68915,5743,0,0,0,0,0,0,0,0,0,0,0,0,0,0,0,0,68915
2023-01-25,水,0,0,0,0,0,0,0,0,0,0,0,0,0,0,0,0,0,0,0,0,0,0
2023-01-26,木,2,14300,0,14300,7150,0,0,0,0,0,0,0,0,0,0,0,0,0,0,0,0,14300
2023-01-27,金,26,131835,37235,169070,6503,0,0,6,55000,30690,85690,14282,0,0,0,0,0,0,0,0,0,254760
2023-01-28,土,29,117071,65230,182301,6286,0,0,6,62700,29205,91905,15318,0,0,0,0,0,0,0,0,0,274206
2023-01-29,日,29,120890,36685,157575,5434,0,0,4,52800,26400,79200,19800,0,0,0,0,0,0,0,0,0,236775
2023-01-30,月,8,30800,7150,37950,4744,0,0,2,26400,13200,39600,19800,0,0,0,0,0,0,0,0,0,77550
2023-01-31,火,4,24640,2640,27280,6820,0,0,5,58850,18975,77825,15565,0,0,0,0,0,0,0,0,0,105105
2023-02-01,水,0,0,0,0,0,0,0,0,0,0,0,0,0,0,0,0,0,0,0,0,0,0
2023-02-02,木,0,0,0,0,0,0,0,0,0,0,0,0,0,0,20,20000,0,550000,0,570000,28500,570000
2023-02-03,金,0,0,0,0,0,0,0,0,0,0,0,0,0,0,20,50000,0,550000,0,600000,30000,600000
2023-02-04,土,0,0,0,0,0,0,0,0,0,0,0,0,0,0,20,30000,0,550000,0,580000,29000,580000
2023-02-05,日,14,69080,13310,82390,5885,0,0,3,49500,10615,60115,20038,0,0,0,0,0,0,0,0,0,142505
2023-02-06,月,30,134640,44550,179190,5973,0,0,21,175670,30910,206580,9837,0,0,0,0,0,0,0,0,0,385770
2023-02-07,火,12,62700,11110,73810,6151,0,0,6,77000,18700,95700,15950,0,0,0,0,0,0,0,0,0,169510
2023-02-08,水,0,0,0,0,0,0,0,0,0,0,0,0,0,0,0,0,0,0,0,0,0,0
2023-02-09,木,3,11550,2145,13695,4565,0,0,5,33000,14920,47920,9584,0,0,0,0,0,0,0,0,0,61615
2023-02-10,金,24,114840,28050,142890,5954,0,0,2,22000,2585,24585,12292,0,0,0,0,0,0,0,0,0,167475
2023-02-11,土,9,52580,7425,60005,6667,0,0,2,26400,5335,31735,15868,0,0,0,0,0,0,0,0,0,91740
2023-02-12,日,41,225500,56100,281600,6868,0,0,4,52800,18920,71720,17930,0,0,0,0,0,0,0,0,0,353320
2023-02-13,月,9,39930,12320,52250,5806,0,0,0,0,0,0,0,0,0,0,0,0,0,0,0,0,52250
2023-02-14,火,11,47630,8965,56595,5145,0,0,3,45000,13915,58915,19638,0,0,0,0,0,0,0,0,0,115510
2023-02-15,水,0,0,0,0,0,0,0,0,0,0,0,0,0,0,0,0,0,0,0,0,0,0
2023-02-16,木,7,46750,9350,56100,8014,0,0,0,0,0,0,0,0,0,0,0,0,0,0,0,0,56100
2023-02-17,金,12,62330,10600,72930,6078,0,0,15,198000,104170,302170,20145,0,0,0,0,0,0,0,0,0,376200
2023-02-18,土,11,54230,8305,62535,5685,0,0,14,149160,29810,178970,12784,0,0,0,0,0,0,0,0,0,241505
2023-02-19,日,7,26950,9130,36080,5154,0,0,2,26400,10230,36630,18315,0,0,0,0,0,0,0,0,0,72710
2023-02-20,月,2,7700,1210,8910,4455,0,0,6,66000,27665,93665,15611,0,0,0,0,0,0,0,0,0,102575
2023-02-21,火,3,17490,4235,21725,7242,0,0,0,0,0,0,0,0,0,0,0,0,0,0,0,0,21725
2023-02-22,水,0,0,0,0,0,0,0,0,0,0,0,0,0,0,0,0,0,0,0,0,0,0
2023-02-23,木,11,58190,30965,89155,8105,0,0,2,26400,7425,33825,16912,0,0,0,0,0,0,0,0,0,122980
2023-02-24,金,14,65120,21835,86955,6211,0,0,5,35750,8470,44220,8844,0,0,0,0,0,0,0,0,0,131175
2023-02-25,土,30,137280,31295,168575,5619,0,0,8,113300,32065,145365,18171,0,0,0,0,0,0,0,0,0,313940
2023-02-26,日,13,57970,17105,75075,5775,0,0,7,82500,16665,99165,14166,0,0,0,0,0,0,0,0,0,174240
2023-02-27,月,3,17490,4290,21780,7260,0,0,0,0,0,0,0,0,0,0,0,0,0,0,0,0,21780
2023-02-28,火,9,43230,4785,48015,5335,0,0,0,0,0,0,0,0,0,0,0,0,0,0,0,0,48015
2023-03-01,水,4,22000,1980,23980,5995,0,0,15,247500,149380,396880,26459,0,0,0,0,0,0,0,0,0,420860
2023-03-02,木,0,0,0,0,0,0,0,34,272000,68000,340000,10000,0,0,0,0,0,0,0,0,0,340000
2023-03-03,金,10,38500,8745,47245,4724,0,0,0,0,0,0,0,0,0,0,0,0,0,0,0,0,47245
2023-03-04,土,16,57200,18975,76175,4761,0,0,6,100650,16115,116765,19461,0,0,0,0,0,0,0,0,0,192940
2023-03-05,日,0,0,0,0,0,0,0,4,52250,13970,66220,16555,0,0,0,0,0,0,0,0,0,66220
2023-03-06,月,0,0,0,0,0,0,0,6,56100,9240,65340,10890,0,0,0,0,0,0,0,0,0,65340
2023-03-07,火,17,82390,12056,94446,5556,0,0,0,0,0,0,0,0,0,0,0,0,0,0,0,0,94446
2023-03-08,水,0,0,0,0,0,0,0,0,0,0,0,0,0,0,0,0,0,0,0,0,0,0
2023-03-09,木,10,44440,8030,52470,5247,0,0,5,82500,30360,112860,22572,0,0,0,0,0,0,0,0,0,165330
2023-03-10,金,7,41140,3795,44935,6419,0,0,13,138600,40095,178695,13746,0,0,0,0,0,0,0,0,0,223630
2023-03-11,土,15,72930,15125,88055,5870,0,0,8,86800,9845,96645,12081,0,0,0,0,0,0,0,0,0,184700
2023-03-12,日,22,111100,22770,133870,6085,0,0,8,76450,21505,97955,12244,0,0,0,0,0,0,0,0,0,231825
2023-03-13,月,8,34760,3025,37785,4723,0,0,6,66000,17490,83490,13915,0,0,10,10000,0,85000,0,95000,9500,216275
2023-03-14,火,20,110660,35035,145695,7285,0,0,4,28000,15500,43500,10875,0,0,0,0,0,0,0,0,0,189195
2023-03-15,水,0,0,0,0,0,0,0,0,0,0,0,0,0,0,0,0,0,0,0,0,0,0
2023-03-16,木,6,23100,3410,26510,4418,0,0,0,0,0,0,0,0,0,0,0,0,0,0,0,0,26510
2023-03-17,金,2,10340,3850,14190,7095,0,0,12,116100,30485,146585,12215,0,0,0,0,0,0,0,0,0,160775
2023-03-18,土,4,15400,2585,17985,4496,0,0,15,150750,75795,226545,15103,0,0,0,0,0,0,0,0,0,244530
2023-03-19,日,4,15400,4290,19690,4922,0,0,13,117150,27555,144705,11131,0,0,0,0,0,0,0,0,0,164395
2023-03-20,月,6,36300,9680,45980,7663,0,0,14,162800,63525,226325,16166,0,0,0,0,0,0,0,0,0,272305
2023-03-21,火,18,101684,11880,113564,6309,0,0,3,33000,5445,38445,12815,0,0,0,0,0,0,0,0,0,152009
2023-03-22,水,0,0,0,0,0,0,0,0,0,0,0,0,0,0,0,0,0,0,0,0,0,0
2023-03-23,木,9,15400,27940,43340,4816,0,0,7,26400,26620,53020,7574,0,0,0,0,0,0,0,0,0,96360
2023-03-24,金,11,52250,14190,66440,6040,0,0,19,161250,44255,205505,10816,0,0,0,0,0,0,0,0,0,279137
2023-03-25,土,13,79310,13090,92400,7108,0,0,25,334850,73790,408640,16346,0,0,0,0,0,0,0,0,0,501040
2023-03-26,日,13,53900,6710,60610,4662,0,0,2,26400,9900,36300,18150,0,0,0,0,0,0,0,0,0,96910
2023-03-27,月,8,37400,5610,43010,5376,0,0,11,120600,28535,149135,13558,0,0,0,0,0,0,0,0,0,192145
2023-03-28,火,5,33770,2805,36575,7315,0,0,7,80850,28160,109010,15573,0,0,0,0,0,0,0,0,0,145585
2023-03-29,水,0,0,0,0,0,0,0,16,112000,48000,160000,10000,0,0,0,0,0,0,0,0,0,160000
2023-03-30,木,13,59290,6710,66000,5077,0,0,8,85250,11660,96910,12114,0,0,0,0,0,0,0,0,0,162910
2023-03-31,金,31,146740,15125,161865,5221,0,0,16,240000,80000,320000,20000,0,0,0,0,0,0,0,0,0,481865
2023-04-01,土,13,63250,17325,80575,6198,0,0,6,71500,9845,81345,13558,3300,0,0,0,0,0,0,0,0,167164
2023-04-02,日,17,82610,11275,93885,5523,0,0,15,142250,46020,188270,12551,3300,0,0,0,0,0,0,0,0,285455
2023-04-03,月,4,21890,4015,25905,6476,0,0,15,152900,48840,201740,13449,0,0,0,0,0,0,0,0,0,227645
2023-04-04,火,6,30360,2255,32615,5436,0,0,19,190000,57000,247000,13000,0,0,0,0,0,0,0,0,0,286115
2023-04-05,水,0,0,0,0,0,0,0,0,0,0,0,0,0,0,0,0,0,0,0,0,0,0
2023-04-06,木,5,23210,3630,26840,5368,0,0,12,127700,36000,163700,13642,0,0,0,0,0,0,0,0,0,190540
2023-04-07,金,8,34760,5885,40645,5081,0,0,16,166700,45000,211700,13231,0,3300,0,0,0,0,0,0,0,255645
2023-04-08,土,28,134200,28160,162360,5799,0,0,4,36300,3520,39820,9955,0,0,0,0,0,0,0,0,0,202180
2023-04-09,日,29,138820,33660,172480,5948,0,0,21,175450,26840,202290,9633,0,0,0,0,0,0,0,0,0,374770
2023-04-10,月,4,15400,4510,19910,4978,0,0,0,0,0,0,0,0,0,0,0,0,0,0,0,0,19910
2023-04-11,火,8,47300,7645,54945,6868,0,0,0,0,0,0,0,0,0,0,0,0,0,0,0,0,54945
2023-04-12,水,0,0,0,0,0,0,0,0,0,0,0,0,0,0,0,0,0,0,0,0,0,0
2023-04-13,木,8,37400,7205,44605,5576,0,0,3,34100,11440,45540,15180,0,0,0,0,0,0,0,0,0,90145
2023-04-14,金,6,23100,1210,24310,4052,0,0,2,26400,8800,35200,17600,0,0,0,0,0,0,0,0,0,59510
2023-04-15,土,6,33660,4620,38280,6380,3300,0,4,58850,24090,82940,20735,0,0,0,0,0,0,0,0,0,124520
2023-04-16,日,7,40150,7590,47740,6820,0,0,0,0,0,0,0,0,0,50,75000,165000,420000,0,660000,13200,707740
2023-04-17,月,9,35970,3740,39710,4412,0,0,2,22000,14740,36740,18370,0,0,0,0,0,0,0,0,0,76450
2023-04-18,火,4,22000,3465,25465,6366,0,0,2,18700,1595,20295,10148,3300,0,0,0,0,0,0,0,0,49060
2023-04-19,水,0,0,0,0,0,0,0,0,0,0,0,0,0,0,0,0,0,0,0,0,0,0
2023-04-20,木,8,41910,6820,48730,6091,0,0,0,0,0,0,0,0,0,0,0,0,0,0,0,0,48730
2023-04-21,金,9,18480,2013,20493,2277,0,0,6,61600,15895,77495,12916,3300,0,0,0,0,0,0,0,0,101288
2023-04-22,土,0,0,0,0,0,0,0,69,887070,207000,1094070,15856,33000,0,0,0,0,0,0,0,0,1127070
2023-04-23,日,13,57310,12375,69685,5360,0,0,2,16500,4785,21285,10642,3300,0,0,0,0,0,0,0,0,94270
2023-04-24,月,18,73260,4675,77935,4330,0,0,3,49500,19800,69300,23100,0,0,0,0,0,0,0,0,0,147235
2023-04-25,火,22,91300,17600,108900,4950,0,0,6,79200,25850,105050,17508,13200,0,0,0,0,0,0,0,0,227150
2023-04-26,水,0,0,0,0,0,0,0,0,0,0,0,0,0,0,0,0,0,0,0,0,0,0
2023-04-27,木,4,18040,5555,23595,5899,0,0,7,86900,21450,108350,15479,0,0,0,0,0,0,0,0,0,131945
2023-04-28,金,35,134750,0,134750,3850,0,0,0,0,0,0,0,0,0,0,0,0,0,0,0,0,134750
2023-04-29,土,27,148830,40810,189640,7024,11000,0,14,196900,59950,256850,18346,6600,0,0,0,0,0,0,0,0,464090
2023-04-30,日,21,107250,19140,126390,6019,6600,0,7,64350,49660,114010,16287,3300,0,0,0,0,0,0,0,0,250300
2023-05-01,月,18,87120,13915,101035,5613,0,0,5,40150,6270,46420,9284,0,0,0,0,0,0,0,0,0,147455
2023-05-02,火,23,112200,20845,133045,5785,3300,0,8,74250,9405,83655,10457,3300,0,0,0,0,0,0,0,0,223300
2023-05-03,水,22,103180,15235,118415,5382,0,0,8,92400,20100,112500,14062,6600,3000,0,0,0,0,0,0,0,240515
2023-05-04,木,29,134750,33385,168135,5798,0,0,16,206800,54120,260920,16308,3300,3300,0,0,0,0,0,0,0,435655
2023-05-05,金,35,182930,32560,215490,6157,0,0,27,303850,91335,395185,14636,0,0,0,0,0,0,0,0,0,613591
2023-05-06,土,17,120670,18590,139260,8192,0,0,6,92400,22550,114950,19158,8800,0,0,0,0,0,0,0,0,263010
2023-05-07,日,19,102190,22000,124190,6536,3300,0,0,0,0,0,0,0,0,0,0,0,0,0,0,0,127490
2023-05-08,月,50,192500,0,192500,3850,0,0,1,11000,1430,12430,12430,0,0,0,0,0,0,0,0,0,204930
2023-05-09,火,40,175120,28930,204050,5101,6600,0,2,26400,8800,35200,17600,3300,0,0,0,0,0,0,0,0,249150
2023-05-10,水,0,0,0,0,0,0,0,0,0,0,0,0,0,0,0,0,0,0,0,0,0,0
2023-05-11,木,4,18700,1980,20680,5170,0,0,18,216000,54000,270000,15000,0,0,0,0,0,0,0,0,0,290680
2023-05-12,金,32,123200,17050,140250,4383,0,0,13,155650,91630,247280,19022,6600,0,0,0,0,0,0,0,0,394130
2023-05-13,土,17,106370,16005,122375,7199,0,0,10,83050,18469,101519,10152,3300,3300,0,0,0,0,0,0,0,230494
2023-05-14,日,27,143550,32065,175615,6504,8800,0,10,128700,29480,158180,15818,3300,0,0,0,0,0,0,0,0,345895
2023-05-15,月,5,21890,2145,24035,4807,3300,0,7,70000,29800,99800,14257,0,0,0,0,0,0,0,0,0,127135
2023-05-16,火,11,43670,4840,48510,4410,0,0,4,30800,16170,46970,11742,0,0,0,0,0,0,0,0,0,95480
2023-05-17,水,0,0,0,0,0,0,0,0,0,0,0,0,0,0,0,0,0,0,0,0,0,0
2023-05-18,木,10,47080,9515,56595,5660,0,0,6,66000,22385,88385,14731,3300,0,0,0,0,0,0,0,0,148280
2023-05-19,金,7,36740,5830,42570,6081,0,0,5,35450,12380,47830,9566,0,0,0,0,0,0,0,0,0,90400
2023-05-20,土,15,60390,19030,79420,5295,3300,0,4,33000,11990,44990,11248,0,0,0,0,0,0,0,0,0,127710
2023-05-21,日,27,117810,39325,157135,5820,0,0,68,612000,204000,816000,12000,0,0,0,0,0,0,0,0,0,973135
2023-05-22,月,19,90530,18370,108900,5732,0,0,4,49500,5500,55000,13750,3300,0,0,0,0,0,0,0,0,168172
2023-05-23,火,37,146740,14575,161315,4360,3300,0,7,99000,17160,116160,16594,6600,3300,0,0,0,0,0,0,0,290675
2023-05-24,水,0,0,0,0,0,0,0,0,0,0,0,0,0,0,0,0,0,0,0,0,0,0
2023-05-25,木,14,68530,57995,126525,9038,0,0,22,223850,55605,279455,12702,0,0,0,0,0,0,0,0,0,435980
2023-05-26,金,12,49500,4730,54230,4519,0,0,55,385000,165000,550000,10000,0,0,0,0,0,0,0,0,0,604230
2023-05-27,土,35,176330,23925,200255,5722,0,0,14,147800,22660,170460,12176,6600,0,0,0,0,0,0,0,0,377315
2023-05-28,日,22,107140,41140,148280,6740,3300,0,63,567000,189000,756000,12000,0,0,0,0,0,0,0,0,0,911180
2023-05-29,月,17,78650,17435,96085,5652,0,0,0,0,0,0,0,0,0,0,0,0,0,0,0,0,96085
2023-05-30,火,5,21890,2640,24530,4906,0,0,9,99000,29700,128700,14300,0,0,0,0,0,0,0,0,0,153230
2023-05-31,水,0,0,0,0,0,0,0,0,0,0,0,0,0,0,0,0,0,0,0,0,0,0
2023-06-01,木,51,245850,90000,335850,6585,0,0,2,14300,1265,15565,7782,0,0,0,0,0,0,0,0,0,351415
2023-06-02,金,4,18040,4180,22220,5555,0,0,16,176100,50960,227060,14191,3300,0,0,0,0,0,0,0,0,252580
2023-06-03,土,12,53780,9405,63185,5265,0,0,16,173800,52855,226655,14166,6600,0,0,0,0,0,0,0,0,296440
2023-06-04,日,23,107030,19415,126445,5498,14300,0,2,33000,2255,35255,17628,0,0,0,0,0,0,0,0,0,176000
2023-06-05,月,3,11550,880,12430,4143,0,0,7,77000,26455,103455,14779,0,0,0,0,0,0,0,0,0,115885
2023-06-06,火,24,129690,40315,170005,7084,13200,0,2,33000,13970,46970,23485,3300,0,0,0,0,0,0,0,0,233475
2023-06-07,水,0,0,0,0,0,0,0,0,0,0,0,0,0,0,0,0,0,0,0,0,0,0
2023-06-08,木,10,45100,15565,60665,6066,0,0,0,0,0,0,0,0,0,0,0,0,0,0,0,0,60665
2023-06-09,金,41,188540,50435,238975,5829,0,0,2,26400,2585,28985,14492,3300,0,0,0,0,0,0,0,0,271260
2023-06-10,土,23,131450,39765,171215,7444,33000,0,18,246700,51445,298145,16564,3300,0,0,0,0,0,0,0,0,505660
2023-06-11,日,10,47740,17105,64845,6484,0,0,30,297300,82810,380110,12670,3300,3300,0,0,0,0,0,0,0,451555
2023-06-12,月,24,103510,18260,121770,5074,0,0,5,55000,26345,81345,16269,0,0,0,0,0,0,0,0,0,203115
2023-06-13,火,16,98560,25080,123640,7728,33000,0,71,601500,195000,796500,11218,0,0,0,0,0,0,0,0,0,953140
2023-06-14,水,0,0,0,0,0,0,0,0,0,0,0,0,0,0,0,0,0,0,0,0,0,0
2023-06-15,木,15,70950,27610,98560,6571,0,0,21,154600,38930,193530,9216,0,0,0,0,0,0,0,0,0,292090
2023-06-16,金,14,76340,13145,89485,6392,7700,0,7,62150,19250,81400,11629,0,0,0,0,0,0,0,0,0,178585
2023-06-17,土,40,165800,40685,206485,5162,7700,0,52,312000,0,312000,6000,0,0,0,0,0,0,0,0,0,526185
2023-06-18,日,35,149930,40755,190685,5448,5500,0,10,114400,23870,138270,13827,0,0,0,0,0,0,0,0,0,334455
2023-06-19,月,14,59840,5500,65340,4667,0,0,2,26400,4620,31020,15510,3300,0,0,0,0,0,0,0,0,99660
2023-06-20,火,33,127050,0,127050,3850,0,0,61,567150,183000,750150,12298,0,0,0,0,0,0,0,0,0,877200
2023-06-21,水,0,0,0,0,0,0,0,15,412500,82500,495000,33000,0,0,0,0,0,0,0,0,0,495000
2023-06-22,木,33,131660,44500,176160,5338,0,0,31,243000,96900,339900,10965,0,0,0,0,0,0,0,0,0,516060
2023-06-23,金,25,111800,52510,164310,6572,0,0,33,334250,97250,431500,13076,8800,0,0,0,0,0,0,0,0,604610
2023-06-24,土,33,185130,29370,214500,6500,13200,0,7,88550,21230,109780,15683,6600,3300,0,0,0,0,0,0,0,347380
2023-06-25,日,51,254760,75735,330495,6480,0,0,11,121000,15235,136235,12385,0,0,0,0,0,0,0,0,0,466730
2023-06-26,月,38,201950,64360,266310,7008,7700,0,9,71300,12365,83665,9296,8800,0,0,0,0,0,0,0,0,366475
2023-06-27,火,9,43890,6875,50765,5641,0,0,70,592500,192000,784500,11207,0,0,0,0,0,0,0,0,0,835265
2023-06-28,水,0,0,0,0,0,0,0,0,0,0,0,0,0,0,0,0,0,0,0,0,0,0
2023-06-29,木,39,178450,36450,214900,5510,0,0,35,286160,137310,423470,12099,0,0,0,0,0,0,0,0,0,638370
2023-06-30,金,26,119900,32945,152845,5879,16500,0,8,81400,27170,108570,13571,8800,0,0,0,0,0,0,0,0,286715
2023-07-01,土,53,249100,50045,299145,5644,0,0,16,188100,51095,239195,14950,3300,0,0,0,0,0,0,0,0,546500
2023-07-02,日,24,90650,16550,107200,4467,0,0,0,0,0,0,0,0,0,0,0,0,0,0,0,0,107200
2023-07-03,月,9,42020,7315,49335,5482,0,0,9,119900,17975,137875,15319,0,0,0,0,0,0,0,0,0,187210
2023-07-04,火,26,111980,38665,150645,5794,6600,0,7,74250,29370,103620,14803,3300,0,0,0,0,0,0,0,0,264165
2023-07-05,水,35,157000,57940,214940,6141,0,0,0,0,0,0,0,0,0,0,0,0,0,0,0,0,214940
2023-07-06,木,4,18040,4840,22880,5720,0,0,4,50600,9295,59895,14974,3300,0,0,0,0,0,0,0,0,86075
2023-07-07,金,5,25850,5940,31790,6358,0,0,12,123750,31460,155210,12934,0,3300,0,0,0,0,0,0,0,190300
2023-07-08,土,4,11550,4070,15620,3905,0,0,21,198550,26950,225500,10738,6600,9900,0,0,0,0,0,0,0,257620
2023-07-09,日,28,118360,24585,142945,5105,5500,0,10,115500,19910,135410,13541,6600,0,0,0,0,0,0,0,0,370455
2023-07-10,月,32,143250,53395,196645,6145,0,0,8,81400,26565,107965,13496,3300,0,0,0,0,0,0,0,0,307910
2023-07-11,火,26,109300,34065,143365,5514,0,0,2,14300,5005,19305,9652,0,0,0,0,0,0,0,0,0,162670
2023-07-12,水,0,0,0,0,0,0,0,0,0,0,0,0,0,0,0,0,0,0,0,0,0,0
2023-07-13,木,13,63030,16720,79750,6135,0,0,10,129800,25520,155320,15532,0,0,0,0,0,0,0,0,0,235070
2023-07-14,金,21,120780,53790,174570,8313,13200,0,40,240000,80000,320000,8000,0,0,0,0,0,0,0,0,0,507770
2023-07-15,土,44,211970,27885,239855,5451,0,0,34,284490,97740,382230,11242,12100,4400,0,0,0,0,0,0,0,645806
2023-07-16,日,0,0,0,0,0,0,0,48,742210,135000,877210,18275,0,0,0,0,0,0,0,0,0,877210
2023-07-17,月,38,171040,33220,204260,5375,0,0,12,123200,26830,150030,12502,3300,6600,0,0,0,0,0,0,0,364190
2023-07-18,火,14,68640,12430,81070,5791,0,0,5,47850,17160,65010,13002,3300,0,0,0,0,0,0,0,0,149380
2023-07-19,水,0,0,0,0,0,0,0,0,0,0,0,0,0,0,0,0,0,0,0,0,0,0
2023-07-20,木,8,50600,13090,63690,7961,3300,0,6,58850,6765,65615,10936,0,0,0,0,0,0,0,0,0,132605
2023-07-21,金,20,106040,17765,123805,6190,3300,0,17,167750,39430,207180,12187,33000,0,0,0,0,0,0,0,0,367285
2023-07-22,土,12,55440,8690,64130,5344,0,0,20,202950,56365,259315,12966,3300,0,0,0,0,0,0,0,0,327717
2023-07-23,日,18,89760,15015,104775,5821,0,0,23,223850,46860,270710,11770,6600,10000,0,0,0,0,0,0,0,392085
2023-07-24,月,20,87560,14795,102355,5118,0,0,4,26400,5060,31460,7865,3300,0,0,0,0,0,0,0,0,137115
2023-07-25,火,24,98450,14465,112915,4705,0,0,8,69960,21715,91675,11459,3300,0,0,0,0,0,0,0,0,207890
2023-07-26,水,0,0,0,0,0,0,0,0,0,0,0,0,0,0,0,0,0,0,0,0,0,0
2023-07-27,木,26,106040,20075,126115,4851,0,0,5,55000,17050,72050,14410,0,0,0,0,0,0,0,0,0,198165
2023-07-28,金,4,20020,7535,27555,6889,0,0,8,77550,16380,93930,11741,0,3300,0,0,0,0,0,0,0,124785
2023-07-29,土,29,142670,35475,178145,6143,4400,0,28,303150,84760,387910,13854,6600,3300,0,0,0,0,0,0,0,580355
2023-07-30,日,31,177690,50625,228315,7365,0,0,9,111100,59115,170215,18913,0,0,0,0,0,0,0,0,0,398530
2023-07-31,月,4,17380,2695,20075,5019,0,0,4,52800,21065,73865,18466,0,0,0,0,0,0,0,0,0,93940
2023-08-01,火,9,43890,15180,59070,6563,0,0,0,0,0,0,0,0,0,0,0,0,0,0,0,0,59070
2023-08-02,水,0,0,0,0,0,0,0,0,0,0,0,0,0,0,0,0,0,0,0,0,0,0
2023-08-03,木,5,19250,3520,22770,4554,0,0,6,79200,21120,100320,16720,13200,0,0,0,0,0,0,0,0,136290
2023-08-04,金,30,127680,21920,149600,4987,0,0,26,261470,83325,344795,13261,0,0,0,0,0,0,0,0,0,494395
2023-08-05,土,8,35420,2695,38115,4764,3300,0,26,300910,67885,368795,14184,0,0,0,0,0,0,0,0,0,410210
2023-08-06,日,20,88220,14080,102300,5115,0,0,10,141900,28160,170060,17006,3300,0,0,0,0,0,0,0,0,275660
2023-08-07,月,14,59180,14135,73315,5237,0,0,9,119900,36300,156200,17356,0,0,0,0,0,0,0,0,0,229515
2023-08-08,火,14,59180,12320,71500,5107,4400,0,3,39600,2035,41635,13878,0,0,0,0,0,0,0,0,0,117535
2023-08-09,水,0,0,0,0,0,0,0,0,0,0,0,0,0,0,0,0,0,0,0,0,0,0
2023-08-10,木,17,83600,11220,94820,5578,0,3850,24,199870,51975,251845,10494,24200,3300,0,0,0,0,0,0,0,378015
2023-08-11,金,23,102410,25080,127490,5543,4400,0,26,246670,103940,350610,13485,20900,0,0,0,0,0,0,0,0,505600
2023-08-12,土,25,128810,31735,160545,6422,4400,0,19,224400,64515,288915,15206,3300,3300,0,0,0,0,0,0,0,461432
2023-08-13,日,29,142670,36740,179410,6187,4400,0,7,72600,12695,85295,12185,0,0,0,0,0,0,0,0,0,269105
2023-08-14,月,36,159170,44330,203500,5653,7700,0,21,265320,73910,339230,16154,8800,0,0,0,0,0,0,0,0,559230
2023-08-15,火,28,115720,28325,144045,5144,0,0,8,81070,25230,106300,13288,4400,0,0,0,0,0,0,0,0,254745
2023-08-16,水,8,32120,8305,40425,5053,0,0,8,96250,29920,126170,15771,0,0,0,0,0,0,0,0,0,166595
2023-08-17,木,0,0,0,0,0,0,0,2,18700,5270,23970,11985,0,0,0,0,0,0,0,0,0,23970
2023-08-18,金,8,32780,10120,42900,5362,0,0,15,137200,44820,182020,12135,3300,0,0,0,0,0,0,0,0,228220
2023-08-19,土,26,151140,39160,190300,7319,13200,0,9,85250,64945,150195,16688,0,3300,0,0,0,0,0,0,0,356995
2023-08-20,日,23,116380,19690,136070,5916,3300,3300,31,251900,37995,289895,9351,19800,0,0,0,0,0,0,0,0,452365
2023-08-21,月,3,11550,1925,13475,4492,0,0,24,234300,70500,304800,12700,0,0,0,0,0,0,0,0,0,318275
2023-08-22,火,2,14300,1320,15620,7810,0,0,9,88000,7645,95645,10627,0,0,0,0,0,0,0,0,0,111265
2023-08-23,水,0,0,0,0,0,0,0,0,0,0,0,0,0,0,0,0,0,0,0,0,0,0
2023-08-24,木,12,62040,15290,77330,6444,0,0,13,128700,44760,173460,13343,0,0,0,0,0,0,0,0,0,250790
2023-08-25,金,21,83820,15675,99495,4738,0,0,16,214800,48810,263610,16476,3300,0,0,0,0,0,0,0,0,366405
2023-08-26,土,22,99550,43780,143330,6515,0,0,22,265650,88045,353695,16077,38500,3300,0,0,0,0,0,0,0,538825
2023-08-27,日,21,106590,18370,124960,5950,0,0,3,49500,19800,69300,23100,0,0,0,0,0,0,0,0,0,194260
2023-08-28,月,14,71720,9570,81290,5806,0,0,14,156750,32725,189475,13534,0,3300,0,0,0,0,0,0,0,274065
2023-08-29,火,23,85980,21965,107945,4693,0,0,2,26400,14300,40700,20350,3300,0,0,0,0,0,0,0,0,155545
2023-08-30,水,0,0,0,0,0,0,0,0,0,0,0,0,0,0,0,0,0,0,0,0,0,0
2023-08-31,木,15,64350,6490,70840,4723,0,0,15,180950,64000,244950,16330,8800,0,0,0,0,0,0,0,0,324590
2023-09-01,金,6,32340,5500,37840,6307,0,0,0,0,0,0,0,0,0,0,0,0,0,0,0,0,37840
2023-09-02,土,20,83600,18700,102300,5115,0,0,21,209000,48070,257070,12241,16500,0,0,0,0,0,0,0,0,375870
2023-09-03,日,14,63800,9295,73095,5221,0,0,19,178450,41350,219800,11568,11000,0,0,0,0,0,0,0,0,303895
2023-09-04,月,18,85690,10230,95920,5329,0,0,7,66000,11330,77330,11047,3300,0,0,0,0,0,0,0,0,176550
2023-09-05,火,16,61600,13860,75460,4716,0,0,7,82500,34485,116985,16712,6600,0,0,0,0,0,0,0,0,199045
2023-09-06,水,0,0,0,0,0,0,0,120,924000,396000,1320000,11000,0,0,0,0,0,0,0,0,0,1320000
2023-09-07,木,20,89540,13970,103510,5176,0,0,9,118800,14795,133595,14844,13200,0,0,0,0,0,0,0,0,250305
2023-09-08,金,28,120700,23785,144485,5160,0,0,92,644000,276000,920000,10000,0,0,0,0,0,0,0,0,0,1097485
2023-09-09,土,3,15510,1980,17490,5830,0,0,17,151800,15720,167520,9854,0,0,0,0,0,0,0,0,0,185010
2023-09-10,日,6,45430,14080,59510,9918,3300,0,23,229500,63875,293375,12755,16500,3300,0,0,0,0,0,0,0,375985
2023-09-11,月,22,92620,19525,112145,5098,0,0,11,129800,33880,163680,14880,12100,3300,0,0,0,0,0,0,0,291225
2023-09-12,火,9,60940,14135,75075,8342,5500,3850,60,420000,180000,600000,10000,0,0,0,0,0,0,0,0,0,684425
2023-09-13,水,0,0,0,0,0,0,0,0,0,0,0,0,0,0,0,0,0,0,0,0,0,0
2023-09-14,木,16,60610,14245,74855,4678,0,0,0,0,0,0,0,0,0,0,0,0,0,0,0,0,76406
2023-09-15,金,55,189900,109265,299165,5439,0,0,14,120900,31955,152855,10918,3300,0,0,0,0,0,0,0,0,456670
2023-09-16,土,34,189090,40040,229130,6739,0,0,19,196900,48235,245135,12902,6600,0,0,0,0,0,0,0,0,480865
2023-09-17,日,12,73260,14520,87780,7315,0,0,34,298300,105390,403690,11873,6600,0,0,0,0,0,0,0,0,498070
2023-09-18,月,26,133100,36300,169400,6515,9900,0,15,146300,31130,177430,11829,6600,0,0,0,0,0,0,0,0,363330
2023-09-19,火,0,0,0,0,0,0,0,0,0,0,0,0,0,0,0,0,0,0,0,0,0,0
2023-09-20,水,0,0,0,0,0,0,0,0,0,0,0,0,0,0,0,0,0,0,0,0,0,0
2023-09-21,木,3,15510,2090,17600,5867,0,0,76,560000,214160,774160,10186,0,35750,0,0,0,0,0,0,0,827510
2023-09-22,金,13,50160,10395,60555,4658,0,0,8,70400,17600,88000,11000,0,0,0,0,0,0,0,0,0,148555
2023-09-23,土,62,423500,109625,533125,8599,0,0,5,53900,7690,61590,12318,0,0,0,0,0,0,0,0,0,594715
2023-09-24,日,18,81180,16610,97790,5433,0,0,7,50050,14015,64065,9152,3300,0,0,0,0,0,0,0,0,165155
2023-09-25,月,8,44000,6820,50820,6352,3300,0,20,175000,50085,225085,11254,0,0,0,0,0,0,0,0,0,279205
2023-09-26,火,25,102850,41745,144595,5784,0,0,23,226050,66000,292050,12698,0,0,0,0,0,0,0,0,0,436645
2023-09-27,水,0,0,0,0,0,0,0,0,0,0,0,0,0,0,0,0,0,0,0,0,0,0
2023-09-28,木,4,20680,7150,27830,6958,0,0,48,327500,176500,504000,10500,0,0,0,0,0,0,0,0,0,531830
2023-09-29,金,0,0,0,0,0,0,0,81,810000,243000,1053000,13000,0,0,0,0,0,0,0,0,0,1058500
2023-09-30,土,4,17160,6050,23210,5802,2200,0,24,288000,72000,360000,15000,0,0,0,0,0,0,0,0,0,385410
2023-10-01,日,34,147400,28490,175890,5173,6600,0,9,106700,22055,128755,14306,3300,0,0,0,0,0,0,0,0,314545
2023-10-02,月,0,0,0,0,0,0,0,0,0,0,0,0,0,0,0,0,0,0,0,0,0,0
2023-10-03,火,10,48400,4015,52415,5242,0,0,6,58400,23540,81940,13657,3300,0,0,0,0,0,0,0,0,137655
2023-10-04,水,0,0,0,0,0,0,0,0,0,0,0,0,0,0,0,0,0,0,0,0,0,0
2023-10-05,木,0,0,0,0,0,0,0,65,1111000,357500,1468500,22592,0,0,0,0,0,0,0,0,0,1468500
2023-10-06,金,14,146400,10780,157180,11227,0,0,17,125400,31790,157190,9246,3300,3300,0,0,0,0,0,0,0,320970
2023-10-07,土,7,29250,4730,33980,4854,0,0,11,121000,27170,148170,13470,3300,0,0,0,0,0,0,0,0,185450
2023-10-08,日,34,115100,37490,152590,4488,0,0,30,311350,72790,384140,12805,28600,3300,0,0,0,0,0,0,0,568630
2023-10-09,月,20,75020,13255,88275,4414,0,0,14,109800,24750,134550,9611,6600,0,0,0,0,0,0,0,0,229425
2023-10-10,火,15,57750,71940,129690,8646,14300,0,2,22000,3685,25685,12842,0,0,0,0,0,0,0,0,0,169675
2023-10-11,水,0,0,0,0,0,0,0,34,510000,102000,612000,18000,0,0,0,0,0,0,0,0,0,616500
2023-10-12,木,37,125600,85000,210600,5692,0,0,4,44000,33605,77605,19401,0,0,0,0,0,0,0,0,0,288205
2023-10-13,金,2,7700,1430,9130,4565,0,0,72,720000,288000,1008000,14000,0,0,0,0,0,0,0,0,0,1025530
2023-10-14,土,19,91610,32945,124555,6556,0,0,21,204200,51370,255570,12170,3300,3300,0,0,0,0,0,0,0,386725
2023-10-15,日,14,63440,14740,78180,5584,6600,0,12,99550,14245,113795,9483,0,0,0,0,0,0,0,0,0,198575
2023-10-16,月,42,129070,46620,175690,4183,0,0,5,67650,3960,71610,14322,0,0,0,0,0,0,0,0,0,247300
2023-10-17,火,21,95000,14990,109990,5238,0,0,30,266750,82170,348920,11631,3300,3300,0,0,0,0,0,0,0,465510
2023-10-18,水,0,0,0,0,0,0,0,0,0,0,0,0,0,0,0,0,0,0,0,0,0,0
2023-10-19,木,46,161000,53260,214260,4658,0,0,0,0,0,0,0,0,0,0,0,0,0,0,0,0,214260
2023-10-20,金,35,118600,91180,209780,5994,0,0,39,404250,35805,440055,11283,0,0,0,0,0,0,0,0,0,650735
2023-10-21,土,38,200000,23760,223760,5888,0,0,9,103950,28325,132275,14697,0,3300,0,0,0,0,0,0,0,387735
2023-10-22,日,25,128590,25630,154220,6169,8800,0,2,22550,3520,26070,13035,3300,3300,0,0,0,0,0,0,0,195690
2023-10-23,月,4,15400,3300,18700,4675,0,0,3,21450,13750,35200,11733,0,0,0,0,0,0,0,0,0,53900
2023-10-24,火,0,0,0,0,0,0,0,0,0,0,0,0,0,0,0,0,0,0,0,0,0,0
2023-10-25,水,0,0,0,0,0,0,0,0,0,0,0,0,0,0,0,0,0,0,0,0,0,0
2023-10-26,木,47,186950,64265,251215,5345,0,0,0,0,0,0,0,0,0,0,0,0,0,0,0,0,254815
2023-10-27,金,27,185200,51980,237180,8784,3300,0,12,121600,37305,158905,13242,0,0,0,0,0,0,0,0,0,399385
2023-10-28,土,15,77650,22005,99655,6644,0,0,8,102850,36740,139590,17449,11000,0,0,0,0,0,0,0,0,250245
2023-10-29,日,27,98610,19580,118190,4377,0,0,8,74300,29290,103590,12949,0,0,0,0,0,0,0,0,0,221780
2023-10-30,月,13,71940,13310,85250,6558,0,0,2,14300,1540,15840,7920,0,0,0,0,0,0,0,0,0,101090
2023-10-31,火,0,0,0,0,0,0,0,0,0,0,0,0,0,0,0,0,0,0,0,0,0,0
2023-11-01,水,0,0,0,0,0,0,0,0,0,0,0,0,0,0,0,0,0,0,0,0,0,0
2023-11-02,木,11,44330,8580,52910,4810,0,0,4,40700,4840,45540,11385,3300,0,0,0,0,0,0,0,0,101750
2023-11-03,金,32,148940,28875,177815,5557,2200,0,20,231000,51590,282590,14130,3300,0,0,0,0,0,0,0,0,465905
2023-11-04,土,10,58300,18645,76945,7694,0,0,4,59400,6655,66055,16514,0,0,0,0,0,0,0,0,0,143000
2023-11-05,日,26,133650,31955,165605,6369,0,0,4,48400,7315,55715,13929,3300,0,0,0,0,0,0,0,0,224620
2023-11-06,月,6,32340,2255,34595,5766,0,0,0,0,0,0,0,0,0,0,0,0,0,0,0,0,34595
2023-11-07,火,2,14300,3465,17765,8882,0,0,11,138050,101200,239250,21750,3300,3300,0,0,0,0,0,0,0,263615
2023-11-08,水,0,0,0,0,0,0,0,0,0,0,0,0,0,0,0,0,0,0,0,0,0,0
2023-11-09,木,14,63140,9460,72600,5186,0,0,12,149600,49775,199375,16615,0,0,0,0,0,0,0,0,0,271975
2023-11-10,金,10,38500,2310,40810,4081,0,0,28,195800,34430,230230,8222,0,0,0,0,0,0,0,0,0,271040
2023-11-11,土,32,123200,38500,161700,5053,0,0,14,127270,27005,154275,11020,11000,3850,0,0,0,0,0,0,0,330825
2023-11-12,日,23,140630,34815,175445,7628,3300,0,18,220000,71775,291775,16210,17600,0,0,0,0,0,0,0,0,488120
2023-11-13,月,0,0,0,0,0,0,0,40,281600,42075,323675,8092,0,0,0,0,0,0,0,0,0,323675
2023-11-14,火,14,88880,4510,93390,6671,7700,0,7,66500,19975,86475,12354,0,0,0,0,0,0,0,0,0,187565
2023-11-15,水,0,0,0,0,0,0,0,0,0,0,0,0,0,0,0,0,0,0,0,0,0,0
2023-11-16,木,9,42570,6050,48620,5402,0,0,2,18700,3520,22220,11110,3300,0,0,0,0,0,0,0,0,74140
2023-11-17,金,9,36860,13855,50715,5635,0,0,13,118470,22000,140470,10805,15400,0,0,0,0,0,0,0,0,206585
2023-11-18,土,37,184030,36850,220880,5970,0,0,18,226050,55935,281985,15666,6600,3300,0,0,0,0,0,0,0,512765
2023-11-19,日,20,191100,48600,239700,11985,0,0,4,45100,6710,51810,12952,6600,6600,0,0,0,0,0,0,0,304710
2023-11-20,月,3,11550,2310,13860,4620,0,0,0,0,0,0,0,0,0,0,0,0,0,0,0,0,13860
2023-11-21,火,0,0,0,0,0,0,0,0,0,0,0,0,0,0,0,0,0,0,0,0,0,0
2023-11-22,水,0,0,0,0,0,0,0,0,0,0,0,0,0,0,0,0,0,0,0,0,0,0
2023-11-23,木,35,162960,27665,190625,5446,0,0,6,75350,29315,104665,17444,3300,3300,0,0,0,0,0,0,0,301890
2023-11-24,金,23,95810,19030,114840,4993,0,0,16,172150,28105,200255,12516,0,17050,0,0,0,0,0,0,0,332145
2023-11-25,土,12,46200,19140,65340,5445,0,0,24,232320,60775,293095,12212,6600,3300,0,0,0,0,0,0,0,368335
2023-11-26,日,39,236270,46225,282495,7243,0,0,0,0,0,0,0,0,0,0,0,0,0,0,0,0,282495
2023-11-27,月,3,15510,2695,18205,6068,0,0,2,22550,3575,26125,13062,3300,3300,0,0,0,0,0,0,0,50930
2023-11-28,火,26,412720,47135,459855,17687,0,0,0,0,0,0,0,0,0,0,0,0,0,0,0,0,459855
2023-11-29,水,0,0,0,0,0,0,0,0,0,0,0,0,0,0,0,0,0,0,0,0,0,0
2023-11-30,木,10,51700,4510,56210,5621,0,0,2,33000,2035,35035,17518,0,0,0,0,0,0,0,0,0,91245
2023-12-01,金,10,41140,3520,44660,4466,0,0,2,33000,14630,47630,23815,0,0,0,0,0,0,0,0,0,92290
2023-12-02,土,34,125950,52700,178650,5254,0,0,32,375150,89970,465120,14535,3300,3300,0,0,0,0,0,0,0,669950
2023-12-03,日,29,131060,33605,164665,5678,6600,0,2,22000,5830,27830,13915,0,0,0,0,0,0,0,0,0,199095
2023-12-04,月,11,42350,13420,55770,5070,0,0,2,26400,5500,31900,15950,3300,0,0,0,0,0,0,0,0,90970
2023-12-05,火,0,0,0,0,0,0,0,0,0,0,0,0,0,0,0,0,0,0,0,0,0,0
2023-12-06,水,0,0,0,0,0,0,0,0,0,0,0,0,0,0,0,0,0,0,0,0,0,0
2023-12-07,木,11,51590,9460,61050,5550,0,0,0,0,0,0,0,0,0,0,0,0,0,0,0,0,61050
2023-12-08,金,7,50050,15345,65395,9342,5500,0,12,145000,28970,173970,14498,0,0,0,0,0,0,0,0,0,244865
2023-12-09,土,23,81950,32300,114250,4967,0,0,60,506000,164285,670285,11171,0,0,0,0,0,0,0,0,0,787615
2023-12-10,日,28,132580,29065,161645,5773,0,0,6,67100,11605,78705,13118,3300,6600,0,0,0,0,0,0,0,250250
2023-12-11,月,2,10340,5390,15730,7865,0,0,2,30250,11550,41800,20900,3300,3300,0,0,0,0,0,0,0,64130
2023-12-12,火,12,45320,4455,49775,4148,0,0,37,248500,15565,264065,7137,0,0,0,0,0,0,0,0,0,334840
2023-12-13,水,0,0,0,0,0,0,0,0,0,0,0,0,0,0,0,0,0,0,0,0,0,0
2023-12-14,木,8,40040,6325,46365,5796,0,0,0,0,0,0,0,0,0,0,0,0,0,0,0,0,46365
2023-12-15,金,2,7700,1430,9130,4565,0,0,33,403700,99000,502700,15233,0,0,0,0,0,0,0,0,0,511830
2023-12-16,土,17,74690,23100,97790,5752,0,0,19,226050,54560,280610,14769,6600,8800,0,0,0,0,0,0,0,393800
2023-12-17,日,21,101970,11110,113080,5385,0,0,12,122650,16720,139370,11614,6600,8300,0,0,0,0,0,0,0,267350
2023-12-18,月,9,40590,5720,46310,5146,0,0,2,14300,1430,15730,7865,0,0,0,0,0,0,0,0,0,62040
2023-12-19,火,9,64350,5885,70235,7804,5500,0,8,91300,53845,145145,18143,6600,0,0,0,0,0,0,0,0,227480
2023-12-20,水,0,0,0,0,0,0,0,0,0,0,0,0,0,0,0,0,0,0,0,0,0,0
2023-12-21,木,4,63040,3410,66450,16612,66000,0,7,92400,30614,123014,17573,0,0,0,0,0,0,0,0,0,255464
2023-12-22,金,5,35750,2090,37840,7568,0,0,8,132000,12155,144155,18019,6600,0,0,0,0,0,0,0,0,188595
2023-12-23,土,30,211420,49170,260590,8686,8800,0,29,478500,138765,617265,21285,6600,7850,0,0,0,0,0,0,0,901160
2023-12-24,日,32,228800,32395,261195,8162,6600,0,35,577500,129250,706750,20193,39600,0,0,0,0,0,0,0,0,1014145
2023-12-25,月,16,133100,26620,159720,9982,6600,0,26,429000,96195,525195,20200,6600,0,0,0,0,0,0,0,0,698115
2023-12-26,火,9,49500,11880,61380,6820,0,3300,4,42900,6820,49720,12430,3300,0,0,0,0,0,0,0,0,117700
2023-12-27,水,0,0,0,0,0,0,0,0,0,0,0,0,0,0,0,0,0,0,0,0,0,0
2023-12-28,木,0,0,0,0,0,0,0,0,0,0,0,0,0,0,0,0,0,0,0,0,0,0
2023-12-29,金,0,0,0,0,0,0,0,0,0,0,0,0,0,0,0,0,0,0,0,0,0,0
2023-12-30,土,0,0,0,0,0,0,0,0,0,0,0,0,0,0,0,0,0,0,0,0,0,0
2023-12-31,日,43,0,0,0,0,0,0,0,0,0,0,0,0,0,0,0,0,0,0,0,0,1532736
2024-04-01,月,0,0,0,0,0,0,0,2,22000,3080,25080,12540,0,0,0,0,0,0,0,0,0,25080
2024-04-02,火,0,0,0,0,0,0,0,0,0,0,0,0,0,0,0,0,0,0,0,0,0,0
2024-04-03,水,0,0,0,0,0,0,0,0,0,0,0,0,0,0,0,0,0,0,0,0,0,0
2024-04-04,木,11,42350,7865,50215,4565,0,0,4,51700,19800,71500,17875,3300,0,0,0,0,0,0,0,0,125015
2024-04-05,金,6,36300,8525,44825,7471,3300,0,6,69300,11715,81015,13502,0,0,0,0,0,0,0,0,0,129140
2024-04-06,土,24,133980,26730,160710,6696,5500,0,16,189475,23485,212960,13310,29150,3630,0,0,0,0,0,0,0,411950
2024-04-07,日,26,170830,38060,208890,8034,0,0,5,48950,17765,66715,13343,0,0,0,0,0,0,0,0,0,275605
2024-04-08,月,14,74360,15455,89815,6415,0,0,0,0,0,0,0,0,0,0,0,0,0,0,0,0,89815
2024-04-09,火,11,45650,4730,50380,4580,0,0,10,116270,63360,179630,17963,13200,0,0,0,0,0,0,0,0,243210
2024-04-10,水,0,0,0,0,0,0,0,0,0,0,0,0,0,0,0,0,0,0,0,0,0,0
2024-04-11,木,0,0,0,0,0,0,0,8,107800,30085,137885,17236,6600,0,0,0,0,0,0,0,0,144485
2024-04-12,金,43,194600,44045,238645,5550,0,0,5,60000,15000,75000,15000,0,0,0,0,0,0,0,0,0,314745
2024-04-13,土,10,60280,9790,70070,7007,0,0,4,48950,7390,56340,14085,3300,3630,0,0,0,0,0,0,0,133340
2024-04-14,日,21,90750,10725,101475,4832,0,0,4,50600,8470,59070,14768,6600,0,0,0,0,0,0,0,0,167145
2024-04-15,月,7,38170,7260,45430,6490,0,0,0,0,0,0,0,0,0,0,0,0,0,0,0,0,45430
2024-04-16,火,4,15400,1540,16940,4235,0,0,0,0,0,0,0,0,0,0,0,0,0,0,0,0,16940
2024-04-17,水,0,0,0,0,0,0,0,0,0,0,0,0,0,0,0,0,0,0,0,0,0,0
2024-04-18,木,8,37400,6765,44165,5521,0,0,1,11000,935,11935,11935,0,0,0,0,0,0,0,0,0,56100
2024-04-19,金,6,28380,3410,31790,5298,0,0,5,42790,10780,53570,10714,6600,0,0,0,0,0,0,0,0,91960
2024-04-20,土,24,133980,25850,159830,6660,11000,0,21,249400,70395,319795,15228,0,0,0,0,0,0,0,0,0,490625
2024-04-21,日,22,118272,11770,130042,5911,5500,0,8,105050,10615,115665,14458,0,3630,0,0,0,0,0,0,0,254837
2024-04-22,月,5,29150,2695,31845,6369,0,0,2,22550,6710,29260,14630,3300,3630,0,0,0,0,0,0,0,68035
2024-04-23,火,13,61270,5995,67265,5174,0,0,3,21000,9000,30000,10000,0,0,0,0,0,0,0,0,0,97265
2024-04-24,水,0,0,0,0,0,0,0,0,0,0,0,0,0,0,0,0,0,0,0,0,0,0
2024-04-25,木,20,73700,6545,80245,4012,0,0,0,0,0,0,0,0,0,0,0,0,0,0,0,0,82170
2024-04-26,金,40,180500,71235,251735,6293,0,0,7,105600,33165,138765,19824,0,0,0,0,0,0,0,0,0,445500
2024-04-27,土,12,74800,8580,83380,6948,0,0,21,254750,64100,318850,15183,0,0,0,0,0,0,0,0,0,444230
2024-04-28,日,28,158960,30415,189375,6763,6600,7260,40,436380,110500,546880,13672,0,0,0,0,0,0,0,0,0,750115
2024-04-29,月,23,121550,17545,139095,6048,6600,0,2,23100,1650,24750,12375,0,0,0,0,0,0,0,0,0,170445
2024-04-30,火,8,40040,715,40755,5094,0,0,2,23100,7975,31075,15538,3300,0,0,0,0,0,0,0,0,75130
2024-05-01,水,25,115170,50655,165825,6633,3300,0,2,30250,3795,34045,17022,0,0,0,0,0,0,0,0,0,203390
2024-05-02,木,39,114400,52520,166920,4280,0,0,7,151800,34925,186725,26675,0,0,0,0,0,0,0,0,0,357495
2024-05-03,金,30,146740,21175,167915,5597,5500,0,17,173800,62425,236225,13896,6600,3630,0,0,0,0,0,0,0,419870
2024-05-04,土,30,158880,41210,200090,6670,3300,0,8,105050,9570,114620,14328,3300,3630,0,0,0,0,0,0,0,324940
2024-05-05,日,35,165110,36905,202015,5772,0,0,12,111100,16445,127545,10629,16500,0,0,0,0,0,0,0,0,346060
2024-05-06,月,23,146620,17390,164010,7131,0,0,4,49500,8085,57585,14396,0,0,0,0,0,0,0,0,0,221595
2024-05-07,火,9,53340,9000,62340,6927,0,0,0,0,0,0,0,0,0,0,0,0,0,0,0,0,62340
2024-05-08,水,0,0,0,0,0,0,0,0,0,0,0,0,0,0,0,0,0,0,0,0,0,0
2024-05-09,木,31,153670,40975,194645,6279,13200,0,0,0,0,0,0,0,0,0,0,0,0,0,0,0,207845
2024-05-10,金,11,68090,9405,77495,7045,0,0,2,18700,1300,20000,10000,0,0,0,0,0,0,0,0,0,97495
2024-05-11,土,19,98550,14895,113445,5971,0,4840,0,0,0,0,0,0,0,0,0,0,0,0,0,0,118285
2024-05-12,日,20,96140,12265,108405,5420,0,1210,6,45100,10835,55935,9322,0,0,0,0,0,0,0,0,0,165550
2024-05-13,月,29,131150,22960,154110,5314,0,0,0,0,0,0,0,0,0,0,0,0,0,0,0,0,154110
2024-05-14,火,18,79200,9790,88990,4944,0,0,2,22550,6105,28655,14328,0,3630,0,0,0,0,0,0,0,121275
2024-05-15,水,0,0,0,0,0,0,0,0,0,0,0,0,0,0,0,0,0,0,0,0,0,0
2024-05-16,木,6,32340,2145,34485,5748,0,0,63,441000,189000,630000,10000,0,0,0,0,0,0,0,0,0,664485
2024-05-17,金,17,82610,19745,102355,6021,0,0,8,91300,24475,115775,14472,3300,0,0,0,0,0,0,0,0,276430
2024-05-18,土,14,72380,14025,86405,6172,0,0,15,208450,33770,242220,16148,3300,3630,0,0,0,0,0,0,0,335555
2024-05-19,日,35,163220,45330,208550,5959,8800,3630,9,95436,17061,112497,12500,0,0,0,0,0,0,0,0,0,333477
2024-05-20,月,21,116490,24695,141185,6723,0,0,8,86600,31960,118560,14820,3300,0,0,0,0,0,0,0,0,263045
2024-05-21,火,2,14300,1430,15730,7865,0,0,6,60000,18000,78000,13000,0,0,0,0,0,0,0,0,0,93730
2024-05-22,水,32,227700,157795,385495,12047,0,0,0,0,0,0,0,0,0,0,0,0,0,0,0,0,388795
2024-05-23,木,17,93060,8195,101255,5956,0,0,4,39600,23760,63360,15840,3300,0,0,0,0,0,0,0,0,167915
2024-05-24,金,23,102080,30835,132915,5779,0,3630,5,44000,8985,52985,10597,3300,3630,0,0,0,0,0,0,0,196460
2024-05-25,土,17,91080,13420,104500,6147,0,0,12,135350,41140,176490,14708,6600,3630,0,0,0,0,0,0,0,291220
2024-05-26,日,34,157960,28325,186285,5479,0,0,18,160600,36245,196845,10936,0,0,0,0,0,0,0,0,0,383130
2024-05-27,月,52,200200,0,200200,3850,0,0,4,45100,7700,52800,13200,0,0,0,0,0,0,0,0,0,253000
2024-05-28,火,30,153120,28140,181260,6042,0,0,20,186450,52360,238810,11940,3300,0,0,0,0,0,0,0,0,423370
2024-05-29,水,0,0,0,0,0,0,0,0,0,0,0,0,0,0,0,0,0,0,0,0,0,0
2024-05-30,木,6,27720,4840,32560,5427,0,0,3,21450,3025,24475,8158,0,0,0,0,0,0,0,0,0,57035
2024-05-31,金,19,87120,11495,98615,5190,7700,0,4,45650,9680,55330,13832,3300,0,0,0,0,0,0,0,0,164945
2024-06-01,土,18,93720,14300,108020,6001,3300,0,7,98450,23925,122375,17482,3300,3630,0,0,0,0,0,0,0,240625
2024-06-02,日,28,94800,53195,147995,5286,0,0,5,53900,16005,69905,13981,3300,0,0,0,0,0,0,0,0,221200
2024-06-03,月,9,50490,21560,72050,8006,0,0,6,77000,11580,88580,14763,6600,3630,0,0,0,0,0,0,0,170860
2024-06-04,火,0,0,0,0,0,0,0,36,432000,108000,540000,15000,0,0,0,0,0,0,0,0,0,573000
2024-06-05,水,0,0,0,0,0,0,0,0,0,0,0,0,0,0,0,0,0,0,0,0,0,0
2024-06-06,木,31,183150,5720,188870,6093,0,0,2,26400,13200,39600,19800,0,0,0,0,0,0,0,0,0,228470
2024-06-07,金,20,103400,9945,113345,5667,0,0,23,144400,35475,179875,7821,3300,3630,0,0,0,0,0,0,0,300150
2024-06-08,土,0,0,0,0,0,0,0,18,120190,41390,161580,8977,33000,0,34,338070,92500,0,0,463570,13634,658150
2024-06-09,日,21,119130,19470,138600,6600,5500,0,7,76450,12100,88550,12650,6600,3630,0,0,0,0,0,0,0,242880
2024-06-10,月,15,80190,18480,98670,6578,0,0,8,113850,13750,127600,15950,7700,3630,0,0,0,0,0,0,0,237600
2024-06-11,火,18,165550,40810,206360,11464,0,0,3,39600,4235,43835,14612,0,0,0,0,0,0,0,0,0,250195
2024-06-12,水,0,0,0,0,0,0,0,0,0,0,0,0,0,0,0,0,0,0,0,0,0,0
2024-06-13,木,22,120340,10450,130790,5945,0,0,11,107800,26510,134310,12210,4400,3630,0,0,0,0,0,0,0,273130
2024-06-14,金,0,0,0,0,0,0,0,60,685500,321375,1006875,16781,0,0,0,0,0,0,0,0,0,1006875
2024-06-15,土,14,75120,14960,90080,6434,0,0,24,256600,67205,323805,13492,3300,7260,0,0,0,0,0,0,0,424445
2024-06-16,日,25,115550,55200,170750,6830,0,0,16,178640,36190,214830,13427,0,0,0,0,0,0,0,0,0,385580
2024-06-17,月,21,105380,12485,117865,5613,3300,0,8,67650,1980,69630,8704,0,0,0,0,0,0,0,0,0,190795
2024-06-18,火,27,138480,51715,190195,7044,0,0,11,136400,27775,164175,14925,6600,3630,0,0,0,0,0,0,0,364600
2024-06-19,水,0,0,0,0,0,0,0,45,363890,125400,489290,10873,0,0,0,0,0,0,0,0,0,489290
2024-06-20,木,24,104160,21290,125450,5227,0,0,8,71830,14135,85965,10746,0,0,0,0,0,0,0,0,0,211415
2024-06-21,金,24,98630,24460,123090,5129,0,0,22,226600,76450,303050,13775,22000,3630,0,0,0,0,0,0,0,451770
2024-06-22,土,24,121440,19745,141185,5883,0,0,20,223025,64900,287925,14396,14300,16940,0,0,0,0,0,0,0,460350
2024-06-23,日,0,0,0,0,0,0,0,0,0,0,0,0,0,0,35,373750,95500,0,0,469250,13407,469250
2024-06-24,月,0,0,0,0,0,0,0,0,0,0,0,0,0,0,23,309000,76350,0,0,385350,16754,385350
2024-06-25,火,27,133010,46885,179895,6663,14300,0,10,138150,30660,168810,16881,4400,0,0,0,0,0,0,0,0,367405
2024-06-26,水,0,0,0,0,0,0,0,13,88550,19495,108045,8311,0,0,0,0,0,0,0,0,0,108045
2024-06-27,木,18,77100,13980,91080,5060,0,0,28,173250,66000,239250,8545,0,0,0,0,0,0,0,0,0,332750
2024-06-28,金,23,92890,19610,112500,4891,0,0,33,290750,44220,334970,10151,0,0,0,0,0,0,0,0,0,447470
2024-06-29,土,19,110770,27445,138215,7274,0,0,24,284350,66495,350845,14619,6600,8630,0,0,0,0,0,0,0,504290
2024-06-30,日,15,82390,8360,90750,6050,0,0,10,101200,21945,123145,12314,6600,3630,0,0,0,0,0,0,0,224125
2024-07-01,月,14,63800,6435,70235,5017,0,0,17,140000,46790,186790,10988,0,0,0,0,0,0,0,0,0,257025
2024-07-02,火,0,0,0,0,0,0,0,54,594000,118800,712800,13200,0,0,0,0,0,0,0,0,0,767800
2024-07-03,水,0,0,0,0,0,0,0,0,0,0,0,0,0,0,0,0,0,0,0,0,0,0
2024-07-04,木,23,116750,23100,139850,6080,0,0,24,289250,23530,312780,13032,3300,3630,0,0,0,0,0,0,0,459560
2024-07-05,金,25,115000,19200,134200,5368,0,0,12,142450,27995,170445,14204,6600,3630,0,0,0,0,0,0,0,314875
2024-07-06,土,36,161710,63245,224955,6249,0,0,27,303875,65340,369215,13675,6600,16940,0,0,0,0,0,0,0,617710
2024-07-07,日,18,206200,51000,257200,14289,0,0,10,125400,31945,157345,15734,3300,7260,0,0,0,0,0,0,0,425105
2024-07-08,月,27,129850,29070,158920,5886,0,0,10,106700,20515,127215,12722,0,0,0,0,0,0,0,0,0,286135
2024-07-09,火,33,151740,28055,179795,5448,0,0,7,66650,14720,81370,11624,3300,3630,0,0,0,0,0,0,0,268095
2024-07-10,水,0,0,0,0,0,0,0,0,0,0,0,0,0,0,0,0,0,0,0,0,0,0
2024-07-11,木,20,98230,14960,113190,5660,0,0,6,59400,32745,92145,15358,0,0,0,0,0,0,0,0,0,205335
2024-07-12,金,29,138980,22500,161480,5568,0,0,17,250850,51425,302275,17781,0,0,0,0,0,0,0,0,0,463755
2024-07-13,土,19,103840,10505,114345,6018,0,0,32,341000,59830,400830,12526,3300,3630,0,0,0,0,0,0,0,522105
2024-07-14,日,29,164770,23265,188035,6484,0,0,38,402600,130045,532645,14017,12100,7260,0,0,0,0,0,0,0,740040
2024-07-15,月,29,162470,34650,197120,6797,0,0,10,116600,20065,136665,13666,3300,3630,0,0,0,0,0,0,0,340715
2024-07-16,火,18,108240,13640,121880,6771,3300,0,0,0,0,0,0,0,0,0,0,0,0,0,0,0,125180
2024-07-17,水,0,0,0,0,0,0,0,0,0,0,0,0,0,0,0,0,0,0,0,0,0,0
2024-07-18,木,33,152210,29235,181445,5498,0,0,16,156025,27655,183680,11480,6600,6050,0,0,0,0,0,0,0,377775
2024-07-19,金,33,149400,31110,180510,5470,0,0,11,96250,28395,124645,11331,3300,0,0,0,0,0,0,0,0,308455
2024-07-20,土,32,205700,27775,233475,7296,0,3630,18,199100,28050,227150,12619,0,0,0,0,0,0,0,0,0,464255
2024-07-21,日,17,115280,13640,128920,7584,0,0,13,157025,50150,207175,15937,3300,6050,0,0,0,0,0,0,0,345445
2024-07-22,月,17,79970,22825,102795,6047,0,0,6,79750,19415,99165,16528,12100,3630,0,0,0,0,0,0,0,217690
2024-07-23,火,47,177800,44635,222435,4733,0,0,10,86900,16665,103565,10356,6600,0,0,0,0,0,0,0,0,332600
2024-07-24,水,0,0,0,0,0,0,0,0,0,0,0,0,0,0,0,0,0,0,0,0,0,0
2024-07-25,木,6,25740,3025,28765,4794,0,0,4,47300,17765,65065,16266,3300,0,0,0,0,0,0,0,0,97130
2024-07-26,金,17,88550,8140,96690,5688,3300,0,39,269650,120305,389955,9999,0,0,0,0,0,0,0,0,0,495945
2024-07-27,土,22,123180,17765,140945,6407,4400,0,9,122650,25520,148170,16463,12100,10890,0,0,0,0,0,0,0,316505
2024-07-28,日,32,125440,51570,177010,5532,0,0,28,266750,63845,330595,11807,20900,3630,0,0,0,0,0,0,0,532135
2024-07-29,月,4,22000,3300,25300,6325,3300,0,9,80850,13640,94490,10499,0,0,0,0,0,0,0,0,0,123090
2024-07-30,火,15,61710,9240,70950,4730,0,0,4,52800,6820,59620,14905,0,0,0,0,0,0,0,0,0,130570
2024-07-31,水,0,0,0,0,0,0,0,0,0,0,0,0,0,0,0,0,0,0,0,0,0,0
2024-08-01,木,0,0,0,0,0,0,0,11,87450,17535,104985,9544,18700,0,0,0,0,0,0,0,0,123685
2024-08-02,金,13,112520,37185,149705,11516,0,0,4,48950,13530,62480,15620,3300,3630,0,0,0,0,0,0,0,219115
2024-08-03,土,11,44990,13640,58630,5330,0,0,14,181150,29810,210960,15069,91650,3630,0,0,0,0,0,0,0,364870
2024-08-04,日,21,117810,39765,157575,7504,0,0,6,51700,23100,74800,12467,0,0,0,0,0,0,0,0,0,232375
2024-08-05,月,10,48400,4180,52580,5258,0,0,22,251350,52790,304140,13825,0,0,0,0,0,0,0,0,0,356720
2024-08-06,火,7,35530,8635,44165,6309,0,0,10,124300,14175,138475,13848,0,0,0,0,0,0,0,0,0,182640
2024-08-07,水,0,0,0,0,0,0,0,0,0,0,0,0,0,0,0,0,0,0,0,0,0,0
2024-08-08,木,10,50380,6215,56595,5660,0,0,10,116050,23255,139305,13930,12100,3630,0,0,0,0,0,0,0,211630
2024-08-09,金,7,33550,6380,39930,5704,0,0,24,275550,62955,338505,14104,0,0,0,0,0,0,0,0,0,378435
2024-08-10,土,26,157740,21600,179340,6898,5500,0,32,302000,261100,563100,17597,39600,3630,0,0,0,0,0,0,0,791170
2024-08-11,日,28,176440,20230,196670,7024,0,0,12,121000,33640,154640,12887,0,0,0,0,0,0,0,0,0,351310
2024-08-12,月,27,165330,18410,183740,6805,7700,0,30,354200,118955,473155,15772,16500,0,0,0,0,0,0,0,0,681095
2024-08-13,火,24,126720,12910,139630,5818,3300,0,27,322300,65560,387860,14365,19800,7260,0,0,0,0,0,0,0,557850
2024-08-14,水,4,15400,0,15400,3850,0,0,9,111100,17380,128480,14276,6600,7260,0,0,0,0,0,0,0,157740
2024-08-15,木,28,178420,26355,204775,7313,6600,0,9,89650,12045,101695,11299,3300,7260,0,0,0,0,0,0,0,323630
2024-08-16,金,0,0,0,0,0,0,0,0,0,0,0,0,0,0,0,0,0,0,0,0,0,0
2024-08-17,土,50,503300,270000,773300,15466,0,0,104,923500,306000,1229500,11822,0,0,0,0,0,0,0,0,0,2002800
2024-08-18,日,0,0,0,0,0,0,0,15,130350,37070,167420,11161,7700,6050,0,0,0,0,0,0,0,181170
2024-08-19,月,0,0,0,0,0,0,0,89,1101000,267000,1368000,15371,0,0,0,0,0,0,0,0,0,1368000
2024-08-20,火,29,138710,19470,158180,5454,12100,0,8,109450,6710,116160,14520,0,3630,0,0,0,0,0,0,0,290070
2024-08-21,水,0,0,0,0,0,0,0,0,0,0,0,0,0,0,0,0,0,0,0,0,0,0
2024-08-22,木,0,0,0,0,0,0,0,76,506500,210000,716500,9428,0,0,0,0,0,0,0,0,0,722500
2024-08-23,金,19,114730,24970,139700,7353,9900,0,17,272000,68000,340000,20000,0,0,0,0,0,0,0,0,0,489600
2024-08-24,土,28,141680,20295,161975,5785,6600,0,21,191950,49535,241485,11499,15400,0,0,0,0,0,0,0,0,425460
2024-08-25,日,36,165350,65660,231010,6417,0,0,17,185350,34375,219725,12925,6600,0,0,0,0,0,0,0,0,457335
2024-08-26,月,0,0,0,0,0,0,0,0,0,0,0,0,0,0,0,0,0,0,0,0,0,0
2024-08-27,火,59,200000,124950,324950,5508,0,0,38,253250,105000,358250,9428,0,0,0,0,0,0,0,0,0,683200
2024-08-28,水,0,0,0,0,0,0,0,0,0,0,0,0,0,0,0,0,0,0,0,0,0,0
2024-08-29,木,27,172650,41905,214555,7946,0,0,5,47400,14335,61735,12347,0,0,0,0,0,0,0,0,0,276290
2024-08-30,金,50,357500,142500,500000,10000,0,0,19,159350,58740,218090,11478,3300,0,0,0,0,0,0,0,0,721390
2024-08-31,土,21,114510,19305,133815,6372,4400,0,21,252000,63000,315000,15000,0,0,0,0,0,0,0,0,0,453215
2024-09-01,日,25,129800,26510,156310,6252,6600,0,6,50550,26080,76630,12772,3300,3630,0,0,0,0,0,0,0,246470
2024-09-02,月,0,0,0,0,0,0,0,0,0,0,0,0,0,0,0,0,0,0,0,0,0,0
2024-09-03,火,14,63140,15015,78155,5582,0,0,8,77000,34760,111760,13970,12100,0,0,0,0,0,0,0,0,202015
2024-09-04,水,0,0,0,0,0,0,0,10,110000,40000,150000,15000,0,0,0,0,0,0,0,0,0,150000
2024-09-05,木,13,65890,11495,77385,5953,0,0,13,183900,61320,245220,18863,6600,0,0,0,0,0,0,0,0,329205
2024-09-06,金,14,50600,13310,63910,4565,0,0,54,518250,164000,682250,12634,0,0,0,0,0,0,0,0,0,746160
2024-09-07,土,12,68640,11440,80080,6673,0,0,12,128920,21450,150370,12531,6600,3630,0,0,0,0,0,0,0,240680
2024-09-08,日,23,99220,19965,119185,5182,3300,0,6,66990,16324,83314,13886,3300,3630,0,0,0,0,0,0,0,212729
2024-09-09,月,23,112310,13915,126225,5488,6600,0,11,107250,20185,127435,11585,12100,0,0,0,0,0,0,0,0,272360
2024-09-10,火,15,75740,14355,90095,6006,0,0,35,350540,116400,466940,13341,0,0,0,0,0,0,0,0,0,557035
2024-09-11,水,0,0,0,0,0,0,0,0,0,0,0,0,0,0,0,0,0,0,0,0,0,0
2024-09-12,木,17,76670,11825,88495,5206,0,0,19,240000,60000,300000,15789,0,0,0,0,0,0,0,0,0,388495
2024-09-13,金,11,60500,7810,68310,6210,6600,0,0,0,0,0,0,0,0,0,0,0,0,0,0,0,74910
2024-09-14,土,0,0,0,0,0,0,0,0,0,0,0,0,0,0,51,598750,138000,0,0,736750,14446,736750
2024-09-15,日,0,0,0,0,0,0,0,0,0,0,0,0,0,0,49,359000,135000,0,0,494000,10082,494000
2024-09-16,月,36,173800,30195,203995,5667,4400,0,22,250800,81455,332255,15102,24200,0,0,0,0,0,0,0,0,564850
2024-09-17,火,28,128180,22465,150645,5380,6600,0,0,0,0,0,0,0,0,0,0,0,0,0,0,0,157245
2024-09-18,水,0,0,0,0,0,0,0,61,695000,399000,1094000,17934,0,0,0,0,0,0,0,0,0,1094000
2024-09-19,木,0,0,0,0,0,0,0,0,0,0,0,0,0,0,0,0,0,0,0,0,0,0
2024-09-20,金,37,129500,49210,178710,4830,0,0,13,161700,29535,191235,14710,11000,0,0,0,0,0,0,0,0,380945
2024-09-21,土,24,124080,25685,149765,6240,0,0,36,309650,72820,382470,10624,3300,3630,0,0,0,0,0,0,0,539165
2024-09-22,日,0,0,0,0,0,0,0,0,0,0,0,0,0,0,29,490000,87000,0,0,577000,19897,577000
2024-09-23,月,21,106700,14905,121605,5791,5500,0,6,60500,12540,73040,12173,3300,0,0,0,0,0,0,0,0,203445
2024-09-24,火,26,156860,28545,185405,7131,0,0,23,278300,74470,352770,15338,25300,3630,0,0,0,0,0,0,0,567105
2024-09-25,水,0,0,0,0,0,0,0,28,252000,84000,336000,12000,0,0,0,0,0,0,0,0,0,336000
2024-09-26,木,0,0,0,0,0,0,0,57,513000,171000,684000,12000,0,0,0,0,0,0,0,0,0,684000
2024-09-27,金,23,77300,27625,104925,4562,0,0,21,252000,63000,315000,15000,0,0,0,0,0,0,0,0,0,419925
2024-09-28,土,22,129240,19525,148765,6762,0,0,23,248985,71819,320804,13948,13200,9680,0,0,0,0,0,0,0,492449
2024-09-29,日,27,127050,19360,146410,5423,0,0,6,57400,14410,71810,11968,3300,0,0,0,0,0,0,0,0,221520
2024-09-30,月,25,119240,19910,139150,5566,3300,0,13,143500,35165,178665,13743,3300,0,0,0,0,0,0,0,0,324415
2024-10-01,火,12,55100,8525,63625,5302,0,0,8,95900,22880,118780,14848,6600,0,0,0,0,0,0,0,0,189005
2024-10-02,水,0,0,0,0,0,0,0,0,0,0,0,0,0,0,0,0,0,0,0,0,0,0
2024-10-03,木,19,87990,19030,107020,5633,0,0,7,80300,23265,103565,14795,3300,0,0,0,0,0,0,0,0,213885
2024-10-04,金,17,82610,15950,98560,5798,0,0,17,153000,51000,204000,12000,0,0,0,0,0,0,0,0,0,302560
2024-10-05,土,20,119900,33440,153340,7667,0,0,26,264200,65710,329910,12689,3300,27480,0,0,0,0,0,0,0,514030
2024-10-06,日,35,194640,34760,229400,6554,6600,0,28,261200,60785,321985,11499,13970,3630,0,0,0,0,0,0,0,575585
2024-10-07,月,28,106150,87505,193655,6916,0,0,0,0,0,0,0,0,0,0,0,0,0,0,0,0,193655
2024-10-08,火,22,110440,7975,118415,5382,0,0,3,43000,8195,51195,17065,3300,0,0,0,0,0,0,0,0,172910
2024-10-09,水,0,0,0,0,0,0,0,46,460000,138000,598000,13000,0,0,0,0,0,0,0,0,0,598000
2024-10-10,木,16,73250,10615,83865,5242,0,0,44,541750,132000,673750,15312,0,0,0,0,0,0,0,0,0,757615
2024-10-11,金,31,151360,12540,163900,5287,9900,0,15,147290,39160,186450,12430,3300,0,0,0,0,0,0,0,0,363550
2024-10-12,土,20,124400,19910,144310,7216,3300,0,28,316250,79145,395395,14121,6600,0,0,0,0,0,0,0,0,549605
2024-10-13,日,0,0,0,0,0,0,0,107,535000,28600,563600,5267,0,0,0,0,0,0,0,0,0,563600
2024-10-14,月,25,145750,15125,160875,6435,3300,0,16,152900,21780,174680,10918,6600,0,0,0,0,0,0,0,0,345455
2024-10-15,火,11,49240,14580,63820,5802,0,0,7,89850,14905,104755,14965,6600,3630,0,0,0,0,0,0,0,178805
2024-10-16,水,0,0,0,0,0,0,0,0,0,0,0,0,0,0,0,0,0,0,0,0,0,0
2024-10-17,木,35,156310,16995,173305,4952,11000,0,10,89210,11000,100210,10021,6600,3630,0,0,0,0,0,0,0,294745
2024-10-18,金,0,0,0,0,0,0,0,0,0,0,0,0,0,0,22,79740,0,0,0,579740,26352,579740
2024-10-19,土,0,0,0,0,0,0,0,0,0,0,0,0,0,0,110,275000,132000,0,0,907000,8245,907000
2024-10-20,日,0,0,0,0,0,0,0,0,0,0,0,0,0,0,85,217000,102000,0,0,844000,9929,844000
2024-10-21,月,0,0,0,0,0,0,0,0,0,0,0,0,0,0,1,0,0,0,0,200000,200000,200000
2024-10-22,火,25,129470,37895,167365,6695,8800,0,7,66550,30910,97460,13923,6600,7260,0,0,0,0,0,0,0,287485
2024-10-23,水,0,0,0,0,0,0,0,0,0,0,0,0,0,0,0,0,0,0,0,0,0,0
2024-10-24,木,33,150150,22495,172645,5232,4400,0,9,128700,77715,206415,22935,3300,0,0,0,0,0,0,0,0,386760
2024-10-25,金,23,98670,30195,128865,5603,0,0,4,136200,42045,178245,44561,0,0,0,0,0,0,0,0,0,307110
2024-10-26,土,7,29590,5940,35530,5076,0,0,13,164220,33025,197245,15173,0,73630,0,0,0,0,0,0,0,306405
2024-10-27,日,29,119000,16800,135800,4683,0,0,4,28600,4785,33385,8346,0,0,0,0,0,0,0,0,0,169185
2024-10-28,月,17,84010,25385,109395,6435,0,0,8,99550,27390,126940,15868,0,3630,0,0,0,0,0,0,0,239965
2024-10-29,火,17,80630,17435,98065,5769,0,0,6,63250,14080,77330,12888,3300,3630,0,0,0,0,0,0,0,182325
2024-10-30,水,0,0,0,0,0,0,0,0,0,0,0,0,0,0,0,0,0,0,0,0,0,0
2024-10-31,木,32,112520,21780,134300,4197,0,0,2,30250,3135,33385,16692,0,3630,0,0,0,0,0,0,0,171315
2024-11-01,金,21,104610,7205,111815,5325,2200,0,17,199650,46750,246400,14494,14300,3630,0,0,0,0,0,0,0,378345
2024-11-02,土,20,107850,21175,129025,6451,5500,0,25,227560,54370,281930,11277,6600,7260,0,0,0,0,0,0,0,430315
2024-11-03,日,19,100210,23375,123585,6504,8800,0,42,436500,126000,562500,13393,0,0,0,0,0,0,0,0,0,694885
2024-11-04,月,33,175150,44205,219355,6647,0,0,12,105050,15455,120505,10042,3300,0,0,0,0,0,0,0,0,346790
2024-11-05,火,9,54890,2805,57695,6411,0,0,2,26400,9900,36300,18150,3300,5000,0,0,0,0,0,0,0,102295
2024-11-06,水,0,0,0,0,0,0,0,0,0,0,0,0,0,0,0,0,0,0,0,0,0,0
2024-11-07,木,15,76230,7480,83710,5581,0,0,52,481700,82205,563905,10844,0,0,0,0,0,0,0,0,0,647615
2024-11-08,金,14,63140,2585,65725,4695,3300,0,2,26400,1650,28050,14025,3300,0,0,0,0,0,0,0,0,100375
2024-11-09,土,21,112530,17985,130515,6215,6600,0,18,233090,54670,287760,15987,3300,0,0,0,0,0,0,0,0,428175
2024-11-10,日,7,43010,17435,60445,8635,4400,0,42,300300,46475,346775,8257,0,0,0,0,0,0,0,0,0,411620
2024-11-11,月,13,138250,42300,180550,13888,0,0,37,268950,43450,312400,8443,0,0,0,0,0,0,0,0,0,492950
2024-11-12,火,9,56100,8855,64955,7217,3300,3630,2,22550,3960,26510,13255,0,3630,0,0,0,0,0,0,0,102025
2024-11-13,水,0,0,0,0,0,0,0,0,0,0,0,0,0,0,0,0,0,0,0,0,0,0
2024-11-14,木,4,12320,2035,14355,3589,0,0,46,361750,62325,424075,9219,0,0,0,0,0,0,0,0,0,438430
2024-11-15,金,5,29810,2805,32615,6523,0,0,10,134420,18755,153175,15318,7700,3630,0,0,0,0,0,0,0,197120
2024-11-16,土,16,80740,9295,90035,5627,6600,0,47,282000,6050,288050,6129,0,0,0,0,0,0,0,0,0,384685
2024-11-17,日,13,91900,12980,104880,8068,0,0,39,278850,39820,318670,8171,0,0,0,0,0,0,0,0,0,423550
2024-11-18,月,18,93800,16640,110440,6136,0,0,54,556500,162000,718500,13306,0,0,0,0,0,0,0,0,0,828940
2024-11-19,火,32,121500,42540,164040,5126,0,0,0,0,0,0,0,0,0,0,0,0,0,0,0,0,164040
2024-11-20,水,0,0,0,0,0,0,0,0,0,0,0,0,0,0,0,0,0,0,0,0,0,0
2024-11-21,木,0,0,0,0,0,0,0,57,485150,100415,585565,10273,0,0,0,0,0,0,0,0,0,585565
2024-11-22,金,31,184800,27775,212575,6857,0,9130,13,139150,19855,159005,12231,6600,7260,0,0,0,0,0,0,0,394570
2024-11-23,土,20,124180,22440,146620,7331,0,0,28,270920,67960,338880,12103,6600,7260,0,0,0,0,0,0,0,499360
2024-11-24,日,0,0,0,0,0,0,0,62,15000,122233,137233,2213,439077,0,0,0,0,0,0,0,0,576310
2024-11-25,月,8,50930,3850,54780,6848,0,3630,5,69300,8140,77440,15488,0,0,0,0,0,0,0,0,0,135850
2024-11-26,火,11,61490,7650,69140,6285,3300,0,32,228800,40200,269000,8406,0,0,0,0,0,0,0,0,0,341440
2024-11-27,水,0,0,0,0,0,0,0,0,0,0,0,0,0,0,0,0,0,0,0,0,0,0
2024-11-28,木,22,121000,17325,138325,6288,0,0,28,228250,51910,280160,10006,8800,7270,0,0,0,0,0,0,0,434555
2024-11-29,金,16,91960,23045,115005,7188,0,0,14,223400,118095,341495,24392,0,0,0,0,0,0,0,0,0,456500
2024-11-30,土,17,105050,21670,126720,7454,0,0,19,223100,42610,265710,13985,6600,0,0,0,0,0,0,0,0,399030
2024-12-01,日,24,223300,39160,262460,10936,0,0,29,216150,52170,268320,9252,0,0,0,0,0,0,0,0,0,530780
2024-12-02,月,2,7700,715,8415,4208,0,0,2,33000,6875,39875,19938,3300,0,0,0,0,0,0,0,0,51590
2024-12-03,火,10,50380,6545,56925,5692,0,0,17,217800,14300,232100,13653,3300,0,0,0,0,0,0,0,0,293535
2024-12-04,水,0,0,0,0,0,0,0,0,0,0,0,0,0,0,0,0,0,0,0,0,0,0
2024-12-05,木,9,59510,15675,75185,8354,0,0,2,33000,3630,36630,18315,0,0,0,0,0,0,0,0,0,111815
2024-12-06,金,4,20680,2145,22825,5706,0,0,25,189100,87085,276185,11047,0,0,0,0,0,0,0,0,0,299010
2024-12-07,土,23,99990,21230,121220,5270,0,0,0,0,0,0,0,0,0,31,493070,344755,0,0,837825,27027,959045
2024-12-08,日,33,143990,41525,185515,5622,7700,0,26,245190,44935,290125,11159,6600,3630,0,0,0,0,0,0,0,493570
2024-12-09,月,15,83490,27335,110825,7388,0,0,0,0,0,0,0,0,0,0,0,0,0,0,0,0,110825
2024-12-10,火,10,43780,6765,50545,5054,0,0,6,69410,22110,91520,15253,0,0,0,0,0,0,0,0,0,142065
2024-12-11,水,0,0,0,0,0,0,0,0,0,0,0,0,0,0,0,0,0,0,0,0,0,0
2024-12-12,木,0,0,0,0,0,0,0,41,420000,126000,546000,13317,0,0,0,0,0,0,0,0,0,546000
2024-12-13,金,12,62040,27280,89320,7443,0,0,5,46970,27170,74140,14828,0,0,0,0,0,0,0,0,0,163460
2024-12-14,土,22,121000,25795,146795,6672,0,0,33,412350,80915,493265,14947,3300,3630,0,0,0,0,0,0,0,646990
2024-12-15,日,21,104170,22880,127050,6050,0,0,9,124300,31460,155760,17307,6600,0,0,0,0,0,0,0,0,289410
2024-12-16,月,6,29700,9735,39435,6572,0,0,4,56100,11275,67375,16844,0,0,0,0,0,0,0,0,0,106810
2024-12-17,火,11,66770,16500,83270,7570,0,0,14,129700,82850,212550,15182,3300,0,0,0,0,0,0,0,0,299120
2024-12-18,水,0,0,0,0,0,0,0,0,0,0,0,0,0,0,0,0,0,0,0,0,0,0
2024-12-19,木,8,53900,4950,58850,7356,3300,0,5,68100,11970,80070,16014,0,0,0,0,0,0,0,0,0,142220
2024-12-20,金,20,102740,17435,120175,6009,0,0,16,234850,59675,294525,18408,6600,3630,0,0,0,0,0,0,0,424930
2024-12-21,土,16,114400,35200,149600,9350,0,0,26,432850,88935,521785,20069,6600,0,0,0,0,0,0,0,0,677985
2024-12-22,日,23,168300,37620,205920,8953,6600,0,28,462000,67650,529650,18916,3300,0,0,0,0,0,0,0,0,745470
2024-12-23,月,22,159500,21340,180840,8220,0,0,24,393000,84425,477425,19893,15400,0,0,0,0,0,0,0,0,673665
2024-12-24,火,19,135850,18040,153890,8099,6600,0,29,478500,638165,1116665,38506,3300,0,0,0,0,0,0,0,0,1280455
2024-12-25,水,14,100100,11825,111925,7995,0,0,28,429000,54010,483010,17250,16500,0,0,0,0,0,0,0,0,611435
2024-12-26,木,18,128700,19635,148335,8241,3300,0,19,301070,52030,353100,18584,6600,0,0,0,0,0,0,0,0,511335
2024-12-27,金,0,0,0,0,0,0,0,0,0,0,0,0,0,0,0,0,0,0,0,0,0,0
2024-12-28,土,0,0,0,0,0,0,0,0,0,0,0,0,0,0,0,0,0,0,0,0,0,0
2024-12-29,日,0,0,0,0,0,0,0,0,0,0,0,0,0,0,0,0,0,0,0,0,0,0
2024-12-30,月,0,0,0,0,0,0,0,0,0,0,0,0,0,0,0,0,0,0,0,0,0,0
2024-12-31,火,0,0,0,0,0,0,0,0,0,0,0,0,0,0,45,0,0,0,0,1708000,37956,1708000
2025-01-01,水,0,0,0,0,0,0,0,0,0,0,0,0,0,0,0,0,0,0,0,0,0,0
2025-01-02,木,0,0,0,0,0,0,0,0,0,0,0,0,0,0,0,0,0,0,0,0,0,0
2025-01-03,金,0,0,0,0,0,0,0,0,0,0,0,0,0,0,0,0,0,0,0,0,0,0
2025-01-04,土,30,194920,35310,230230,7674,0,5000,29,330000,140910,470910,16238,3300,0,0,0,0,0,0,0,0,709440
2025-01-05,日,17,89870,15180,105050,6179,0,0,5,62150,12705,74855,14971,0,3630,0,0,0,0,0,0,0,183535
2025-01-06,月,10,49500,8470,57970,5797,0,0,28,363900,118620,482520,17233,6600,0,0,0,0,0,0,0,0,547090
2025-01-07,火,0,0,0,0,0,0,0,0,0,0,0,0,0,0,0,0,0,0,0,0,0,0
2025-01-08,水,0,0,0,0,0,0,0,0,0,0,0,0,0,0,0,0,0,0,0,0,0,0
2025-01-09,木,1,3850,770,4620,4620,0,0,6,69300,5830,75130,12522,0,0,0,0,0,0,0,0,0,79750
2025-01-10,金,18,106920,13255,120175,6676,14300,0,4,59400,11605,71005,17751,6600,0,0,0,0,0,0,0,0,212080
2025-01-11,土,15,92730,6050,98780,6585,0,0,22,235400,57310,292710,13305,15400,0,0,0,0,0,0,0,0,406890
2025-01-12,日,27,116600,20185,136785,5066,7700,0,9,92950,26840,119790,13310,3300,0,0,0,0,0,0,0,0,267575
2025-01-13,月,0,0,0,0,0,0,0,8,125400,36025,161425,20178,0,0,46,196250,148915,30000,0,375165,8156,536590
2025-01-14,火,0,0,0,0,0,0,0,0,0,0,0,0,0,0,0,0,0,0,0,0,0,0
2025-01-15,水,60,429000,171000,600000,10000,0,0,0,0,0,0,0,0,0,0,0,0,0,0,0,0,600000
2025-01-16,木,8,35860,8140,44000,5500,0,0,2,30250,23650,53900,26950,3300,0,0,0,0,0,0,0,0,101200
2025-01-17,金,7,23210,5335,28545,4078,0,0,21,248200,52845,301045,14335,3300,0,0,0,0,0,0,0,0,332890
2025-01-18,土,0,0,0,0,0,0,0,0,0,0,0,0,0,0,17,249000,51000,0,0,300000,17647,300000
2025-01-19,日,0,0,0,0,0,0,0,0,0,0,0,0,0,0,34,264600,77970,9900,0,352470,10367,352470
2025-01-20,月,14,74140,7480,81620,5830,0,0,0,0,0,0,0,0,0,0,0,0,0,0,0,0,81620
2025-01-21,火,0,0,0,0,0,0,0,0,0,0,0,0,0,0,0,0,0,0,0,0,0,0
2025-01-22,水,0,0,0,0,0,0,0,0,0,0,0,0,0,0,0,0,0,0,0,0,0,0
2025-01-23,木,36,175800,78410,254210,7061,0,0,18,256850,120725,377575,20976,17600,0,0,0,0,0,0,0,0,649385
2025-01-24,金,15,84810,17820,102630,6842,0,0,16,212850,47870,260720,16295,6600,0,0,0,0,0,0,0,0,369950
2025-01-25,土,17,97130,35990,133120,7831,4400,0,12,124850,33440,158290,13191,6600,0,0,0,0,0,0,0,0,302410
2025-01-26,日,10,46420,31900,78320,7832,33000,0,18,209220,41415,250635,13924,13200,3630,0,0,0,0,0,0,0,378785
2025-01-27,月,12,78650,11000,89650,7471,5500,0,6,85800,7920,93720,15620,6600,0,0,0,0,0,0,0,0,195470
2025-01-28,火,0,0,0,0,0,0,0,0,0,0,0,0,0,0,0,0,0,0,0,0,0,0
2025-01-29,水,0,0,0,0,0,0,0,0,0,0,0,0,0,0,0,0,0,0,0,0,0,0
2025-01-30,木,14,75240,7315,82555,5897,3300,0,4,53350,10120,63470,15868,3300,0,0,0,0,0,0,0,0,152625
2025-01-31,金,29,140700,25345,166045,5726,0,0,15,193800,37945,231745,15450,6600,0,0,0,0,0,0,0,0,404390
2025-02-01,土,41,205500,36900,242400,5912,0,0,12,144650,34155,178805,14900,3300,3630,0,0,0,0,0,0,0,428135
2025-02-02,日,18,93280,5170,98450,5469,0,0,17,189750,46200,235950,13879,0,0,0,0,0,0,0,0,0,334400
2025-02-03,月,11,34980,4785,39765,3615,0,0,6,78650,12980,91630,15272,6600,7480,0,0,0,0,0,0,0,145475
2025-02-04,火,30,177300,47705,225005,7500,4400,6050,31,224400,41420,265820,8575,0,0,0,0,0,0,0,0,0,501275
2025-02-05,水,12,62040,13365,75405,6284,0,0,7,88220,31515,119735,17105,3300,11330,0,0,0,0,0,0,0,209770
2025-02-06,木,31,117020,19435,136455,4402,0,0,37,264550,65660,330210,8925,0,0,0,0,0,0,0,0,0,466665
2025-02-07,金,30,152000,28015,180015,6000,0,0,21,223850,66715,290565,13836,6600,0,0,0,0,0,0,0,0,477180
2025-02-08,土,34,181650,56950,238600,7018,11000,0,18,194570,38720,233290,12961,6600,3630,0,0,0,0,0,0,0,493120
2025-02-09,日,56,286000,269760,555760,9924,0,0,12,119020,16060,135080,11257,6600,3630,0,0,0,0,0,0,0,701070
2025-02-10,月,23,129360,19360,148720,6466,0,0,9,107250,16115,123365,13707,0,0,0,0,0,0,0,0,0,272085
2025-02-11,火,21,99550,34760,134310,6396,0,0,16,184140,51810,235950,14747,6600,3300,0,0,0,0,0,0,0,380160
2025-02-12,水,0,0,0,0,0,0,0,0,0,0,0,0,0,0,0,0,0,0,0,0,0,0
2025-02-13,木,8,42020,4070,46090,5761,0,0,10,128700,20460,149160,14916,12100,0,0,0,0,0,0,0,0,207350
2025-02-14,金,24,161360,24320,185680,7737,0,0,27,215116,88165,303281,11233,6600,7260,0,0,0,0,0,0,0,502821
2025-02-15,土,0,0,0,0,0,0,0,6,92000,18000,110000,18333,0,0,24,237000,63000,0,0,300000,12500,410000
2025-02-16,日,0,0,0,0,0,0,0,0,0,0,0,0,0,0,24,252000,48000,0,0,300000,12500,300000
2025-02-17,月,10,49060,2805,51865,5186,0,0,13,136950,58135,195085,15007,16500,0,0,0,0,0,0,0,0,263450
2025-02-18,火,0,0,0,0,0,0,0,0,0,0,0,0,0,0,0,0,0,0,0,0,0,0
2025-02-19,水,0,0,0,0,0,0,0,0,0,0,0,0,0,0,0,0,0,0,0,0,0,0
2025-02-20,木,10,42900,5500,48400,4840,0,0,7,58300,6985,65285,9326,3300,3630,0,0,0,0,0,0,0,120615
2025-02-21,金,13,65890,15565,81455,6266,0,0,7,83050,26895,109945,15706,6600,0,0,0,0,0,0,0,0,198000
2025-02-22,土,20,99440,9460,108900,5445,0,0,19,228150,45320,273470,14393,0,0,0,0,0,0,0,0,0,382370
2025-02-23,日,19,100210,10395,110605,5821,0,0,26,292870,59965,352835,13571,19800,3630,0,0,0,0,0,0,0,486870
2025-02-24,月,13,63250,7810,71060,5466,0,0,4,55550,22770,78320,19580,0,3630,0,0,0,0,0,0,0,153010
2025-02-25,火,0,0,0,0,0,0,0,0,0,0,0,0,0,0,0,0,0,0,0,0,0,0
2025-02-26,水,0,0,0,0,0,0,0,0,0,0,0,0,0,0,0,0,0,0,0,0,0,0
2025-02-27,木,5,15510,3300,18810,3762,0,0,2,30250,8690,38940,19470,3300,3630,0,0,0,0,0,0,0,64680
2025-02-28,金,16,86020,11000,97020,6064,0,0,0,0,0,0,0,0,0,0,0,0,0,0,0,0,97020
2025-03-01,土,16,84220,13620,97840,6115,0,0,25,207350,43285,250635,10025,6600,8130,0,0,0,0,0,0,0,363205
2025-03-02,日,21,95020,18590,113610,5410,0,0,6,57970,2970,60940,10157,3300,0,0,0,0,0,0,0,0,177850
2025-03-03,月,17,169950,55000,224950,13232,0,0,4,41800,4235,46035,11509,0,0,0,0,0,0,0,0,0,270985
2025-03-04,火,0,0,0,0,0,0,0,0,0,0,0,0,0,0,0,0,0,0,0,0,0,0
2025-03-05,水,0,0,0,0,0,0,0,0,0,0,0,0,0,0,0,0,0,0,0,0,0,0
2025-03-06,木,3,9240,0,9240,3080,0,0,2,33000,4730,37730,18865,3300,0,0,0,0,0,0,0,0,50270
2025-03-07,金,7,46090,6435,52525,7504,0,0,6,83050,15565,98615,16436,0,3630,0,0,0,0,0,0,0,154770
2025-03-08,土,17,90530,18315,108845,6403,0,0,9,99000,17710,116710,12968,3300,3630,0,0,0,0,0,0,0,232485
2025-03-09,日,35,139150,80245,219395,6268,0,0,9,123750,14245,137995,15333,3300,0,0,0,0,0,0,0,0,360690
2025-03-10,月,15,73820,15505,89325,5955,0,0,9,89650,30305,119955,13328,3300,0,0,0,0,0,0,0,0,212580
2025-03-11,火,0,0,0,0,0,0,0,0,0,0,0,0,0,0,0,0,0,0,0,0,0,0
2025-03-12,水,0,0,0,0,0,0,0,0,0,0,0,0,0,0,0,0,0,0,0,0,0,0
2025-03-13,木,11,48950,8690,57640,5240,0,0,0,0,0,0,0,0,0,0,0,0,0,0,0,0,57640
2025-03-14,金,18,95390,12920,108310,6017,0,0,10,131440,24805,156245,15624,15400,4400,0,0,0,0,0,0,0,284355
2025-03-15,土,13,135190,29700,164890,12684,0,0,16,242100,38310,280410,17526,3300,0,0,0,0,0,0,0,0,448600
2025-03-16,日,18,90420,16060,106480,5916,6600,0,29,372650,78890,451540,15570,6600,3630,0,0,0,0,0,0,0,574850
2025-03-17,月,17,84590,16280,100870,5934,0,0,11,125950,73150,199100,18100,18700,0,0,0,0,0,0,0,0,318670
2025-03-18,火,0,0,0,0,0,0,0,0,0,0,0,0,0,0,0,0,0,0,0,0,0,0
2025-03-19,水,0,0,0,0,0,0,0,0,0,0,0,0,0,0,0,0,0,0,0,0,0,0
2025-03-20,木,13,68090,4950,73040,5618,0,0,20,197000,98760,295760,14788,0,0,0,0,0,0,0,0,0,368800
2025-03-21,金,10,100430,11660,112090,11209,0,0,23,167000,65860,232860,10124,0,0,0,0,0,0,0,0,0,377950
2025-03-22,土,27,175670,42570,218240,8083,4400,7150,23,286550,85855,372405,16192,19800,11000,0,0,0,0,0,0,0,632995
2025-03-23,日,29,178860,29150,208010,7173,0,0,11,105050,29150,134200,12200,2200,0,0,0,0,0,0,0,0,344410
2025-03-24,月,16,94600,20570,115170,7198,0,0,12,140250,34650,174900,14575,3300,0,0,0,0,0,0,0,0,293370
2025-03-25,火,0,0,0,0,0,0,0,0,0,0,0,0,0,0,0,0,0,0,0,0,0,0
2025-03-26,水,0,0,0,0,0,0,0,11,220000,110000,330000,30000,0,0,0,0,0,0,0,0,0,330000
2025-03-27,木,15,70950,7810,78760,5251,0,0,8,85250,17545,102795,12849,11000,11000,0,0,0,0,0,0,0,203555
2025-03-28,金,11,50270,2860,53130,4830,0,0,10,125400,26230,151630,15163,6600,0,0,0,0,0,0,0,0,211360
2025-03-29,土,19,151360,22990,174350,9176,8800,5500,21,256850,81125,337975,16094,6600,7260,0,0,0,0,0,0,0,540485
2025-03-30,日,22,128260,71740,200000,9091,0,0,9,96800,21450,118250,13139,6600,3630,0,0,0,0,0,0,0,328480
2025-03-31,月,8,40810,7370,48180,6022,2200,0,2,26400,3080,29480,14740,0,0,0,0,0,0,0,0,0,79860
2025-04-01,火,8,40700,13860,54560,6820,0,0,9,99000,53650,152650,16961,6600,0,0,0,0,0,0,0,0,213810
2025-04-02,水,0,0,0,0,0,0,0,0,0,0,0,0,0,0,0,0,0,0,0,0,0,0
2025-04-03,木,0,0,0,0,0,0,0,0,0,0,0,0,0,0,0,0,0,0,0,0,0,0
2025-04-04,金,15,85470,12430,97900,6527,0,0,9,111100,14190,125290,13921,3300,3630,0,0,0,0,0,0,0,230120
2025-04-05,土,21,127270,37950,165220,7868,4400,0,26,191400,28050,219450,8440,0,0,0,0,0,0,0,0,0,389070
2025-04-06,日,21,100430,15730,116160,5531,0,0,17,202400,33990,236390,13905,0,3630,0,0,0,0,0,0,0,356180
2025-04-07,月,7,30910,3410,34320,4903,0,0,0,0,0,0,0,0,0,0,0,0,0,0,0,0,34320
2025-04-08,火,4,7700,770,8470,2118,0,0,7,62130,17070,79200,11314,0,7260,0,0,0,0,0,0,0,94930
2025-04-09,水,0,0,0,0,0,0,0,0,0,0,0,0,0,0,0,0,0,0,0,0,0,0
2025-04-10,木,6,25740,3190,28930,4822,3300,0,4,41800,6840,48640,12160,3300,0,0,0,0,0,0,0,0,84170
2025-04-11,金,4,22000,1760,23760,5940,0,0,10,112700,26690,139390,13939,0,0,0,0,0,0,0,0,0,163150
2025-04-12,土,14,162800,47200,210000,15000,0,0,33,327650,171970,499620,15140,19800,3630,0,0,0,0,0,0,0,733050
2025-04-13,日,11,68090,7920,76010,6910,0,0,4,52800,3960,56760,14190,0,0,0,0,0,0,0,0,0,132770
2025-04-14,月,30,143220,54230,197450,6582,9900,0,7,50050,9130,59180,8454,0,0,0,0,0,0,0,0,0,266530
2025-04-15,火,4,22000,4840,26840,6710,0,0,24,179850,11330,191180,7966,0,0,0,0,0,0,0,0,0,218020
2025-04-16,水,0,0,0,0,0,0,0,22,165550,17050,182600,8300,0,0,0,0,0,0,0,0,0,182600
2025-04-17,木,9,49000,6930,55930,6214,0,0,10,134100,58280,192380,19238,3300,0,0,0,0,0,0,0,0,251610
2025-04-18,金,10,54340,12320,66660,6666,0,0,14,165400,55540,220940,15781,6600,3630,0,0,0,0,0,0,0,297830
2025-04-19,土,38,183000,87400,270400,7116,0,0,25,187000,16830,203830,8153,0,0,0,0,0,0,0,0,0,474230
2025-04-20,日,19,122100,12870,134970,7104,4400,0,21,265870,71830,337700,16081,7700,3630,0,0,0,0,0,0,0,488400
2025-04-21,月,6,32340,2310,34650,5775,0,0,11,125950,73130,199080,18098,15400,0,0,0,0,0,0,0,0,249130
2025-04-22,火,20,53900,0,53900,2695,0,0,49,399400,74740,474140,9676,0,0,0,0,0,0,0,0,0,528040
2025-04-23,水,0,0,0,0,0,0,0,0,0,0,0,0,0,0,0,0,0,0,0,0,0,0
2025-04-24,木,27,94420,20240,114660,4247,0,0,11,132000,55000,187000,17000,0,0,0,0,0,0,0,0,0,301660
2025-04-25,金,6,23100,0,23100,3850,3300,0,2,23100,2200,25300,12650,3300,0,0,0,0,0,0,0,0,55000
2025-04-26,土,19,118030,16370,134400,7074,0,0,8,102300,10120,112420,14052,6600,3630,0,0,0,0,0,0,0,257050
2025-04-27,日,26,170390,25590,195980,7538,3300,0,8,82500,11110,93610,11701,6600,7260,0,0,0,0,0,0,0,306750
2025-04-28,月,29,146810,19840,166650,5747,3300,0,18,196350,69650,266000,14778,12100,3630,0,0,0,0,0,0,0,451680
2025-04-29,火,22,126390,19370,145760,6625,3300,0,33,294800,75000,369800,11206,0,0,0,0,0,0,0,0,0,518860
2025-04-30,水,0,0,0,0,0,0,0,0,0,0,0,0,0,0,0,0,0,0,0,0,0,0
2025-05-01,木,16,96580,29620,126200,7888,0,0,9,110990,30800,141790,15754,3300,3630,0,0,0,0,0,0,0,274920
2025-05-02,金,6,42900,2100,45000,7500,0,0,12,122650,32340,154990,12916,4400,0,0,0,0,0,0,0,0,204390
2025-05-03,土,0,0,0,0,0,0,0,26,246290,47630,293920,11305,17600,3630,21,294570,63000,0,0,357570,17027,672720
2025-05-04,日,23,160600,27740,188340,8189,7700,3630,18,188400,240270,428670,23815,6600,0,0,0,0,0,0,0,0,634940
2025-05-05,月,29,179110,29220,208330,7184,3300,3630,24,263340,38830,302170,12590,11000,3630,0,0,0,0,0,0,0,532060
2025-05-06,火,0,0,0,0,0,0,0,0,0,0,0,0,0,0,21,285000,85800,0,0,370800,17657,370800
2025-05-07,水,0,0,0,0,0,0,0,0,0,0,0,0,0,0,0,0,0,0,0,0,0,0
2025-05-08,木,17,120010,20240,140250,8250,0,0,3,21000,9000,30000,10000,0,0,0,0,0,0,0,0,0,170250
2025-05-09,金,12,40480,10450,50930,4244,0,0,6,84700,17050,101750,16958,3300,11000,0,0,0,0,0,0,0,166980
2025-05-10,土,19,141350,20175,161525,8501,4400,1815,21,158400,27610,186010,8858,0,0,0,0,0,0,0,0,0,353750
2025-05-11,日,29,240570,46695,287265,9906,8800,3025,11,140900,47180,188080,17098,6600,7260,0,0,0,0,0,0,0,501030
2025-05-12,月,22,110440,10340,120780,5490,0,0,4,52800,9130,61930,15482,0,0,0,0,0,0,0,0,0,182710
2025-05-13,火,0,0,0,0,0,0,0,0,0,0,0,0,0,0,0,0,0,0,0,0,0,0
2025-05-14,水,0,0,0,0,0,0,0,0,0,0,0,0,0,0,0,0,0,0,0,0,0,0
2025-05-15,木,12,69300,10670,79970,6664,3300,0,29,215600,33770,249370,8599,0,0,0,0,0,0,0,0,0,332640
2025-05-16,金,15,89870,28050,117920,7861,0,0,30,220000,16280,236280,7876,0,0,0,0,0,0,0,0,0,354200
2025-05-17,土,2,10340,770,11110,5555,0,0,26,194150,43230,237380,9130,0,0,50,475000,75000,0,0,550000,11000,798490
2025-05-18,日,37,220620,47430,268050,7245,0,0,15,156750,33110,189860,12657,3300,0,0,0,0,0,0,0,0,461210
2025-05-19,月,3,11550,3740,15290,5097,0,0,55,639200,153700,792900,14416,0,0,0,0,0,0,0,0,0,808190
2025-05-20,火,24,150590,19580,170170,7090,3300,3630,31,229900,16170,246070,7938,0,0,0,0,0,0,0,0,0,423170
2025-05-21,水,0,0,0,0,0,0,0,0,0,0,0,0,0,0,0,0,0,0,0,0,0,0
2025-05-22,木,15,80460,21590,102050,6803,0,0,31,229900,18370,248270,8009,0,0,0,0,0,0,0,0,0,350320
2025-05-23,金,10,54340,10280,64620,6462,3300,0,15,152900,74690,227590,15173,16500,3630,0,0,0,0,0,0,0,315640
2025-05-24,土,7,35680,10450,46130,6590,0,0,41,295250,123000,418250,10201,0,0,0,0,0,0,0,0,0,464380
2025-05-25,日,30,111600,55850,167450,5582,0,0,31,229900,17710,247610,7987,0,0,0,0,0,0,0,0,0,415060
2025-05-26,月,27,129580,33220,162800,6030,0,0,0,0,0,0,0,0,0,0,0,0,0,0,0,0,162800
2025-05-27,火,49,188650,105350,294000,6000,0,0,30,222750,28050,250800,8360,0,0,0,0,0,0,0,0,0,544800
2025-05-28,水,0,0,0,0,0,0,0,29,215600,20900,236500,8155,0,0,0,0,0,0,0,0,0,236500
2025-05-29,木,26,132570,17250,149820,5762,0,0,7,77550,36070,113620,16231,6600,0,0,0,0,0,0,0,0,270040
2025-05-30,金,17,90200,23100,113300,6665,0,0,5,52250,7920,60170,12034,3300,0,0,0,0,0,0,0,0,176770
2025-05-31,土,31,115100,62790,177890,5738,0,0,28,201500,84000,285500,10196,0,0,0,0,0,0,0,0,0,463390
2025-06-01,日,24,151800,25080,176880,7370,7700,0,15,121000,26400,147400,9827,12100,3630,0,0,0,0,0,0,0,347710
2025-06-02,月,23,116760,25800,142560,6198,0,0,2,22550,3960,26510,13255,3300,3630,0,0,0,0,0,0,0,176000
2025-06-03,火,53,210650,0,210650,3975,0,0,13,154550,35420,189970,14613,0,3630,0,0,0,0,0,0,0,404250
2025-06-04,水,0,0,0,0,0,0,0,0,0,0,0,0,0,0,0,0,0,0,0,0,0,0
2025-06-05,木,26,212520,30800,243320,9358,0,0,0,0,0,0,0,0,0,0,0,0,0,0,0,0,243320
2025-06-06,金,73,255500,182500,438000,6000,0,0,35,479800,185410,665210,19006,3300,0,0,0,0,0,0,0,0,1106510
2025-06-07,土,44,198650,104520,303170,6890,0,0,2,18700,1650,20350,10175,0,0,0,0,0,0,0,330000,0,653520
2025-06-08,日,0,0,0,0,0,0,0,0,0,0,0,0,0,0,28,92400,30800,0,0,783200,27971,783200
2025-06-09,月,0,0,0,0,0,0,0,0,0,0,0,0,0,0,15,118800,39600,0,0,708400,47227,708400
2025-06-10,火,5,44000,4400,48400,9680,0,0,8,105600,28490,134090,16761,6600,7260,0,0,0,0,0,0,0,196350
2025-06-11,水,0,0,0,0,0,0,0,26,473200,85800,559000,21500,0,0,0,0,0,0,0,0,0,559000
2025-06-12,木,42,160200,174770,334970,7975,0,0,9,89760,59160,148920,16547,0,0,0,0,0,0,0,0,0,483890
2025-06-13,金,22,121660,28050,149710,6805,0,0,4,39050,10890,49940,12485,0,0,0,0,0,0,0,0,0,199650
2025-06-14,土,23,110810,20680,131490,5717,0,0,11,102300,22860,125160,11378,6600,3630,0,0,0,0,0,0,0,266880
2025-06-15,日,16,104940,25740,130680,8168,0,0,11,125950,25110,151060,13733,6600,7260,0,0,0,0,0,0,0,295600
2025-06-16,月,18,82500,21780,104280,5793,3300,0,4,49500,7480,56980,14245,0,0,0,0,0,0,0,0,0,164560
2025-06-17,火,33,122100,107470,229570,6957,0,0,5,51150,13860,65010,13002,0,0,0,0,0,0,0,0,0,294580
2025-06-18,水,0,0,0,0,0,0,0,0,0,0,0,0,0,0,0,0,0,0,0,0,0,0
2025-06-19,木,55,417670,72380,490050,8910,0,0,0,0,0,0,0,0,0,0,0,0,0,0,0,0,490050
2025-06-20,金,19,108130,19030,127160,6693,0,0,0,0,0,0,0,0,0,0,0,0,0,0,0,0,127160
2025-06-21,土,44,179080,83160,262240,5960,0,0,4,880000,198000,1078000,269500,0,0,0,0,0,0,0,0,0,1340240
2025-06-22,日,24,110880,28820,139700,5821,0,5000,12,128150,23540,151690,12641,3300,3630,0,0,0,0,0,0,0,303320
2025-06-23,月,23,123530,4840,128370,5581,0,0,8,87500,15680,103180,12898,6600,0,0,0,0,0,0,0,0,238150
2025-06-24,火,22,109120,18150,127270,5785,3300,0,13,132300,28520,160820,12371,6600,0,0,0,0,0,0,0,0,297990
2025-06-25,水,0,0,0,0,0,0,0,0,0,0,0,0,0,0,0,0,0,0,0,0,0,0
2025-06-26,木,23,112500,18400,130900,5691,0,0,43,368250,150500,518750,12064,0,0,0,0,0,0,0,0,0,649650
2025-06-27,金,28,140550,59390,199940,7141,0,0,31,266250,108500,374750,12089,0,0,0,0,0,0,0,0,0,574690
2025-06-28,土,15,110440,28270,138710,9247,0,3630,38,461500,114000,575500,15145,0,0,0,0,0,0,0,0,0,717840
2025-06-29,日,23,136730,17930,154660,6724,8800,0,24,300340,85620,385960,16082,3300,7260,0,0,0,0,0,0,0,559980
2025-06-30,月,34,130900,18920,149820,4406,0,0,0,0,0,0,0,0,0,0,0,0,0,0,0,0,149820
2025-07-01,火,15,82940,8470,91410,6094,3300,0,10,101750,31930,133680,13368,16500,16500,0,0,0,0,0,0,0,261390
2025-07-02,水,0,0,0,0,0,0,0,63,692750,192000,884750,14044,0,0,0,0,0,0,0,0,0,892580
2025-07-03,木,13,50270,5610,55880,4298,0,0,5,54340,12210,66550,13310,3300,3630,0,0,0,0,0,0,0,129360
2025-07-04,金,31,128400,2970,131370,4238,0,0,19,209050,87830,296880,15625,12100,3630,0,0,0,0,0,0,0,443980
2025-07-05,土,20,129140,17380,146520,7326,6600,0,22,273900,57530,331430,15065,6600,15180,0,0,0,0,0,0,0,506330
2025-07-06,日,0,0,0,0,0,0,0,0,0,0,0,0,0,0,60,960500,180000,0,0,1140500,19008,1140500
2025-07-07,月,19,94270,16830,111100,5847,6600,0,17,260700,123300,384000,22588,6600,7260,0,0,0,0,0,0,0,515560
2025-07-08,火,0,0,0,0,0,0,0,0,0,0,0,0,0,0,0,0,0,0,0,0,0,0
2025-07-09,水,0,0,0,0,0,0,0,0,0,0,0,0,0,0,0,0,0,0,0,0,0,0
2025-07-10,木,22,118810,19360,138170,6280,6600,3630,19,301280,88020,389300,20489,6600,0,0,0,0,0,0,0,0,544300
2025-07-11,金,24,132210,24760,156970,6540,0,0,8,65450,17710,83160,10395,3300,3630,0,0,0,0,0,0,0,247060
2025-07-12,土,18,142890,9570,152460,8470,0,0,19,186890,59510,246400,12968,7700,10890,0,0,0,0,0,0,0,417450
2025-07-13,日,24,135696,31674,167370,6974,0,0,15,160600,20460,181060,12071,0,7260,0,0,0,0,0,0,0,355690
2025-07-14,月,34,136790,52550,189340,5569,3300,0,4,51700,18270,69970,17492,0,0,0,0,0,0,0,0,0,262610
2025-07-15,火,26,124410,60360,184770,7107,0,0,0,0,0,0,0,0,0,0,0,0,0,0,0,0,184770
2025-07-16,水,0,0,0,0,0,0,0,91,1518000,409630,1927630,21183,0,0,0,0,0,0,0,0,0,1927630
2025-07-17,木,0,0,0,0,0,0,0,0,0,0,0,0,0,0,0,0,0,0,0,0,0,0
2025-07-18,金,19,115250,14130,129380,6809,5500,0,11,146200,77380,223580,20325,8800,0,0,0,0,0,0,0,0,367260
2025-07-19,土,21,131650,22220,153870,7327,4400,0,23,264550,60830,325380,14147,15400,3630,0,0,0,0,0,0,0,502680
2025-07-20,日,46,216200,75850,292050,6349,0,0,18,225150,20130,245280,13627,6600,3630,0,0,0,0,0,0,0,547560
2025-07-21,月,26,143020,17610,160630,6178,0,0,18,245300,44660,289960,16109,19800,3630,0,0,0,0,0,0,0,474020
2025-07-22,火,19,95500,20210,115710,6090,0,0,7,117040,26290,143330,20476,11000,0,0,0,0,0,0,0,0,270040
2025-07-23,水,0,0,0,0,0,0,0,0,0,0,0,0,0,0,0,0,0,0,0,0,0,0
2025-07-24,木,12,51360,4840,56200,4683,0,0,6,80850,52400,133250,22208,13200,0,0,0,0,0,0,0,0,202650
2025-07-25,金,20,102350,13920,116270,5814,0,0,41,518600,125030,643630,15698,3300,3630,0,0,0,0,0,0,0,799830
2025-07-26,土,8,54100,3200,57300,7162,0,0,16,203200,76510,279710,17482,19800,20460,0,0,0,0,0,0,0,377270
2025-07-27,日,18,120010,18480,138490,7694,7700,0,2,14300,3740,18040,9020,3300,0,0,0,0,0,0,0,0,167530
2025-07-28,月,14,62480,14630,77110,5508,4400,11000,22,203350,65290,268640,12211,29700,0,0,0,0,0,0,0,0,390850
2025-07-29,火,14,80410,7040,87450,6246,0,0,6,79200,15950,95150,15858,3300,0,0,0,0,0,0,0,0,185900
2025-07-30,水,0,0,0,0,0,0,0,0,0,0,0,0,0,0,0,0,0,0,0,0,0,0
2025-07-31,木,0,0,0,0,0,0,0,37,328000,82000,410000,11081,0,0,0,0,0,0,0,0,0,410000
2025-08-01,金,23,80500,31690,112190,4878,0,0,91,1090000,273000,1363000,14978,0,10000,0,0,0,0,0,0,0,1485190
2025-08-02,土,0,0,0,0,0,0,0,12,138600,24970,163570,13631,6600,7260,0,0,0,0,0,0,0,177430
2025-08-03,日,9,60390,20460,80850,8983,0,0,21,246950,50050,297000,14143,6600,3630,0,0,0,0,0,0,0,388080
2025-08-04,月,27,107450,39720,147170,5451,0,0,10,93500,40630,134130,13413,12100,0,0,0,0,0,0,0,0,293400
2025-08-05,火,11,64790,10230,75020,6820,0,0,10,119350,33440,152790,15279,6600,3630,0,0,0,0,0,0,0,238040
2025-08-06,水,0,0,0,0,0,0,0,0,0,0,0,0,0,0,0,0,0,0,0,0,0,0
2025-08-07,木,21,98010,17050,115060,5479,7700,0,13,158400,73920,232320,17871,16500,0,0,0,0,0,0,0,0,371580
2025-08-08,金,13,63030,4180,67210,5170,0,0,15,188100,49940,238040,15869,6600,10890,0,0,0,0,0,0,0,322740
2025-08-09,土,21,165400,30700,196100,9338,0,0,14,143550,19910,163460,11676,6600,3630,0,0,0,0,0,0,0,369790
2025-08-10,日,15,99640,26900,126540,8436,0,0,42,302250,200440,502690,11969,0,0,0,0,0,0,0,0,0,662230
2025-08-11,月,26,146550,30460,177010,6808,5500,0,24,316300,87290,403590,16816,17600,7260,0,0,0,0,0,0,0,610960
2025-08-12,火,19,94700,29550,124250,6539,3300,0,22,259490,46970,306460,13930,18700,0,0,0,0,0,0,0,0,452710
2025-08-13,水,0,0,0,0,0,0,0,0,0,0,0,0,0,0,0,0,0,0,0,0,0,0
2025-08-14,木,23,147310,30790,178100,7743,6600,10000,19,183700,30690,214390,11284,6600,3630,0,0,0,0,0,0,0,419320
2025-08-15,金,11,53110,18060,71170,6470,0,0,21,235950,58190,294140,14007,3300,7660,0,0,0,0,0,0,0,376270
2025-08-16,土,13,73700,19170,92870,7144,0,0,23,286750,31020,317770,13816,6600,14520,0,0,0,0,0,0,0,431760
2025-08-17,日,12,62740,15220,77960,6497,0,0,21,229350,69710,299060,14241,3300,3630,0,0,0,0,0,0,0,383950
2025-08-18,月,22,92890,31840,124730,5670,0,0,13,172690,23650,196340,15103,8800,7260,0,0,0,0,0,0,0,337130
2025-08-19,火,0,0,0,0,0,0,0,0,0,0,0,0,0,0,0,0,0,0,0,0,0,0
2025-08-20,水,0,0,0,0,0,0,0,0,0,0,0,0,0,0,0,0,0,0,0,0,0,0
2025-08-21,木,24,119310,38850,158160,6590,0,0,6,74250,6710,80960,13493,0,0,0,0,0,0,0,0,0,239120
2025-08-22,金,15,72930,5720,78650,5243,0,0,33,495000,99000,594000,18000,0,0,0,0,0,0,0,0,0,676280
2025-08-23,土,24,157740,27940,185680,7737,8800,0,24,308270,64560,372830,15535,6600,7260,0,0,0,0,0,0,0,581170
2025-08-24,日,14,102300,10670,112970,8069,7700,0,16,187120,46150,233270,14579,0,7920,0,0,0,0,0,0,0,361860
2025-08-25,月,21,92070,18260,110330,5254,3300,0,12,118800,11990,130790,10899,0,0,0,0,0,0,0,0,0,244420
2025-08-26,火,16,86680,21230,107910,6744,0,0,0,0,0,0,0,0,0,0,0,0,0,0,0,0,107910
2025-08-27,水,0,0,0,0,0,0,0,0,0,0,0,0,0,0,0,0,0,0,0,0,0,0
2025-08-28,木,14,72380,9680,82060,5861,0,0,23,250250,70190,320440,13932,0,0,0,0,0,0,0,0,0,402500
2025-08-29,金,43,270800,61200,332000,7721,0,0,0,0,0,0,0,0,0,0,0,0,0,0,0,0,332000
2025-08-30,土,18,121110,32560,153670,8537,3300,3630,19,215850,50770,266620,14033,13200,21010,0,0,0,0,0,0,0,461430
2025-08-31,日,19,140140,22330,162470,8551,0,3630,9,112200,21580,133780,14864,8800,0,0,0,0,0,0,0,0,308680
2025-09-01,月,19,82060,15800,97860,5151,0,0,11,145200,22220,167420,15220,3300,0,0,0,0,0,0,0,0,268580
2025-09-02,火,15,69280,12550,81830,5455,0,0,0,0,0,0,0,0,0,0,0,0,0,0,0,0,81830
2025-09-03,水,0,0,0,0,0,0,0,0,0,0,0,0,0,0,0,0,0,0,0,0,0,0
2025-09-04,木,18,91300,19910,111210,6178,5500,0,2,33000,6380,39380,19690,3300,0,0,0,0,0,0,0,0,159390
2025-09-05,金,14,71060,5940,77000,5500,0,0,9,117700,45100,162800,18089,0,0,0,0,0,0,0,0,0,239800
2025-09-06,土,9,50490,5940,56430,6270,0,0,0,0,0,0,0,0,0,13,249250,46700,0,0,295950,22765,352380
2025-09-07,日,22,129140,22550,151690,6895,3300,0,18,226050,51150,277200,15400,6600,3630,0,0,0,0,0,0,0,442420
2025-09-08,月,16,74140,16720,90860,5679,4400,0,2,26400,1540,27940,13970,0,0,0,0,0,0,0,0,0,123200
2025-09-09,火,43,176400,3080,179480,4174,0,0,12,146800,95140,241940,20162,0,0,0,0,0,0,0,0,0,421420
2025-09-10,水,0,0,0,0,0,0,0,0,0,0,0,0,0,0,0,0,0,0,0,0,0,0
2025-09-11,木,8,34600,11850,46450,5806,0,0,49,357750,143000,500750,10219,0,0,0,0,0,0,0,0,0,547200
2025-09-12,金,23,96400,2750,99150,4311,0,0,22,237300,58280,295580,13435,0,0,0,0,0,0,0,0,0,394730
2025-09-13,土,60,358400,176130,534530,8909,13200,0,21,233090,58680,291770,13894,17600,3630,0,0,0,0,0,0,0,860730
2025-09-14,日,51,368200,92250,460450,9028,0,0,19,232100,84530,316630,16665,6600,7260,0,0,0,0,0,0,0,790940
2025-09-15,月,16,104500,39600,144100,9006,0,0,15,204600,50050,254650,16977,15400,0,0,0,0,0,0,0,0,414150
2025-09-16,火,0,0,0,0,0,0,0,0,0,0,0,0,0,0,0,0,0,0,0,0,0,0
2025-09-17,水,0,0,0,0,0,0,0,0,0,0,0,0,0,0,0,0,0,0,0,0,0,0
2025-09-18,木,25,121900,54650,176550,7062,0,0,8,81400,42400,123800,15475,6600,0,0,0,0,0,0,0,0,306950
2025-09-19,金,37,154000,44210,198210,5357,5500,0,3,34650,14960,49610,16537,0,0,0,0,0,0,0,0,0,253320
2025-09-20,土,26,142340,43450,185790,7146,0,0,11,144950,26290,171240,15567,6600,3630,0,0,0,0,0,0,0,367260
2025-09-21,日,27,166100,34100,200200,7415,11000,0,6,75350,11440,86790,14465,6600,10890,0,0,0,0,0,0,0,315480
2025-09-22,月,10,54000,9580,63580,6358,0,0,22,242800,60370,303170,13780,0,0,0,0,0,0,0,0,0,366750
2025-09-23,火,20,131340,21890,153230,7662,0,0,23,237600,62990,300590,13069,3300,0,0,0,0,0,0,0,0,457120
2025-09-24,水,0,0,0,0,0,0,0,0,0,0,0,0,0,0,0,0,0,0,0,0,0,0
2025-09-25,木,15,80550,18330,98880,6592,0,0,0,0,0,0,0,0,0,0,0,0,0,0,0,0,98880
2025-09-26,金,23,99950,36890,136840,5950,0,0,18,206450,29040,235490,13083,3300,3630,0,0,0,0,0,0,0,379260
2025-09-27,土,27,127710,20570,148280,5492,9900,0,18,224400,52470,276870,15382,6600,7260,0,0,0,0,0,0,0,448910
2025-09-28,日,0,0,0,0,0,0,0,0,0,0,0,0,0,0,24,435070,72000,0,0,507070,21128,507070
2025-09-29,月,17,98130,17490,115620,6801,3300,0,10,94800,23980,118780,11878,12100,0,0,0,0,0,0,0,0,249800
2025-09-30,火,0,0,0,0,0,0,0,0,0,0,0,0,0,0,0,0,0,0,0,0,0,0
2025-10-01,水,0,0,0,0,0,0,0,0,0,0,0,0,0,0,0,0,0,0,0,0,0,0
2025-10-02,木,16,74800,10560,85360,5335,3300,0,21,300500,143480,443980,21142,22000,13630,0,0,0,0,0,0,0,568270
2025-10-03,金,8,37400,2750,40150,5019,0,0,23,199000,82300,281300,12230,0,0,0,0,0,0,0,0,0,376450
2025-10-04,土,16,92300,12870,105170,6573,0,0,17,204600,47520,252120,14831,6600,10890,0,0,0,0,0,0,0,374780
2025-10-05,日,21,152350,35090,187440,8926,16500,0,29,217570,104370,321940,11101,8800,0,0,0,0,0,0,0,0,534680
2025-10-06,月,11,47630,16720,64350,5850,0,0,4,37400,11440,48840,12210,0,0,0,0,0,0,0,0,0,113190
2025-10-07,火,8,33440,990,34430,4304,0,0,16,129100,52560,181660,11354,0,0,0,0,0,0,0,0,0,216090
2025-10-08,水,0,0,0,0,0,0,0,0,0,0,0,0,0,0,0,0,0,0,0,0,0,0
2025-10-09,木,14,79020,9240,88260,6304,0,0,0,0,0,0,0,0,0,0,0,0,0,0,0,0,88260
2025-10-10,金,26,133220,47670,180890,6957,0,0,11,119900,19470,139370,12670,0,3630,0,0,0,0,0,0,0,323890
2025-10-11,土,47,262300,85150,347450,7393,0,0,21,242550,59510,302060,14384,3300,7260,0,0,0,0,0,0,0,660070
2025-10-12,日,6,42900,5940,48840,8140,4400,0,0,0,0,0,0,0,0,52,431200,205110,0,0,636310,12237,689550
2025-10-13,月,25,127980,41690,169670,6787,0,0,13,156200,21890,178090,13699,0,0,0,0,0,0,0,0,0,347760
2025-10-14,火,0,0,0,0,0,0,0,0,0,0,0,0,0,0,0,0,0,0,0,0,0,0
2025-10-15,水,0,0,0,0,0,0,0,0,0,0,0,0,0,0,0,0,0,0,0,0,0,0
2025-10-16,木,39,140900,47800,188700,4838,0,0,25,264850,50380,315230,12609,22000,3630,0,0,0,0,0,0,0,529560
2025-10-17,金,15,60830,9900,70730,4715,0,0,16,194850,66520,261370,16336,16500,3630,0,0,0,0,0,0,0,352230
2025-10-18,土,9,58410,20020,78430,8714,0,0,12,168300,35530,203830,16986,0,5000,0,0,0,0,0,0,0,287260
2025-10-19,日,0,0,0,0,0,0,0,0,0,0,0,0,0,0,137,576500,111100,0,0,687600,5019,687600
2025-10-20,月,8,32780,6600,39380,4922,0,0,18,203060,59270,262330,14574,3300,6050,0,0,0,0,0,0,0,311060
2025-10-21,火,16,78200,14640,92840,5802,0,0,4,48950,12100,61050,15262,3300,3630,0,0,0,0,0,0,0,160820
2025-10-22,水,0,0,0,0,0,0,0,32,224000,96000,320000,10000,0,0,0,0,0,0,0,0,0,320000
2025-10-23,木,26,144100,2640,146740,5644,0,0,6,75900,7290,83190,13865,3300,0,0,0,0,0,0,0,0,233230
2025-10-24,金,36,126000,43370,169370,4705,0,0,2,14300,1540,15840,7920,3300,0,0,0,0,0,0,0,0,188510
2025-10-25,土,10,57640,13090,70730,7073,0,0,20,249700,73450,323150,16158,6600,20460,0,0,0,0,0,0,0,420940
2025-10-26,日,19,127260,28610,155870,8204,0,0,23,315150,67690,382840,16645,3300,7260,0,0,0,0,0,0,0,549270
2025-10-27,月,12,51480,7810,59290,4941,0,0,6,63800,13750,77550,12925,3300,0,0,0,0,0,0,0,0,140140
2025-10-28,火,0,0,0,0,0,0,0,0,0,0,0,0,0,0,0,0,0,0,0,0,0,0
2025-10-29,水,0,0,0,0,0,0,0,0,0,0,0,0,0,0,0,0,0,0,0,0,0,0
2025-10-30,木,8,39700,15740,55440,6930,0,0,0,0,0,0,0,0,0,0,0,0,0,0,0,0,55440
2025-10-31,金,17,86570,20000,106570,6269,0,0,9,148500,31500,180000,20000,0,0,0,0,0,0,0,0,0,286570
2025-11-01,土,3,15510,3080,18590,6197,0,0,16,160600,21010,181610,11351,6600,3630,0,0,0,0,0,0,0,210430
2025-11-02,日,0,0,0,0,0,0,0,18,171600,43890,215490,11972,6600,0,0,0,0,0,0,0,0,222090
2025-11-03,月,20,126390,30910,157300,7865,4400,3630,14,139700,26070,165770,11841,6600,9680,0,0,0,0,0,0,0,347380
2025-11-04,火,6,31680,7480,39160,6527,3300,0,7,61050,22880,83930,11990,0,0,0,0,0,0,0,0,0,126390
2025-11-05,水,0,0,0,0,0,0,0,0,0,0,0,0,0,0,0,0,0,0,0,0,0,0
2025-11-06,木,38,168850,33110,201960,5315,0,0,0,0,0,0,0,0,0,0,0,0,0,0,0,0,201960
2025-11-07,金,15,94710,11440,106150,7077,6600,0,12,114950,133930,248880,20740,0,0,0,0,0,0,0,0,0,361630
2025-11-08,土,14,85690,14410,100100,7150,3300,0,64,579700,164300,744000,11625,0,0,0,0,0,0,0,0,0,847400
2025-11-09,日,18,114950,28350,143300,7961,0,0,0,0,0,0,0,0,0,0,0,0,0,0,0,0,143300
2025-11-10,月,20,107910,16940,124850,6242,0,0,4,66000,31600,97600,24400,0,7000,0,0,0,0,0,0,0,229450
2025-11-11,火,0,0,0,0,0,0,0,86,1085250,258000,1343250,15619,0,0,0,0,0,0,0,0,0,1343250
2025-11-12,水,0,0,0,0,0,0,0,0,0,0,0,0,0,0,0,0,0,0,0,0,0,0
2025-11-13,木,27,94500,41410,135910,5034,0,0,4,41250,11440,52690,13172,3300,3630,0,0,0,0,0,0,0,195530
2025-11-14,金,40,142200,57600,199800,4995,0,0,12,98220,23532,121752,10146,0,0,0,0,0,0,0,0,0,321552
2025-11-15,土,4,24530,6930,31460,7865,0,0,66,638700,174900,813600,12327,0,0,0,0,0,0,0,0,0,845060
2025-11-16,日,9,57750,15290,73040,8116,0,0,6,63250,19030,82280,13713,6600,3630,0,0,0,0,0,0,0,165550
2025-11-17,月,23,80500,26190,106690,4639,0,0,9,63000,27000,90000,10000,9900,0,0,0,0,0,0,0,0,206590
2025-11-18,火,0,0,0,0,0,0,0,0,0,0,0,0,0,0,0,0,0,0,0,0,0,0
2025-11-19,水,0,0,0,0,0,0,0,0,0,0,0,0,0,0,0,0,0,0,0,0,0,0
2025-11-20,木,15,99000,13420,112420,7495,3300,3630,3,164450,19550,184000,61333,0,0,0,0,0,0,0,0,0,303350
2025-11-21,金,22,127400,20000,147400,6700,0,0,9,134200,54450,188650,20961,0,0,0,0,0,0,0,0,0,336050
2025-11-22,土,0,0,0,0,0,0,0,0,0,0,0,0,0,0,22,309000,90000,0,0,399000,18136,399000
2025-11-23,日,27,176000,31020,207020,7667,4400,0,22,257400,70620,328020,14910,3300,10890,0,0,0,0,0,0,0,553630
2025-11-24,月,13,81070,20460,101530,7810,2200,0,7,74800,7810,82610,11801,11000,0,0,0,0,0,0,0,0,197340
2025-11-25,火,0,0,0,0,0,0,0,0,0,0,0,0,0,0,0,0,0,0,0,0,0,0
2025-11-26,水,0,0,0,0,0,0,0,0,0,0,0,0,0,0,0,0,0,0,0,0,0,0
2025-11-27,木,8,40040,6710,46750,5844,3300,0,8,79950,22330,102280,12785,6600,3630,0,0,0,0,0,0,0,162560
2025-11-28,金,31,102400,30640,133040,4292,0,0,4,37400,15400,52800,13200,0,0,0,0,0,0,0,0,0,185840
2025-11-29,土,15,91630,30690,122320,8155,5500,0,62,579700,164300,744000,12000,0,0,0,0,0,0,0,0,0,871820
2025-11-30,日,4,24090,19360,43450,10862,0,0,6,71500,19800,91300,15217,3300,7260,0,0,0,0,0,0,0,145310
2025-12-01,月,33,448800,66792,515592,15624,0,0,2,33000,2860,35860,17930,0,0,0,0,0,0,0,0,0,551452
2025-12-02,火,20,82500,16170,98670,4934,0,0,4,50248,6710,56958,14240,3300,3630,0,0,0,0,0,0,0,162558
2025-12-03,水,0,0,0,0,0,0,0,0,0,0,0,0,0,0,0,0,0,0,0,0,0,0
2025-12-04,木,6,25740,7920,33660,5610,0,0,0,0,0,0,0,0,0,0,0,0,0,0,0,0,33660
2025-12-05,金,11,64130,15620,79750,7250,0,0,2,18700,2200,20900,10450,0,0,0,0,0,0,0,0,0,100650
2025-12-06,土,8,38940,11550,50490,6311,3300,0,0,0,0,0,0,0,0,34,610070,403660,0,0,1013730,29816,1067520
2025-12-07,日,39,127500,59560,187060,4796,0,0,6,62150,19360,81510,13585,3300,3630,0,0,0,0,0,0,0,275500
2025-12-08,月,9,45210,3850,49060,5451,0,0,2,22550,4180,26730,13365,3300,3630,0,0,0,0,0,0,0,82720
2025-12-09,火,0,0,0,0,0,0,0,0,0,0,0,0,0,0,0,0,0,0,0,0,0,0
2025-12-10,水,0,0,0,0,0,0,0,0,0,0,0,0,0,0,0,0,0,0,0,0,0,0
2025-12-11,木,4,22000,8250,30250,7562,0,0,17,311100,51000,362100,21300,0,0,0,0,0,0,0,0,0,392350
2025-12-12,金,12,60900,14460,75360,6280,0,0,23,285450,54010,339460,14759,17600,17930,0,0,0,0,0,0,0,450350
2025-12-13,土,15,93390,8580,101970,6798,7700,0,16,187110,214420,401530,25096,3300,0,0,0,0,0,0,0,0,514500
2025-12-14,日,0,0,0,0,0,0,0,0,0,0,0,0,0,0,59,672750,183000,0,0,855750,14504,855750
2025-12-15,月,0,0,0,0,0,0,0,4,40370,9900,50270,12568,0,0,0,0,0,0,0,0,0,50270
2025-12-16,火,10,51700,12540,64240,6424,0,0,17,183700,57860,241560,14209,15400,3630,0,0,0,0,0,0,0,324830
2025-12-17,水,0,0,0,0,0,0,0,0,0,0,0,0,0,0,0,0,0,0,0,0,0,0
2025-12-18,木,11,60170,5940,66110,6010,3300,0,36,375500,112100,487600,13544,0,0,0,0,0,0,0,0,0,557010
2025-12-19,金,14,62300,24370,86670,6191,0,0,8,125400,19470,144870,18109,6600,0,0,0,0,0,0,0,0,238140
2025-12-20,土,25,174450,30810,205260,8210,6600,0,24,396000,65670,461670,19236,6600,0,0,0,0,0,0,0,0,680130
2025-12-21,日,20,143000,42460,185460,9273,3300,0,25,416570,59290,475860,19034,6600,0,0,0,0,0,0,0,0,671220
2025-12-22,月,9,64350,10340,74690,8299,0,0,10,161700,18040,179740,17974,11000,9680,0,0,0,0,0,0,0,275110
2025-12-23,火,14,100100,35640,135740,9696,0,0,24,396000,66770,462770,19282,6600,0,0,0,0,0,0,0,0,605110
2025-12-24,水,26,189970,42130,232100,8927,8800,0,28,470140,82530,552670,19738,6600,8000,0,0,0,0,0,0,0,808170
2025-12-25,木,35,248380,58630,307010,8772,11000,0,35,577500,89860,667360,19067,26400,0,0,0,0,0,0,0,0,1011770
2025-12-26,金,14,118152,33450,151602,10829,0,0,26,420850,82720,503570,19368,3300,4400,0,0,0,0,0,0,0,662872
2025-12-27,土,0,0,0,0,0,0,0,0,0,0,0,0,0,0,0,0,0,0,0,0,0,0
2025-12-28,日,0,0,0,0,0,0,0,0,0,0,0,0,0,0,0,0,0,0,0,0,0,0
2025-12-29,月,0,0,0,0,0,0,0,0,0,0,0,0,0,0,0,0,0,0,0,0,0,0
2025-12-30,火,0,0,0,0,0,0,0,0,0,0,0,0,0,0,0,0,0,0,0,0,0,0
2025-12-31,水,0,0,0,0,0,0,0,0,0,0,0,0,0,0,49,0,0,0,0,1706000,34816,1706000
2026-01-01,木,0,0,0,0,0,0,0,0,0,0,0,0,0,0,0,0,0,0,0,0,0,0
2026-01-02,金,0,0,0,0,0,0,0,0,0,0,0,0,0,0,0,0,0,0,0,0,0,0
2026-01-03,土,0,0,0,0,0,0,0,0,0,0,0,0,0,0,0,0,0,0,0,0,0,0
2026-01-04,日,17,95810,28380,124190,7305,3300,0,14,158510,62850,221360,15811,11000,0,0,0,0,0,0,0,0,359850
2026-01-05,月,8,44000,3740,47740,5968,0,0,8,94050,23320,117370,14671,3300,0,0,0,0,0,0,0,0,168410
2026-01-06,火,0,0,0,0,0,0,0,0,0,0,0,0,0,0,0,0,0,0,0,0,0,0
2026-01-07,水,0,0,0,0,0,0,0,0,0,0,0,0,0,0,0,0,0,0,0,0,0,0
2026-01-08,木,9,49170,8800,57970,6441,0,0,6,67100,13310,80410,13402,12100,0,0,0,0,0,0,0,0,150480
2026-01-09,金,5,21890,4290,26180,5236,0,0,16,166700,59720,226420,14151,6600,0,0,0,0,0,0,0,0,259200
2026-01-10,土,5,32670,3080,35750,7150,0,0,10,100650,7920,108570,10857,6600,3630,0,0,0,0,0,0,0,154550
2026-01-11,日,13,67980,108830,176810,13601,0,0,4,65000,10200,75200,18800,3300,70000,0,0,0,0,0,0,0,358310
2026-01-12,月,39,166300,113050,279350,7163,0,0,4,40700,6710,47410,11852,3300,0,0,0,0,0,0,0,0,418060
2026-01-13,火,0,0,0,0,0,0,0,0,0,0,0,0,0,0,0,0,0,0,0,0,0,0
2026-01-14,水,0,0,0,0,0,0,0,0,0,0,0,0,0,0,0,0,0,0,0,0,0,0
2026-01-15,木,2,14300,1760,16060,8030,0,0,2,23100,1540,24640,12320,3300,0,0,0,0,0,0,0,0,44000
2026-01-16,金,11,55550,4730,60280,5480,0,0,9,120450,47190,167640,18627,3300,7150,0,0,0,0,0,0,0,238370
2026-01-17,土,0,0,0,0,0,0,0,0,0,0,0,0,0,0,40,320000,80000,0,0,400000,10000,400000
2026-01-18,日,0,0,0,0,0,0,0,0,0,0,0,0,0,0,40,214500,138930,6600,0,393030,9826,393030
2026-01-19,月,27,114640,2530,117170,4340,0,0,12,123750,39210,162960,13580,3300,0,0,0,0,0,0,0,0,283430
2026-01-20,火,0,0,0,0,0,0,0,0,0,0,0,0,0,0,0,0,0,0,0,0,0,0
2026-01-21,水,0,0,0,0,0,0,0,0,0,0,0,0,0,0,0,0,0,0,0,0,0,0
2026-01-22,木,10,46420,17270,63690,6369,0,0,0,0,0,0,0,0,0,0,0,0,0,0,0,0,63690
2026-01-23,金,9,41250,14080,55330,6148,0,0,10,155100,36300,191400,19140,16500,0,0,0,0,0,0,0,0,263230
2026-01-24,土,0,0,0,0,0,0,0,0,0,0,0,0,0,0,40,320000,80000,0,0,400000,10000,400000
2026-01-25,日,0,0,0,0,0,0,0,0,0,0,0,0,0,0,23,245500,180000,0,0,425500,18500,425500
2026-01-26,月,23,97100,9460,106560,4633,3300,0,0,0,0,0,0,0,0,0,0,0,0,0,0,0,109860
2026-01-27,火,0,0,0,0,0,0,0,0,0,0,0,0,0,0,0,0,0,0,0,0,0,0
2026-01-28,水,0,0,0,0,0,0,0,0,0,0,0,0,0,0,0,0,0,0,0,0,0,0
2026-01-29,木,16,76800,8030,84830,5302,6600,0,6,85800,8690,94490,15748,3300,0,0,0,0,0,0,0,0,189220
2026-01-30,金,3,14190,2310,16500,5500,0,0,2,23100,4730,27830,13915,3300,0,0,0,0,0,0,0,0,47630
2026-01-31,土,41,186890,55900,242790,5922,3300,0,14,156750,17820,174570,12469,15400,7150,0,0,0,0,0,0,0,443210
