date,weekday,np_total,ce_total,rp_total,base_total
2023-01-01,日,0,0,0,0
2023-01-02,月,303985,0,0,303985
2023-01-03,火,99935,0,0,99935
2023-01-04,水,0,0,0,0
2023-01-05,木,116820,0,0,116820
2023-01-06,金,220945,0,0,220945
2023-01-07,土,221204,0,0,221204
2023-01-08,日,172805,0,0,172805
2023-01-09,月,371625,0,0,371625
2023-01-10,火,25465,0,0,25465
2023-01-11,水,0,0,0,0
2023-01-12,木,21505,0,0,21505
2023-01-13,金,71500,0,0,71500
2023-01-14,土,408645,0,0,408645
2023-01-15,日,393519,0,0,393519
2023-01-16,月,38335,0,0,38335
2023-01-17,火,15400,0,0,15400
2023-01-18,水,0,0,0,0
2023-01-19,木,174140,0,0,174140
2023-01-20,金,797580,0,0,797580
2023-01-21,土,238761,0,0,238761
2023-01-22,日,164255,0,0,164255
2023-01-23,月,18040,0,0,18040
2023-01-24,火,68915,0,0,68915
2023-01-25,水,0,0,0,0
2023-01-26,木,14300,0,0,14300
2023-01-27,金,254760,0,0,254760
2023-01-28,土,274206,0,0,274206
2023-01-29,日,236775,0,0,236775
2023-01-30,月,77550,0,0,77550
2023-01-31,火,105105,0,0,105105
2023-02-01,水,0,0,0,0
2023-02-02,木,570000,0,0,570000
2023-02-03,金,600000,0,0,600000
2023-02-04,土,580000,0,0,580000
2023-02-05,日,142505,0,0,142505
2023-02-06,月,385770,0,0,385770
2023-02-07,火,169510,0,0,169510
2023-02-08,水,0,0,0,0
2023-02-09,木,61615,0,0,61615
2023-02-10,金,167475,0,0,167475
2023-02-11,土,91740,0,0,91740
2023-02-12,日,353320,0,0,353320
2023-02-13,月,52250,0,0,52250
2023-02-14,火,115510,0,0,115510
2023-02-15,水,0,0,0,0
2023-02-16,木,56100,0,0,56100
2023-02-17,金,376200,0,0,376200
2023-02-18,土,241505,0,0,241505
2023-02-19,日,72710,0,0,72710
2023-02-20,月,102575,0,0,102575
2023-02-21,火,21725,0,0,21725
2023-02-22,水,0,0,0,0
2023-02-23,木,122980,0,0,122980
2023-02-24,金,131175,0,0,131175
2023-02-25,土,313940,0,0,313940
2023-02-26,日,174240,0,0,174240
2023-02-27,月,21780,0,0,21780
2023-02-28,火,48015,0,0,48015
2023-03-01,水,420860,0,0,420860
2023-03-02,木,340000,0,0,340000
2023-03-03,金,47245,0,0,47245
2023-03-04,土,192940,0,0,192940
2023-03-05,日,66220,0,0,66220
2023-03-06,月,65340,0,0,65340
2023-03-07,火,94446,0,0,94446
2023-03-08,水,0,0,0,0
2023-03-09,木,165330,0,0,165330
2023-03-10,金,223630,0,0,223630
2023-03-11,土,184700,0,0,184700
2023-03-12,日,231825,0,0,231825
2023-03-13,月,216275,0,0,216275
2023-03-14,火,189195,0,0,189195
2023-03-15,水,0,0,0,0
2023-03-16,木,26510,0,0,26510
2023-03-17,金,160775,0,0,160775
2023-03-18,土,244530,0,0,244530
2023-03-19,日,164395,0,0,164395
2023-03-20,月,272305,0,0,272305
2023-03-21,火,152009,0,0,152009
2023-03-22,水,0,0,0,0
2023-03-23,木,96360,0,0,96360
2023-03-24,金,279137,0,0,279137
2023-03-25,土,501040,0,0,501040
2023-03-26,日,96910,0,0,96910
2023-03-27,月,192145,0,0,192145
2023-03-28,火,145585,0,0,145585
2023-03-29,水,160000,0,0,160000
2023-03-30,木,162910,0,0,162910
2023-03-31,金,481865,0,0,481865
2023-04-01,土,167164,0,0,167164
2023-04-02,日,285455,0,0,285455
2023-04-03,月,227645,0,0,227645
2023-04-04,火,286115,0,0,286115
2023-04-05,水,0,0,0,0
2023-04-06,木,190540,0,0,190540
2023-04-07,金,255645,0,0,255645
2023-04-08,土,202180,0,0,202180
2023-04-09,日,374770,0,0,374770
2023-04-10,月,19910,0,0,19910
2023-04-11,火,54945,0,0,54945
2023-04-12,水,0,0,0,0
2023-04-13,木,90145,0,0,90145
2023-04-14,金,59510,0,0,59510
2023-04-15,土,124520,0,0,124520
2023-04-16,日,707740,0,0,707740
2023-04-17,月,76450,0,0,76450
2023-04-18,火,49060,0,0,49060
2023-04-19,水,0,0,0,0
2023-04-20,木,48730,0,0,48730
2023-04-21,金,101288,0,0,101288
2023-04-22,土,1127070,0,0,1127070
2023-04-23,日,94270,0,0,94270
2023-04-24,月,147235,0,0,147235
2023-04-25,火,227150,0,0,227150
2023-04-26,水,0,0,0,0
2023-04-27,木,131945,0,0,131945
2023-04-28,金,134750,0,0,134750
2023-04-29,土,464090,0,0,464090
2023-04-30,日,250300,0,0,250300
2023-05-01,月,147455,0,0,147455
2023-05-02,火,223300,0,0,223300
2023-05-03,水,240515,0,0,240515
2023-05-04,木,435655,0,0,435655
2023-05-05,金,613591,0,0,613591
2023-05-06,土,263010,0,0,263010
2023-05-07,日,127490,0,0,127490
2023-05-08,月,204930,0,0,204930
2023-05-09,火,249150,0,0,249150
2023-05-10,水,0,0,0,0
2023-05-11,木,290680,0,0,290680
2023-05-12,金,394130,0,0,394130
2023-05-13,土,230494,0,0,230494
2023-05-14,日,345895,0,0,345895
2023-05-15,月,127135,0,0,127135
2023-05-16,火,95480,0,0,95480
2023-05-17,水,0,0,0,0
2023-05-18,木,148280,0,0,148280
2023-05-19,金,90400,0,0,90400
2023-05-20,土,127710,0,0,127710
2023-05-21,日,973135,0,0,973135
2023-05-22,月,168172,0,0,168172
2023-05-23,火,290675,0,0,290675
2023-05-24,水,0,0,0,0
2023-05-25,木,435980,0,0,435980
2023-05-26,金,604230,0,0,604230
2023-05-27,土,377315,0,0,377315
2023-05-28,日,911180,0,0,911180
2023-05-29,月,96085,0,0,96085
2023-05-30,火,153230,0,0,153230
2023-05-31,水,0,0,0,0
2023-06-01,木,351415,0,0,351415
2023-06-02,金,252580,0,0,252580
2023-06-03,土,296440,0,0,296440
2023-06-04,日,176000,0,0,176000
2023-06-05,月,115885,0,0,115885
2023-06-06,火,233475,0,0,233475
2023-06-07,水,0,0,0,0
2023-06-08,木,60665,0,0,60665
2023-06-09,金,271260,0,0,271260
2023-06-10,土,505660,0,0,505660
2023-06-11,日,451555,0,0,451555
2023-06-12,月,203115,0,0,203115
2023-06-13,火,953140,0,0,953140
2023-06-14,水,0,0,0,0
2023-06-15,木,292090,0,0,292090
2023-06-16,金,178585,0,0,178585
2023-06-17,土,526185,0,0,526185
2023-06-18,日,334455,0,0,334455
2023-06-19,月,99660,0,0,99660
2023-06-20,火,877200,0,0,877200
2023-06-21,水,495000,0,0,495000
2023-06-22,木,516060,0,0,516060
2023-06-23,金,604610,0,0,604610
2023-06-24,土,347380,0,0,347380
2023-06-25,日,466730,0,0,466730
2023-06-26,月,366475,0,0,366475
2023-06-27,火,835265,0,0,835265
2023-06-28,水,0,0,0,0
2023-06-29,木,638370,0,0,638370
2023-06-30,金,286715,0,0,286715
2023-07-01,土,546500,0,0,546500
2023-07-02,日,107200,0,0,107200
2023-07-03,月,187210,0,0,187210
2023-07-04,火,264165,0,0,264165
2023-07-05,水,214940,0,0,214940
2023-07-06,木,86075,0,0,86075
2023-07-07,金,190300,0,0,190300
2023-07-08,土,257620,0,0,257620
2023-07-09,日,370455,0,0,370455
2023-07-10,月,307910,0,0,307910
2023-07-11,火,162670,0,0,162670
2023-07-12,水,0,0,0,0
2023-07-13,木,235070,0,0,235070
2023-07-14,金,507770,0,0,507770
2023-07-15,土,645806,0,0,645806
2023-07-16,日,877210,0,0,877210
2023-07-17,月,364190,0,0,364190
2023-07-18,火,149380,0,0,149380
2023-07-19,水,0,0,0,0
2023-07-20,木,132605,0,0,132605
2023-07-21,金,367285,0,0,367285
2023-07-22,土,327717,0,0,327717
2023-07-23,日,392085,0,0,392085
2023-07-24,月,137115,0,0,137115
2023-07-25,火,207890,0,0,207890
2023-07-26,水,0,0,0,0
2023-07-27,木,198165,0,0,198165
2023-07-28,金,124785,0,0,124785
2023-07-29,土,580355,0,0,580355
2023-07-30,日,398530,0,0,398530
2023-07-31,月,93940,0,0,93940
2023-08-01,火,59070,0,0,59070
2023-08-02,水,0,0,0,0
2023-08-03,木,136290,0,0,136290
2023-08-04,金,494395,0,0,494395
2023-08-05,土,410210,0,0,410210
2023-08-06,日,275660,0,0,275660
2023-08-07,月,229515,0,0,229515
2023-08-08,火,117535,0,0,117535
2023-08-09,水,0,0,0,0
2023-08-10,木,378015,0,0,378015
2023-08-11,金,505600,0,0,505600
2023-08-12,土,461432,0,0,461432
2023-08-13,日,269105,0,0,269105
2023-08-14,月,559230,0,0,559230
2023-08-15,火,254745,0,0,254745
2023-08-16,水,166595,0,0,166595
2023-08-17,木,23970,0,0,23970
2023-08-18,金,228220,0,0,228220
2023-08-19,土,356995,0,0,356995
2023-08-20,日,452365,0,0,452365
2023-08-21,月,318275,0,0,318275
2023-08-22,火,111265,0,0,111265
2023-08-23,水,0,0,0,0
2023-08-24,木,250790,0,0,250790
2023-08-25,金,366405,0,0,366405
2023-08-26,土,538825,0,0,538825
2023-08-27,日,194260,0,0,194260
2023-08-28,月,274065,0,0,274065
2023-08-29,火,155545,0,0,155545
2023-08-30,水,0,0,0,0
2023-08-31,木,324590,0,0,324590
2023-09-01,金,37840,0,0,37840
2023-09-02,土,375870,0,0,375870
2023-09-03,日,303895,0,0,303895
2023-09-04,月,176550,0,0,176550
2023-09-05,火,199045,0,0,199045
2023-09-06,水,1320000,0,0,1320000
2023-09-07,木,250305,0,0,250305
2023-09-08,金,1097485,0,0,1097485
2023-09-09,土,185010,0,0,185010
2023-09-10,日,375985,0,0,375985
2023-09-11,月,291225,0,0,291225
2023-09-12,火,684425,0,0,684425
2023-09-13,水,0,0,0,0
2023-09-14,木,76406,0,0,76406
2023-09-15,金,456670,0,0,456670
2023-09-16,土,480865,0,0,480865
2023-09-17,日,498070,0,0,498070
2023-09-18,月,363330,0,0,363330
2023-09-19,火,0,0,0,0
2023-09-20,水,0,0,0,0
2023-09-21,木,827510,0,0,827510
2023-09-22,金,148555,0,0,148555
2023-09-23,土,594715,0,0,594715
2023-09-24,日,165155,0,0,165155
2023-09-25,月,279205,0,0,279205
2023-09-26,火,436645,0,0,436645
2023-09-27,水,0,0,0,0
2023-09-28,木,531830,0,0,531830
2023-09-29,金,1058500,0,0,1058500
2023-09-30,土,385410,0,0,385410
2023-10-01,日,314545,0,0,314545
2023-10-02,月,0,0,0,0
2023-10-03,火,137655,0,0,137655
2023-10-04,水,0,0,0,0
2023-10-05,木,1468500,0,0,1468500
2023-10-06,金,320970,0,0,320970
2023-10-07,土,185450,0,0,185450
2023-10-08,日,568630,0,0,568630
2023-10-09,月,229425,0,0,229425
2023-10-10,火,169675,0,0,169675
2023-10-11,水,616500,0,0,616500
2023-10-12,木,288205,0,0,288205
2023-10-13,金,1025530,0,0,1025530
2023-10-14,土,386725,0,0,386725
2023-10-15,日,198575,0,0,198575
2023-10-16,月,247300,0,0,247300
2023-10-17,火,465510,0,0,465510
2023-10-18,水,0,0,0,0
2023-10-19,木,214260,0,0,214260
2023-10-20,金,650735,0,0,650735
2023-10-21,土,387735,0,0,387735
2023-10-22,日,195690,0,0,195690
2023-10-23,月,53900,0,0,53900
2023-10-24,火,0,0,0,0
2023-10-25,水,0,0,0,0
2023-10-26,木,254815,0,0,254815
2023-10-27,金,399385,0,0,399385
2023-10-28,土,250245,0,0,250245
2023-10-29,日,221780,0,0,221780
2023-10-30,月,101090,0,0,101090
2023-10-31,火,0,0,0,0
2023-11-01,水,0,0,0,0
2023-11-02,木,101750,0,0,101750
2023-11-03,金,465905,0,0,465905
2023-11-04,土,143000,0,0,143000
2023-11-05,日,224620,0,0,224620
2023-11-06,月,34595,0,0,34595
2023-11-07,火,263615,0,0,263615
2023-11-08,水,0,0,0,0
2023-11-09,木,271975,0,0,271975
2023-11-10,金,271040,0,0,271040
2023-11-11,土,330825,0,0,330825
2023-11-12,日,488120,0,0,488120
2023-11-13,月,323675,0,0,323675
2023-11-14,火,187565,0,0,187565
2023-11-15,水,0,0,0,0
2023-11-16,木,74140,0,0,74140
2023-11-17,金,206585,0,0,206585
2023-11-18,土,512765,0,0,512765
2023-11-19,日,304710,0,0,304710
2023-11-20,月,13860,0,0,13860
2023-11-21,火,0,0,0,0
2023-11-22,水,0,0,0,0
2023-11-23,木,301890,0,0,301890
2023-11-24,金,332145,0,0,332145
2023-11-25,土,368335,0,0,368335
2023-11-26,日,282495,0,0,282495
2023-11-27,月,50930,0,0,50930
2023-11-28,火,459855,0,0,459855
2023-11-29,水,0,0,0,0
2023-11-30,木,91245,0,0,91245
2023-12-01,金,92290,0,0,92290
2023-12-02,土,669950,0,0,669950
2023-12-03,日,199095,0,0,199095
2023-12-04,月,90970,0,0,90970
2023-12-05,火,0,0,0,0
2023-12-06,水,0,0,0,0
2023-12-07,木,61050,0,0,61050
2023-12-08,金,244865,0,0,244865
2023-12-09,土,787615,0,0,787615
2023-12-10,日,250250,0,0,250250
2023-12-11,月,64130,0,0,64130
2023-12-12,火,334840,0,0,334840
2023-12-13,水,0,0,0,0
2023-12-14,木,46365,0,0,46365
2023-12-15,金,511830,0,0,511830
2023-12-16,土,393800,0,0,393800
2023-12-17,日,267350,0,0,267350
2023-12-18,月,62040,0,0,62040
2023-12-19,火,227480,0,0,227480
2023-12-20,水,0,0,0,0
2023-12-21,木,255464,0,0,255464
2023-12-22,金,188595,0,0,188595
2023-12-23,土,901160,0,0,901160
2023-12-24,日,1014145,0,0,1014145
2023-12-25,月,698115,0,0,698115
2023-12-26,火,117700,0,0,117700
2023-12-27,水,0,0,0,0
2023-12-28,木,0,0,0,0
2023-12-29,金,0,0,0,0
2023-12-30,土,0,0,0,0
2023-12-31,日,1532736,0,0,1532736
2024-04-01,月,25080,0,0,25080
2024-04-02,火,0,0,0,0
2024-04-03,水,0,0,0,0
2024-04-04,木,125015,0,0,125015
2024-04-05,金,129140,0,0,129140
2024-04-06,土,411950,0,0,411950
2024-04-07,日,275605,0,0,275605
2024-04-08,月,89815,0,0,89815
2024-04-09,火,243210,0,0,243210
2024-04-10,水,0,0,0,0
2024-04-11,木,144485,0,0,144485
2024-04-12,金,314745,0,0,314745
2024-04-13,土,133340,0,0,133340
2024-04-14,日,167145,0,0,167145
2024-04-15,月,45430,0,0,45430
2024-04-16,火,16940,0,0,16940
2024-04-17,水,0,0,0,0
2024-04-18,木,56100,0,0,56100
2024-04-19,金,91960,0,0,91960
2024-04-20,土,490625,0,0,490625
2024-04-21,日,254837,0,0,254837
2024-04-22,月,68035,0,0,68035
2024-04-23,火,97265,0,0,97265
2024-04-24,水,0,0,0,0
2024-04-25,木,82170,0,0,82170
2024-04-26,金,445500,0,0,445500
2024-04-27,土,444230,0,0,444230
2024-04-28,日,750115,0,0,750115
2024-04-29,月,170445,0,0,170445
2024-04-30,火,75130,0,0,75130
2024-05-01,水,203390,0,0,203390
2024-05-02,木,357495,0,0,357495
2024-05-03,金,419870,0,0,419870
2024-05-04,土,324940,0,0,324940
2024-05-05,日,346060,0,0,346060
2024-05-06,月,221595,0,0,221595
2024-05-07,火,62340,0,0,62340
2024-05-08,水,0,0,0,0
2024-05-09,木,207845,0,0,207845
2024-05-10,金,97495,0,0,97495
2024-05-11,土,118285,0,0,118285
2024-05-12,日,165550,0,0,165550
2024-05-13,月,154110,0,0,154110
2024-05-14,火,121275,0,0,121275
2024-05-15,水,0,0,0,0
2024-05-16,木,664485,0,0,664485
2024-05-17,金,276430,0,0,276430
2024-05-18,土,335555,0,0,335555
2024-05-19,日,333477,0,0,333477
2024-05-20,月,263045,0,0,263045
2024-05-21,火,93730,0,0,93730
2024-05-22,水,388795,0,0,388795
2024-05-23,木,167915,0,0,167915
2024-05-24,金,196460,0,0,196460
2024-05-25,土,291220,0,0,291220
2024-05-26,日,383130,0,0,383130
2024-05-27,月,253000,0,0,253000
2024-05-28,火,423370,0,0,423370
2024-05-29,水,0,0,0,0
2024-05-30,木,57035,0,0,57035
2024-05-31,金,164945,0,0,164945
2024-06-01,土,240625,0,0,240625
2024-06-02,日,221200,0,0,221200
2024-06-03,月,170860,0,0,170860
2024-06-04,火,573000,0,0,573000
2024-06-05,水,0,0,0,0
2024-06-06,木,228470,0,0,228470
2024-06-07,金,300150,0,0,300150
2024-06-08,土,658150,0,0,658150
2024-06-09,日,242880,0,0,242880
2024-06-10,月,237600,0,0,237600
2024-06-11,火,250195,0,0,250195
2024-06-12,水,0,0,0,0
2024-06-13,木,273130,0,0,273130
2024-06-14,金,1006875,0,0,1006875
2024-06-15,土,424445,0,0,424445
2024-06-16,日,385580,0,0,385580
2024-06-17,月,190795,0,0,190795
2024-06-18,火,364600,0,0,364600
2024-06-19,水,489290,0,0,489290
2024-06-20,木,211415,0,0,211415
2024-06-21,金,451770,0,0,451770
2024-06-22,土,460350,0,0,460350
2024-06-23,日,469250,0,0,469250
2024-06-24,月,385350,0,0,385350
2024-06-25,火,367405,0,0,367405
2024-06-26,水,108045,0,0,108045
2024-06-27,木,332750,0,0,332750
2024-06-28,金,447470,0,0,447470
2024-06-29,土,504290,0,0,504290
2024-06-30,日,224125,0,0,224125
2024-07-01,月,257025,0,0,257025
2024-07-02,火,767800,0,0,767800
2024-07-03,水,0,0,0,0
2024-07-04,木,459560,0,0,459560
2024-07-05,金,314875,0,0,314875
2024-07-06,土,617710,0,0,617710
2024-07-07,日,425105,0,0,425105
2024-07-08,月,286135,0,0,286135
2024-07-09,火,268095,0,0,268095
2024-07-10,水,0,0,0,0
2024-07-11,木,205335,0,0,205335
2024-07-12,金,463755,0,0,463755
2024-07-13,土,522105,0,0,522105
2024-07-14,日,740040,0,0,740040
2024-07-15,月,340715,0,0,340715
2024-07-16,火,125180,0,0,125180
2024-07-17,水,0,0,0,0
2024-07-18,木,377775,0,0,377775
2024-07-19,金,308455,0,0,308455
2024-07-20,土,464255,0,0,464255
2024-07-21,日,345445,0,0,345445
2024-07-22,月,217690,0,0,217690
2024-07-23,火,332600,0,0,332600
2024-07-24,水,0,0,0,0
2024-07-25,木,97130,0,0,97130
2024-07-26,金,495945,0,0,495945
2024-07-27,土,316505,0,0,316505
2024-07-28,日,532135,0,0,532135
2024-07-29,月,123090,0,0,123090
2024-07-30,火,130570,0,0,130570
2024-07-31,水,0,0,0,0
2024-08-01,木,123685,0,0,123685
2024-08-02,金,219115,0,0,219115
2024-08-03,土,364870,0,0,364870
2024-08-04,日,232375,0,0,232375
2024-08-05,月,356720,0,0,356720
2024-08-06,火,182640,0,0,182640
2024-08-07,水,0,0,0,0
2024-08-08,木,211630,0,0,211630
2024-08-09,金,378435,0,0,378435
2024-08-10,土,791170,0,0,791170
2024-08-11,日,351310,0,0,351310
2024-08-12,月,681095,0,0,681095
2024-08-13,火,557850,0,0,557850
2024-08-14,水,157740,0,0,157740
2024-08-15,木,323630,0,0,323630
2024-08-16,金,0,0,0,0
2024-08-17,土,2002800,0,0,2002800
2024-08-18,日,181170,0,0,181170
2024-08-19,月,1368000,0,0,1368000
2024-08-20,火,290070,0,0,290070
2024-08-21,水,0,0,0,0
2024-08-22,木,722500,0,0,722500
2024-08-23,金,489600,0,0,489600
2024-08-24,土,425460,0,0,425460
2024-08-25,日,457335,0,0,457335
2024-08-26,月,0,0,0,0
2024-08-27,火,683200,0,0,683200
2024-08-28,水,0,0,0,0
2024-08-29,木,276290,0,0,276290
2024-08-30,金,721390,0,0,721390
2024-08-31,土,453215,0,0,453215
2024-09-01,日,246470,97180,38270,381920
2024-09-02,月,0,58110,23050,81160
2024-09-03,火,202015,54580,17440,274035
2024-09-04,水,150000,69100,0,219100
2024-09-05,木,329205,35250,9470,373925
2024-09-06,金,746160,69050,21420,836630
2024-09-07,土,240680,118990,29070,388740
2024-09-08,日,212729,141950,36650,391329
2024-09-09,月,272360,104190,19150,395700
2024-09-10,火,557035,74220,21550,652805
2024-09-11,水,0,57650,0,57650
2024-09-12,木,388495,100400,16750,505645
2024-09-13,金,74910,85300,13720,173930
2024-09-14,土,736750,118370,33950,889070
2024-09-15,日,494000,41800,21640,557440
2024-09-16,月,564850,107990,36650,709490
2024-09-17,火,157245,50170,17350,224765
2024-09-18,水,1094000,53850,0,1147850
2024-09-19,木,0,96290,20900,117190
2024-09-20,金,380945,45170,15650,441765
2024-09-21,土,539165,95800,28250,663215
2024-09-22,日,577000,97300,35720,710020
2024-09-23,月,203445,139490,30500,373435
2024-09-24,火,567105,52170,15840,635115
2024-09-25,水,336000,52200,0,388200
2024-09-26,木,684000,87460,40320,811780
2024-09-27,金,419925,86150,27170,533245
2024-09-28,土,492449,107660,36940,637049
2024-09-29,日,221520,113890,31720,367130
2024-09-30,月,324415,57960,19500,401875
2024-10-01,火,189005,55470,20350,264825
2024-10-02,水,0,50020,0,50020
2024-10-03,木,213885,45100,7600,266585
2024-10-04,金,302560,34450,18250,355260
2024-10-05,土,514030,116860,42820,673710
2024-10-06,日,575585,114480,42050,732115
2024-10-07,月,193655,73600,14400,281655
2024-10-08,火,172910,57060,16150,246120
2024-10-09,水,598000,72300,0,670300
2024-10-10,木,757615,65100,23100,845815
2024-10-11,金,363550,51210,8000,422760
2024-10-12,土,549605,113480,37670,700755
2024-10-13,日,563600,159040,125910,848550
2024-10-14,月,345455,166670,148490,660615
2024-10-15,火,178805,71750,17520,268075
2024-10-16,水,0,51900,0,51900
2024-10-17,木,294745,66150,13550,374445
2024-10-18,金,579740,77050,19390,676180
2024-10-19,土,907000,49100,80900,1037000
2024-10-20,日,844000,93670,69500,1007170
2024-10-21,月,200000,64450,20120,284570
2024-10-22,火,287485,38920,26450,352855
2024-10-23,水,0,17000,0,17000
2024-10-24,木,386760,65600,26600,478960
2024-10-25,金,307110,0,43450,350560
2024-10-26,土,306405,0,90440,396845
2024-10-27,日,169185,0,119770,288955
2024-10-28,月,239965,30500,28700,299165
2024-10-29,火,182325,43800,9400,235525
2024-10-30,水,0,49300,0,49300
2024-10-31,木,171315,49400,15850,236565
2024-11-01,金,378345,16750,12150,407245
2024-11-02,土,430315,54750,27470,512535
2024-11-03,日,694885,88520,34720,818125
2024-11-04,月,346790,20450,24670,391910
2024-11-05,火,102295,27150,10220,139665
2024-11-06,水,0,34100,0,34100
2024-11-07,木,647615,8720,7300,663635
2024-11-08,金,100375,26500,6550,133425
2024-11-09,土,428175,69490,12900,510565
2024-11-10,日,411620,64590,35120,511330
2024-11-11,月,492950,61340,5500,559790
2024-11-12,火,102025,31200,8000,141225
2024-11-13,水,0,42650,0,42650
2024-11-14,木,438430,42650,20550,501630
2024-11-15,金,197120,44370,17950,259440
2024-11-16,土,384685,67450,25150,477285
2024-11-17,日,423550,14050,19800,457400
2024-11-18,月,828940,42770,14050,885760
2024-11-19,火,164040,25900,5300,195240
2024-11-20,水,0,45850,0,45850
2024-11-21,木,585565,20500,7690,613755
2024-11-22,金,394570,25050,6850,426470
2024-11-23,土,499360,69370,24420,593150
2024-11-24,日,576310,57820,17920,652050
2024-11-25,月,135850,26550,6000,168400
2024-11-26,火,341440,48620,4550,394610
2024-11-27,水,0,31100,0,31100
2024-11-28,木,434555,24550,8550,467655
2024-11-29,金,456500,19100,18150,493750
2024-11-30,土,399030,32750,11320,443100
2024-12-01,日,530780,42670,26670,600120
2024-12-02,月,51590,26900,2300,80790
2024-12-03,火,293535,22400,7390,323325
2024-12-04,水,0,26000,0,26000
2024-12-05,木,111815,17020,9750,138585
2024-12-06,金,299010,28700,7600,335310
2024-12-07,土,959045,35350,200110,1194505
2024-12-08,日,493570,43950,20100,557620
2024-12-09,月,110825,67420,25350,203595
2024-12-10,火,142065,43440,3900,189405
2024-12-11,水,0,19050,0,19050
2024-12-12,木,546000,21050,4270,571320
2024-12-13,金,163460,38920,14170,216550
2024-12-14,土,646990,29950,9550,686490
2024-12-15,日,289410,57570,10500,357480
2024-12-16,月,106810,21200,5100,133110
2024-12-17,火,299120,22900,5000,327020
2024-12-18,水,0,33250,0,33250
2024-12-19,木,142220,50740,3400,196360
2024-12-20,金,424930,40400,6500,471830
2024-12-21,土,677985,70950,10420,759355
2024-12-22,日,745470,76500,17620,839590
2024-12-23,月,673665,42650,10790,727105
2024-12-24,火,1280455,65170,11250,1356875
2024-12-25,水,611435,67450,0,678885
2024-12-26,木,511335,62590,16390,590315
2024-12-27,金,0,55340,11570,66910
2024-12-28,土,0,103790,27420,131210
2024-12-29,日,0,111270,26340,137610
2024-12-30,月,0,94920,29620,124540
2024-12-31,火,1708000,0,0,1708000
2025-01-01,水,0,0,0,0
2025-01-02,木,0,0,0,0
2025-01-03,金,0,0,0,0
2025-01-04,土,709440,54170,22450,786060
2025-01-05,日,183535,39340,19920,242795
2025-01-06,月,547090,27300,5100,579490
2025-01-07,火,0,28800,8600,37400
2025-01-08,水,0,31400,0,31400
2025-01-09,木,79750,24090,9220,113060
2025-01-10,金,212080,23000,3250,238330
2025-01-11,土,406890,50350,16900,474140
2025-01-12,日,267575,0,22850,290425
2025-01-13,月,536590,0,108180,644770
2025-01-14,火,0,32050,10800,42850
2025-01-15,水,600000,0,0,600000
2025-01-16,木,101200,0,9540,110740
2025-01-17,金,332890,0,16300,349190
2025-01-18,土,300000,0,102800,402800
2025-01-19,日,352470,0,110320,462790
2025-01-20,月,81620,32250,11990,125860
2025-01-21,火,0,49460,8700,58160
2025-01-22,水,0,46200,0,46200
2025-01-23,木,649385,24750,10090,684225
2025-01-24,金,369950,31520,22150,423620
2025-01-25,土,302410,0,120900,423310
2025-01-26,日,378785,0,161920,540705
2025-01-27,月,195470,45540,11400,252410
2025-01-28,火,0,21250,10350,31600
2025-01-29,水,0,22350,0,22350
2025-01-30,木,152625,32650,7700,192975
2025-01-31,金,404390,0,3670,408060
2025-02-01,土,428135,0,121490,549625
2025-02-02,日,334400,88850,16350,439600
2025-02-03,月,145475,100000,21200,266675
2025-02-04,火,501275,68680,19500,589455
2025-02-05,水,209770,63700,0,273470
2025-02-06,木,466665,92170,32240,591075
2025-02-07,金,477180,69970,24160,571310
2025-02-08,土,493120,0,49750,542870
2025-02-09,日,701070,0,177810,878880
2025-02-10,月,272085,96110,33470,401665
2025-02-11,火,380160,53960,25550,459670
2025-02-12,水,0,70560,0,70560
2025-02-13,木,207350,0,23110,230460
2025-02-14,金,502821,0,32750,535571
2025-02-15,土,410000,0,155810,565810
2025-02-16,日,300000,0,183100,483100
2025-02-17,月,263450,58920,41300,363670
2025-02-18,火,0,11400,5200,16600
2025-02-19,水,0,20850,0,20850
2025-02-20,木,120615,35050,10320,165985
2025-02-21,金,198000,35200,7300,240500
2025-02-22,土,382370,52800,9350,444520
2025-02-23,日,486870,87390,25800,600060
2025-02-24,月,153010,77520,11450,241980
2025-02-25,火,0,56350,9700,66050
2025-02-26,水,0,0,0,0
2025-02-27,木,64680,34700,4150,103530
2025-02-28,金,97020,47680,6350,151050
2025-03-01,土,363205,0,36300,399505
2025-03-02,日,177850,0,57020,234870
2025-03-03,月,270985,36550,15490,323025
2025-03-04,火,0,24900,2050,26950
2025-03-05,水,0,32020,0,32020
2025-03-06,木,50270,36800,6450,93520
2025-03-07,金,154770,25500,5800,186070
2025-03-08,土,232485,49900,20980,303365
2025-03-09,日,360690,43070,16050,419810
2025-03-10,月,212580,50470,12050,275100
2025-03-11,火,0,36470,14650,51120
2025-03-12,水,0,41970,0,41970
2025-03-13,木,57640,57390,13400,128430
2025-03-14,金,284355,19550,10450,314355
2025-03-15,土,448600,22600,88120,559320
2025-03-16,日,574850,62100,26220,663170
2025-03-17,月,318670,15100,9270,343040
2025-03-18,火,0,25220,10650,35870
2025-03-19,水,0,26430,0,26430
2025-03-20,木,368800,48660,18000,435460
2025-03-21,金,377950,57640,3500,439090
2025-03-22,土,632995,45770,11050,689815
2025-03-23,日,344410,34790,17350,396550
2025-03-24,月,293370,46770,5550,345690
2025-03-25,火,0,49950,10400,60350
2025-03-26,水,330000,38270,0,368270
2025-03-27,木,203555,29670,8400,241625
2025-03-28,金,211360,60720,22600,294680
2025-03-29,土,540485,95220,14350,650055
2025-03-30,日,328480,48620,23550,400650
2025-03-31,月,79860,78840,22650,181350
2025-04-01,火,213810,60500,9600,283910
2025-04-02,水,0,73220,0,73220
2025-04-03,木,0,47940,8350,56290
2025-04-04,金,230120,56240,13500,299860
2025-04-05,土,389070,85700,25920,500690
2025-04-06,日,356180,52100,30550,438830
2025-04-07,月,34320,31650,15250,81220
2025-04-08,火,94930,20740,7000,122670
2025-04-09,水,0,27950,0,27950
2025-04-10,木,84170,29350,6650,120170
2025-04-11,金,163150,62590,6850,232590
2025-04-12,土,733050,100720,39620,873390
2025-04-13,日,132770,22650,37000,192420
2025-04-14,月,266530,0,15450,281980
2025-04-15,火,218020,0,24100,242120
2025-04-16,水,182600,0,6350,188950
2025-04-17,木,251610,0,13650,265260
2025-04-18,金,297830,0,32550,330380
2025-04-19,土,474230,0,44620,518850
2025-04-20,日,488400,0,36270,524670
2025-04-21,月,249130,0,42900,292030
2025-04-22,火,528040,0,17750,545790
2025-04-23,水,0,0,16850,16850
2025-04-24,木,301660,0,9840,311500
2025-04-25,金,55000,0,6300,61300
2025-04-26,土,257050,51650,12520,321220
2025-04-27,日,306750,61590,27650,395990
2025-04-28,月,451680,47400,15850,514930
2025-04-29,火,518860,7600,8050,534510
2025-04-30,水,0,58020,0,58020
2025-05-01,木,274920,49550,24000,348470
2025-05-02,金,204390,0,32100,236490
2025-05-03,土,672720,84990,35450,793160
2025-05-04,日,634940,92070,37250,764260
2025-05-05,月,532060,167190,66950,766200
2025-05-06,火,370800,73790,44950,489540
2025-05-07,水,0,20890,0,20890
2025-05-08,木,170250,26750,10600,207600
2025-05-09,金,166980,73600,6550,247130
2025-05-10,土,353750,39350,10350,403450
2025-05-11,日,501030,60350,22900,584280
2025-05-12,月,182710,114020,47270,344000
2025-05-13,火,0,55350,9150,64500
2025-05-14,水,0,86140,0,86140
2025-05-15,木,332640,48220,7650,388510
2025-05-16,金,354200,124620,31200,510020
2025-05-17,土,798490,112850,307820,1219160
2025-05-18,日,461210,124170,35870,621250
2025-05-19,月,808190,72610,18050,898850
2025-05-20,火,423170,29250,13100,465520
2025-05-21,水,0,84420,0,84420
2025-05-22,木,350320,76320,26670,453310
2025-05-23,金,315640,87970,14150,417760
2025-05-24,土,464380,160880,47300,672560
2025-05-25,日,415060,24500,50350,489910
2025-05-26,月,162800,59820,18620,241240
2025-05-27,火,544800,50450,19650,614900
2025-05-28,水,236500,56420,0,292920
2025-05-29,木,270040,93670,19360,383070
2025-05-30,金,176770,127480,14050,318300
2025-05-31,土,463390,125840,35560,624790
2025-06-01,日,347710,132560,43690,523960
2025-06-02,月,176000,41850,31850,249700
2025-06-03,火,404250,62020,36420,502690
2025-06-04,水,0,69490,0,69490
2025-06-05,木,243320,87820,25770,356910
2025-06-06,金,1106510,107850,29620,1243980
2025-06-07,土,653520,113100,0,766620
2025-06-08,日,783200,112520,132220,1027940
2025-06-09,月,708400,100850,15700,824950
2025-06-10,火,196350,105660,19200,321210
2025-06-11,水,559000,69510,0,628510
2025-06-12,木,483890,86500,9800,580190
2025-06-13,金,199650,144050,36700,380400
2025-06-14,土,266880,150070,57250,474200
2025-06-15,日,295600,124360,45050,465010
2025-06-16,月,164560,73740,21900,260200
2025-06-17,火,294580,112950,35800,443330
2025-06-18,水,0,133290,0,133290
2025-06-19,木,490050,94450,35570,620070
2025-06-20,金,127160,81010,13520,221690
2025-06-21,土,1340240,105720,54050,1500010
2025-06-22,日,303320,94650,31890,429860
2025-06-23,月,238150,77920,27020,343090
2025-06-24,火,297990,94220,18310,410520
2025-06-25,水,0,119940,0,119940
2025-06-26,木,649650,90660,18770,759080
2025-06-27,金,574690,35220,16470,626380
2025-06-28,土,717840,117790,31770,867400
2025-06-29,日,559980,110250,49400,719630
2025-06-30,月,149820,28700,25590,204110
2025-07-01,火,261390,64020,11450,336860
2025-07-02,水,892580,96610,0,989190
2025-07-03,木,129360,88440,20300,238100
2025-07-04,金,443980,99470,16750,560200
2025-07-05,土,506330,158040,28200,692570
2025-07-06,日,1140500,151970,51020,1343490
2025-07-07,月,515560,123290,23970,662820
2025-07-08,火,0,94560,16000,110560
2025-07-09,水,0,104240,0,104240
2025-07-10,木,544300,89100,18150,651550
2025-07-11,金,247060,99250,25190,371500
2025-07-12,土,417450,158290,49360,625100
2025-07-13,日,355690,154660,44040,554390
2025-07-14,月,262610,89510,42850,394970
2025-07-15,火,184770,50420,13800,248990
2025-07-16,水,1927630,76550,0,2004180
2025-07-17,木,0,77370,23270,100640
2025-07-18,金,367260,69300,22350,458910
2025-07-19,土,502680,86660,47820,637160
2025-07-20,日,547560,118740,41770,708070
2025-07-21,月,474020,144910,34910,653840
2025-07-22,火,270040,124870,61620,456530
2025-07-23,水,0,113860,0,113860
2025-07-24,木,202650,111830,19320,333800
2025-07-25,金,799830,85910,19400,905140
2025-07-26,土,377270,91310,34670,503250
2025-07-27,日,167530,115490,42000,325020
2025-07-28,月,390850,71690,20800,483340
2025-07-29,火,185900,90390,28320,304610
2025-07-30,水,0,136520,0,136520
2025-07-31,木,410000,65970,39400,515370
2025-08-01,金,1485190,95610,26850,1607650
2025-08-02,土,177430,26490,189950,393870
2025-08-03,日,388080,53850,178320,620250
2025-08-04,月,293400,111450,31810,436660
2025-08-05,火,238040,124800,28230,391070
2025-08-06,水,0,108160,0,108160
2025-08-07,木,371580,54620,28150,454350
2025-08-08,金,322740,33450,27100,383290
2025-08-09,土,369790,129760,39850,539400
2025-08-10,日,662230,162830,39620,864680
2025-08-11,月,610960,199000,58270,868230
2025-08-12,火,452710,157740,50520,660970
2025-08-13,水,0,210230,0,210230
2025-08-14,木,419320,163810,40870,624000
2025-08-15,金,376270,164810,39250,580330
2025-08-16,土,431760,158910,31850,622520
2025-08-17,日,383950,65100,27050,476100
2025-08-18,月,337130,144270,31140,512540
2025-08-19,火,0,88100,23150,111250
2025-08-20,水,0,145980,0,145980
2025-08-21,木,239120,83210,41200,363530
2025-08-22,金,676280,110100,20300,806680
2025-08-23,土,581170,101220,43260,725650
2025-08-24,日,361860,141330,23300,526490
2025-08-25,月,244420,79100,23950,347470
2025-08-26,火,107910,52450,13300,173660
2025-08-27,水,0,90150,0,90150
2025-08-28,木,402500,69570,29740,501810
2025-08-29,金,332000,66890,18270,417160
2025-08-30,土,461430,48740,32900,543070
2025-08-31,日,308680,89040,34440,432160
2025-09-01,月,268580,58370,13250,340200
2025-09-02,火,81830,21300,8350,111480
2025-09-03,水,0,116140,0,116140
2025-09-04,木,159390,110670,18950,289010
2025-09-05,金,239800,76560,11510,327870
2025-09-06,土,352380,121990,30300,504670
2025-09-07,日,442420,81250,28820,552490
2025-09-08,月,123200,91120,23000,237320
2025-09-09,火,421420,74840,15690,511950
2025-09-10,水,0,102170,0,102170
2025-09-11,木,547200,74350,30500,652050
2025-09-12,金,394730,121560,27220,543510
2025-09-13,土,860730,31910,30550,923190
2025-09-14,日,790940,135540,49250,975730
2025-09-15,月,414150,125620,29000,568770
2025-09-16,火,0,52050,17390,69440
2025-09-17,水,0,80450,0,80450
2025-09-18,木,306950,85340,14600,406890
2025-09-19,金,253320,66845,34300,354465
2025-09-20,土,367260,72745,37050,477055
2025-09-21,日,315480,65400,48500,429380
2025-09-22,月,366750,103720,30150,500620
2025-09-23,火,457120,117800,56570,631490
2025-09-24,水,0,73570,0,73570
2025-09-25,木,98880,13300,21150,133330
2025-09-26,金,379260,71590,18500,469350
2025-09-27,土,448910,148070,41670,638650
2025-09-28,日,507070,110850,57490,675410
2025-09-29,月,249800,55220,17500,322520
2025-09-30,火,0,49200,15750,64950
2025-10-01,水,0,41850,0,41850
2025-10-02,木,568270,66080,22000,656350
2025-10-03,金,376450,64730,35300,476480
2025-10-04,土,374780,115850,50440,541070
2025-10-05,日,534680,141580,29150,705410
2025-10-06,月,113190,8550,42790,164530
2025-10-07,火,216090,49950,18750,284790
2025-10-08,水,0,119970,0,119970
2025-10-09,木,88260,37150,15150,140560
2025-10-10,金,323890,70050,17950,411890
2025-10-11,土,660070,48950,11750,720770
2025-10-12,日,689550,81820,88500,859870
2025-10-13,月,347760,127880,138290,613930
2025-10-14,火,0,38320,24550,62870
2025-10-15,水,0,78050,0,78050
2025-10-16,木,529560,50910,9250,589720
2025-10-17,金,352230,51050,6650,409930
2025-10-18,土,287260,52800,38350,378410
2025-10-19,日,687600,78870,49320,815790
2025-10-20,月,311060,40600,19820,371480
2025-10-21,火,160820,68570,18050,247440
2025-10-22,水,320000,71600,0,391600
2025-10-23,木,233230,50400,35800,319430
2025-10-24,金,188510,72000,22700,283210
2025-10-25,土,420940,90370,19650,530960
2025-10-26,日,549270,85040,26470,660780
2025-10-27,月,140140,69500,11950,221590
2025-10-28,火,0,15950,14150,30100
2025-10-29,水,0,72850,0,72850
2025-10-30,木,55440,53850,10250,119540
2025-10-31,金,286570,9400,19450,315420
2025-11-01,土,210430,0,44950,255380
2025-11-02,日,222090,0,95200,317290
2025-11-03,月,347380,86700,34610,468690
2025-11-04,火,126390,51040,19710,197140
2025-11-05,水,0,39150,0,39150
2025-11-06,木,201960,32700,15850,250510
2025-11-07,金,361630,4900,18000,384530
2025-11-08,土,847400,154450,13950,1015800
2025-11-09,日,143300,52690,19620,215610
2025-11-10,月,229450,40170,7750,277370
2025-11-11,火,1343250,10850,8650,1362750
2025-11-12,水,0,35000,0,35000
2025-11-13,木,195530,25250,7750,228530
2025-11-14,金,321552,39470,4050,365072
2025-11-15,土,845060,60100,14500,919660
2025-11-16,日,165550,44800,15050,225400
2025-11-17,月,206590,20150,11770,238510
2025-11-18,火,0,15700,4600,20300
2025-11-19,水,0,37150,0,37150
2025-11-20,木,303350,14100,1950,319400
2025-11-21,金,336050,31250,7400,374700
2025-11-22,土,399000,38670,15500,453170
2025-11-23,日,553630,62050,9670,625350
2025-11-24,月,197340,60300,17500,275140
2025-11-25,火,0,17370,2500,19870
2025-11-26,水,0,30100,0,30100
2025-11-27,木,162560,33590,2550,198700
2025-11-28,金,185840,19800,1300,206940
2025-11-29,土,871820,41770,7450,921040
2025-11-30,日,145310,44020,9470,198800
2025-12-01,月,551452,0,28490,579942
2025-12-02,火,162558,15000,5450,183008
2025-12-03,水,0,40900,0,40900
2025-12-04,木,33660,22000,9750,65410
2025-12-05,金,100650,26650,8900,136200
2025-12-06,土,1067520,24370,139950,1231840
2025-12-07,日,275500,36020,4800,316320
2025-12-08,月,82720,20250,7420,110390
2025-12-09,火,0,19450,7400,26850
2025-12-10,水,0,24300,0,24300
2025-12-11,木,392350,15550,5500,413400
2025-12-12,金,450350,14500,3900,468750
2025-12-13,土,514500,38750,11400,564650
2025-12-14,日,855750,60570,8900,925220
2025-12-15,月,50270,0,6770,57040
2025-12-16,火,324830,18770,1350,344950
2025-12-17,水,0,41220,0,41220
2025-12-18,木,557010,56780,6150,619940
2025-12-19,金,238140,59450,3350,300940
2025-12-20,土,680130,45350,8250,733730
2025-12-21,日,671220,19450,17910,708580
2025-12-22,月,275110,26620,3300,305030
2025-12-23,火,605110,26990,6610,638710
2025-12-24,水,808170,64420,0,872590
2025-12-25,木,1011770,37640,9050,1058460
2025-12-26,金,662872,41100,4700,708672
2025-12-27,土,0,57170,3650,60820
2025-12-28,日,0,115940,11750,127690
2025-12-29,月,0,55530,9850,65380
2025-12-30,火,0,82590,19940,102530
2025-12-31,水,1706000,0,0,1706000
2026-01-01,木,0,0,0,0
2026-01-02,金,0,0,0,0
2026-01-03,土,0,0,0,0
2026-01-04,日,359850,29350,12150,401350
2026-01-05,月,168410,23340,3400,195150
2026-01-06,火,0,29970,2000,31970
2026-01-07,水,0,22270,0,22270
2026-01-08,木,150480,16800,4300,171580
2026-01-09,金,259200,29720,5150,294070
2026-01-10,土,154550,0,110160,264710
2026-01-11,日,358310,0,171830,530140
2026-01-12,月,418060,0,86100,504160
2026-01-13,火,0,9850,5900,15750
2026-01-14,水,0,0,4750,4750
2026-01-15,木,44000,0,3950,47950
2026-01-16,金,238370,0,28800,267170
2026-01-17,土,400000,0,173360,573360
2026-01-18,日,393030,0,202230,595260
2026-01-19,月,283430,63570,7870,354870
2026-01-20,火,0,29700,7770,37470
2026-01-21,水,0,0,6450,6450
2026-01-22,木,63690,0,10000,73690
2026-01-23,金,263230,0,34220,297450
2026-01-24,土,400000,0,141680,541680
2026-01-25,日,425500,0,75880,501380
2026-01-26,月,109860,0,4550,114410
2026-01-27,火,0,28150,5500,33650
2026-01-28,水,0,16670,0,16670
2026-01-29,木,189220,22750,3900,215870
2026-01-30,金,47630,0,24240,71870
2026-01-31,土,443210,73520,0,516730
