date,weekday,sekki,rank,season,season_pt,monthly_idx,weekday_idx,sekki_idx,weekly_idx,daily_idx,layers_used,kf1,kf2,kf3,mp_point,predicted_sales,predicted_count,actual_sales,actual_count
2023-04-01,土,春分,17,LOW SEASON,2.22,1.0,5.0,1.88,2.04,0.0,3,2.18,2.5,2.74,2.47,0,0,0,0
2023-04-02,日,春分,17,LOW SEASON,2.22,1.0,4.0,1.88,2.04,0.0,3,1.87,2.5,2.74,2.37,0,0,0,0
2023-04-03,月,春分,17,LOW SEASON,2.22,1.0,2.0,1.88,1.62,0.0,3,1.1,2.5,2.74,2.11,0,0,0,0
2023-04-04,火,春分,17,LOW SEASON,2.22,1.0,2.0,1.88,1.62,0.0,3,1.27,2.5,2.74,2.17,0,0,0,0
2023-04-05,水,清明,24,OFF SEASON,1.0,1.0,2.0,1.38,1.62,0.0,3,1.18,2.5,2.74,2.14,0,0,0,0
2023-04-06,木,清明,24,OFF SEASON,1.0,1.0,3.0,1.38,1.62,0.0,3,1.07,2.5,2.74,2.1,0,0,0,0
2023-04-07,金,清明,24,OFF SEASON,1.0,1.0,4.0,1.38,1.62,0.0,3,1.34,2.5,2.74,2.19,0,0,0,0
2023-04-08,土,清明,24,OFF SEASON,1.0,1.0,5.0,1.38,1.62,0.0,3,1.77,2.5,2.74,2.34,0,0,0,0
2023-04-09,日,清明,24,OFF SEASON,1.0,1.0,4.0,1.38,1.62,0.0,3,1.52,2.5,2.74,2.25,0,0,0,0
2023-04-10,月,清明,24,OFF SEASON,1.0,1.0,2.0,1.38,1.21,0.0,3,1.0,2.5,2.74,2.08,0,0,0,0
2023-04-11,火,清明,24,OFF SEASON,1.0,1.0,2.0,1.38,1.21,0.0,3,1.01,2.5,2.74,2.08,0,0,0,0
2023-04-12,水,清明,24,OFF SEASON,1.0,1.0,2.0,1.38,1.21,0.0,3,1.07,2.5,2.74,2.1,0,0,0,0
2023-04-13,木,清明,24,OFF SEASON,1.0,1.0,3.0,1.38,1.21,0.0,3,1.0,2.5,2.74,2.08,0,0,0,0
2023-04-14,金,清明,24,OFF SEASON,1.0,1.0,4.0,1.38,1.21,0.0,3,1.21,2.5,2.74,2.15,0,0,0,0
2023-04-15,土,清明,24,OFF SEASON,1.0,1.0,5.0,1.38,1.21,0.0,3,1.6,2.5,2.74,2.28,0,0,0,0
2023-04-16,日,清明,24,OFF SEASON,1.0,1.0,4.0,1.38,1.21,0.0,3,1.37,2.5,2.74,2.2,0,0,0,0
2023-04-17,月,清明,24,OFF SEASON,1.0,1.0,2.0,1.38,1.74,0.0,3,1.0,2.5,2.74,2.08,0,0,0,0
2023-04-18,火,清明,24,OFF SEASON,1.0,1.0,2.0,1.38,1.74,0.0,3,1.16,2.5,2.74,2.13,0,0,0,0
2023-04-19,水,清明,24,OFF SEASON,1.0,1.0,2.0,1.38,1.74,0.0,3,1.22,2.5,2.74,2.15,0,0,0,0
2023-04-20,木,穀雨,18,LOW SEASON,2.04,1.0,3.0,2.34,1.74,0.0,3,1.36,2.5,2.74,2.2,0,0,0,0
2023-04-21,金,穀雨,18,LOW SEASON,2.04,1.0,4.0,2.34,1.74,0.0,3,1.7,2.5,2.74,2.31,0,0,0,0
2023-04-22,土,穀雨,18,LOW SEASON,2.04,1.0,5.0,2.34,1.74,0.0,3,2.25,2.5,2.74,2.5,0,0,0,0
2023-04-23,日,穀雨,18,LOW SEASON,2.04,1.0,4.0,2.34,1.74,0.0,3,1.93,2.5,2.74,2.39,0,0,0,0
2023-04-24,月,穀雨,18,LOW SEASON,2.04,1.0,2.0,2.34,1.94,0.0,3,1.29,2.5,2.74,2.18,0,0,0,0
2023-04-25,火,穀雨,18,LOW SEASON,2.04,1.0,2.0,2.34,1.94,0.0,3,1.49,2.5,2.74,2.24,0,0,0,0
2023-04-26,水,穀雨,18,LOW SEASON,2.04,1.0,2.0,2.34,1.94,0.0,3,1.57,2.5,2.74,2.27,0,0,0,0
2023-04-27,木,穀雨,18,LOW SEASON,2.04,1.0,3.0,2.34,1.94,0.0,3,1.41,2.5,2.74,2.22,0,0,0,0
2023-04-28,金,穀雨,18,LOW SEASON,2.04,1.0,4.0,2.34,1.94,0.0,3,1.77,2.5,2.74,2.34,0,0,0,0
2023-04-29,土,穀雨,18,LOW SEASON,2.04,1.0,5.0,2.34,1.94,4.0,4,3.09,2.5,2.74,2.78,0,0,0,0
2023-04-30,日,穀雨,18,LOW SEASON,2.04,1.0,4.0,2.34,1.94,4.5,4,2.79,2.5,2.74,2.68,0,0,0,0
2023-05-01,月,穀雨,18,LOW SEASON,2.04,3.0,2.0,2.34,2.64,4.5,4,2.28,2.5,1.8,2.19,0,0,0,0
2023-05-02,火,穀雨,18,LOW SEASON,2.04,3.0,2.0,2.34,2.64,4.5,4,2.63,2.5,1.8,2.31,0,0,0,0
2023-05-03,水,穀雨,18,LOW SEASON,2.04,3.0,2.0,2.34,2.64,5.0,4,2.89,2.5,1.8,2.4,0,0,0,0
2023-05-04,木,穀雨,18,LOW SEASON,2.04,3.0,3.0,2.34,2.64,5.0,4,2.61,2.5,1.8,2.3,0,0,0,0
2023-05-05,金,穀雨,18,LOW SEASON,2.04,3.0,4.0,2.34,2.64,5.0,4,3.27,2.5,1.8,2.52,0,0,0,0
2023-05-06,土,立夏,13,FLOW SEASON,2.91,3.0,5.0,2.27,2.64,4.5,4,4.12,2.5,1.8,2.81,0,0,0,0
2023-05-07,日,立夏,13,FLOW SEASON,2.91,3.0,4.0,2.27,2.64,0.0,3,3.02,2.5,1.8,2.44,0,0,0,0
2023-05-08,月,立夏,13,FLOW SEASON,2.91,3.0,2.0,2.27,2.0,0.0,3,1.77,2.5,1.8,2.02,0,0,0,0
2023-05-09,火,立夏,13,FLOW SEASON,2.91,3.0,2.0,2.27,2.0,0.0,3,2.04,2.5,1.8,2.11,0,0,0,0
2023-05-10,水,立夏,13,FLOW SEASON,2.91,3.0,2.0,2.27,2.0,0.0,3,2.15,2.5,1.8,2.15,0,0,0,0
2023-05-11,木,立夏,13,FLOW SEASON,2.91,3.0,3.0,2.27,2.0,0.0,3,1.94,2.5,1.8,2.08,0,0,0,0
2023-05-12,金,立夏,13,FLOW SEASON,2.91,3.0,4.0,2.27,2.0,0.0,3,2.43,2.5,1.8,2.24,0,0,0,0
2023-05-13,土,立夏,13,FLOW SEASON,2.91,3.0,5.0,2.27,2.0,0.0,3,3.22,2.5,1.8,2.51,0,0,0,0
2023-05-14,日,立夏,13,FLOW SEASON,2.91,3.0,4.0,2.27,2.0,0.0,3,2.77,2.5,1.8,2.36,0,0,0,0
2023-05-15,月,立夏,13,FLOW SEASON,2.91,3.0,2.0,2.27,2.73,0.0,3,1.95,2.5,1.8,2.08,0,0,0,0
2023-05-16,火,立夏,13,FLOW SEASON,2.91,3.0,2.0,2.27,2.73,0.0,3,2.25,2.5,1.8,2.18,0,0,0,0
2023-05-17,水,立夏,13,FLOW SEASON,2.91,3.0,2.0,2.27,2.73,0.0,3,2.38,2.5,1.8,2.23,0,0,0,0
2023-05-18,木,立夏,13,FLOW SEASON,2.91,3.0,3.0,2.27,2.73,0.0,3,2.14,2.5,1.8,2.15,0,0,0,0
2023-05-19,金,立夏,13,FLOW SEASON,2.91,3.0,4.0,2.27,2.73,0.0,3,2.68,2.5,1.8,2.33,0,0,0,0
2023-05-20,土,立夏,13,FLOW SEASON,2.91,3.0,5.0,2.27,2.73,0.0,3,3.55,2.5,1.8,2.62,0,0,0,0
2023-05-21,日,小満,14,FLOW SEASON,2.74,3.0,4.0,2.56,2.73,0.0,3,3.15,2.5,1.8,2.48,0,0,0,0
2023-05-22,月,小満,14,FLOW SEASON,2.74,3.0,2.0,2.56,3.25,0.0,3,2.15,2.5,1.8,2.15,0,0,0,0
2023-05-23,火,小満,14,FLOW SEASON,2.74,3.0,2.0,2.56,3.25,0.0,3,2.48,2.5,1.8,2.26,0,0,0,0
2023-05-24,水,小満,14,FLOW SEASON,2.74,3.0,2.0,2.56,3.25,0.0,3,2.62,2.5,1.8,2.31,0,0,0,0
2023-05-25,木,小満,14,FLOW SEASON,2.74,3.0,3.0,2.56,3.25,0.0,3,2.36,2.5,1.8,2.22,0,0,0,0
2023-05-26,金,小満,14,FLOW SEASON,2.74,3.0,4.0,2.56,3.25,0.0,3,2.95,2.5,1.8,2.42,0,0,0,0
2023-05-27,土,小満,14,FLOW SEASON,2.74,3.0,5.0,2.56,3.25,0.0,3,3.91,2.5,1.8,2.74,0,0,0,0
2023-05-28,日,小満,14,FLOW SEASON,2.74,3.0,4.0,2.56,3.25,0.0,3,3.36,2.5,1.8,2.55,0,0,0,0
2023-05-29,月,小満,14,FLOW SEASON,2.74,3.0,2.0,2.56,2.2,0.0,3,1.9,2.5,1.8,2.07,0,0,0,0
2023-05-30,火,小満,14,FLOW SEASON,2.74,3.0,2.0,2.56,2.2,0.0,3,2.19,2.5,1.8,2.16,0,0,0,0
2023-05-31,水,小満,14,FLOW SEASON,2.74,3.0,2.0,2.56,2.2,0.0,3,2.31,2.5,1.8,2.2,0,0,0,0
2023-06-01,木,小満,14,FLOW SEASON,2.74,3.0,3.0,2.56,2.2,0.0,3,2.08,2.5,1.99,2.19,0,0,0,0
2023-06-02,金,小満,14,FLOW SEASON,2.74,3.0,4.0,2.56,2.2,0.0,3,2.6,2.5,1.99,2.36,0,0,0,0
2023-06-03,土,小満,14,FLOW SEASON,2.74,3.0,5.0,2.56,2.2,0.0,3,3.44,2.5,1.99,2.64,0,0,0,0
2023-06-04,日,小満,14,FLOW SEASON,2.74,3.0,4.0,2.56,2.2,0.0,3,2.96,2.5,1.99,2.48,0,0,0,0
2023-06-05,月,小満,14,FLOW SEASON,2.74,3.0,2.0,2.56,3.45,0.0,3,2.2,2.5,1.99,2.23,0,0,0,0
2023-06-06,火,芒種,10,HIGH SEASON,3.43,3.0,2.0,3.54,3.45,0.0,3,2.81,2.5,1.99,2.43,0,0,0,0
2023-06-07,水,芒種,10,HIGH SEASON,3.43,3.0,2.0,3.54,3.45,0.0,3,2.96,2.5,1.99,2.48,0,0,0,0
2023-06-08,木,芒種,10,HIGH SEASON,3.43,3.0,3.0,3.54,3.45,0.0,3,2.67,2.5,1.99,2.39,0,0,0,0
2023-06-09,金,芒種,10,HIGH SEASON,3.43,3.0,4.0,3.54,3.45,0.0,3,3.35,2.5,1.99,2.61,0,0,0,0
2023-06-10,土,芒種,10,HIGH SEASON,3.43,3.0,5.0,3.54,3.45,0.0,3,4.43,2.5,1.99,2.97,0,0,0,0
2023-06-11,日,芒種,10,HIGH SEASON,3.43,3.0,4.0,3.54,3.45,0.0,3,3.81,2.5,1.99,2.77,0,0,0,0
2023-06-12,月,芒種,10,HIGH SEASON,3.43,3.0,2.0,3.54,3.82,0.0,3,2.53,2.5,1.99,2.34,0,0,0,0
2023-06-13,火,芒種,10,HIGH SEASON,3.43,3.0,2.0,3.54,3.82,0.0,3,2.91,2.5,1.99,2.47,0,0,0,0
2023-06-14,水,芒種,10,HIGH SEASON,3.43,3.0,2.0,3.54,3.82,4.0,4,3.2,2.5,1.99,2.56,0,0,0,0
2023-06-15,木,芒種,10,HIGH SEASON,3.43,3.0,3.0,3.54,3.82,4.5,4,2.98,2.5,1.99,2.49,0,0,0,0
2023-06-16,金,芒種,10,HIGH SEASON,3.43,3.0,4.0,3.54,3.82,4.5,4,3.73,2.5,1.99,2.74,0,0,0,0
2023-06-17,土,芒種,10,HIGH SEASON,3.43,3.0,5.0,3.54,3.82,0.0,3,4.59,2.5,1.99,3.03,0,0,0,0
2023-06-18,日,芒種,10,HIGH SEASON,3.43,3.0,4.0,3.54,3.82,0.0,3,3.94,2.5,1.99,2.81,0,0,0,0
2023-06-19,月,芒種,10,HIGH SEASON,3.43,3.0,2.0,3.54,3.82,0.0,3,2.53,2.5,1.99,2.34,0,0,0,0
2023-06-20,火,芒種,10,HIGH SEASON,3.43,3.0,2.0,3.54,3.82,0.0,3,2.91,2.5,1.99,2.47,0,0,0,0
2023-06-21,水,夏至,7,HIGH SEASON,3.96,3.0,2.0,3.92,3.82,0.0,3,3.19,2.5,1.99,2.56,0,0,0,0
2023-06-22,木,夏至,7,HIGH SEASON,3.96,3.0,3.0,3.92,3.82,0.0,3,2.87,2.5,1.99,2.45,0,0,0,0
2023-06-23,金,夏至,7,HIGH SEASON,3.96,3.0,4.0,3.92,3.82,0.0,3,3.6,2.5,1.99,2.7,0,0,0,0
2023-06-24,土,夏至,7,HIGH SEASON,3.96,3.0,5.0,3.92,3.82,0.0,3,4.76,2.5,1.99,3.08,0,0,0,0
2023-06-25,日,夏至,7,HIGH SEASON,3.96,3.0,4.0,3.92,3.82,0.0,3,4.09,2.5,1.99,2.86,0,0,0,0
2023-06-26,月,夏至,7,HIGH SEASON,3.96,3.0,2.0,3.92,3.72,0.0,3,2.6,2.5,1.99,2.36,0,0,0,0
2023-06-27,火,夏至,7,HIGH SEASON,3.96,3.0,2.0,3.92,3.72,0.0,3,3.0,2.5,1.99,2.5,0,0,0,0
2023-06-28,水,夏至,7,HIGH SEASON,3.96,3.0,2.0,3.92,3.72,0.0,3,3.16,2.5,1.99,2.55,0,0,0,0
2023-06-29,木,夏至,7,HIGH SEASON,3.96,3.0,3.0,3.92,3.72,0.0,3,2.85,2.5,1.99,2.45,0,0,0,0
2023-06-30,金,夏至,7,HIGH SEASON,3.96,3.0,4.0,3.92,3.72,0.0,3,3.57,2.5,1.99,2.69,0,0,0,0
2023-07-01,土,夏至,7,HIGH SEASON,3.96,4.0,5.0,3.92,3.72,0.0,3,5.0,2.5,1.59,3.03,0,0,0,0
2023-07-02,日,夏至,7,HIGH SEASON,3.96,4.0,4.0,3.92,3.72,0.0,3,4.43,2.5,1.59,2.84,0,0,0,0
2023-07-03,月,夏至,7,HIGH SEASON,3.96,4.0,2.0,3.92,3.61,0.0,3,2.81,2.5,1.59,2.3,0,0,0,0
2023-07-04,火,夏至,7,HIGH SEASON,3.96,4.0,2.0,3.92,3.61,0.0,3,3.24,2.5,1.59,2.44,0,0,0,0
2023-07-05,水,夏至,7,HIGH SEASON,3.96,4.0,2.0,3.92,3.61,0.0,3,3.42,2.5,1.59,2.5,0,0,0,0
2023-07-06,木,夏至,7,HIGH SEASON,3.96,4.0,3.0,3.92,3.61,0.0,3,3.08,2.5,1.59,2.39,0,0,0,0
2023-07-07,金,小暑,4,TOP SEASON,4.48,4.0,4.0,3.46,3.61,0.0,3,3.71,2.5,1.59,2.6,0,0,0,0
2023-07-08,土,小暑,4,TOP SEASON,4.48,4.0,5.0,3.46,3.61,0.0,3,4.91,2.5,1.59,3.0,0,0,0,0
2023-07-09,日,小暑,4,TOP SEASON,4.48,4.0,4.0,3.46,3.61,0.0,3,4.22,2.5,1.59,2.77,0,0,0,0
2023-07-10,月,小暑,4,TOP SEASON,4.48,4.0,2.0,3.46,3.59,0.0,3,2.69,2.5,1.59,2.26,0,0,0,0
2023-07-11,火,小暑,4,TOP SEASON,4.48,4.0,2.0,3.46,3.59,0.0,3,3.11,2.5,1.59,2.4,0,0,0,0
2023-07-12,水,小暑,4,TOP SEASON,4.48,4.0,2.0,3.46,3.59,0.0,3,3.28,2.5,1.59,2.46,0,0,0,0
2023-07-13,木,小暑,4,TOP SEASON,4.48,4.0,3.0,3.46,3.59,0.0,3,2.96,2.5,1.59,2.35,0,0,0,0
2023-07-14,金,小暑,4,TOP SEASON,4.48,4.0,4.0,3.46,3.59,0.0,3,3.7,2.5,1.59,2.6,0,0,0,0
2023-07-15,土,小暑,4,TOP SEASON,4.48,4.0,5.0,3.46,3.59,0.0,3,4.89,2.5,1.59,2.99,0,0,0,0
2023-07-16,日,小暑,4,TOP SEASON,4.48,4.0,4.0,3.46,3.59,0.0,3,4.21,2.5,1.59,2.77,0,0,0,0
2023-07-17,月,小暑,4,TOP SEASON,4.48,4.0,2.0,3.46,3.56,0.0,3,2.69,2.5,1.59,2.26,0,0,0,0
2023-07-18,火,小暑,4,TOP SEASON,4.48,4.0,2.0,3.46,3.56,0.0,3,3.1,2.5,1.59,2.4,0,0,0,0
2023-07-19,水,小暑,4,TOP SEASON,4.48,4.0,2.0,3.46,3.56,0.0,3,3.27,2.5,1.59,2.45,0,0,0,0
2023-07-20,木,小暑,4,TOP SEASON,4.48,4.0,3.0,3.46,3.56,3.5,4,2.91,2.5,1.59,2.33,0,0,0,0
2023-07-21,金,小暑,4,TOP SEASON,4.48,4.0,4.0,3.46,3.56,0.0,3,3.69,2.5,1.59,2.59,0,0,0,0
2023-07-22,土,小暑,4,TOP SEASON,4.48,4.0,5.0,3.46,3.56,0.0,3,4.88,2.5,1.59,2.99,0,0,0,0
2023-07-23,日,大暑,9,HIGH SEASON,3.61,4.0,4.0,2.57,3.56,0.0,3,3.86,2.5,1.59,2.65,0,0,0,0
2023-07-24,月,大暑,9,HIGH SEASON,3.61,4.0,2.0,2.57,2.86,0.0,3,2.3,2.5,1.59,2.13,0,0,0,0
2023-07-25,火,大暑,9,HIGH SEASON,3.61,4.0,2.0,2.57,2.86,0.0,3,2.65,2.5,1.59,2.25,0,0,0,0
2023-07-26,水,大暑,9,HIGH SEASON,3.61,4.0,2.0,2.57,2.86,0.0,3,2.79,2.5,1.59,2.29,0,0,0,0
2023-07-27,木,大暑,9,HIGH SEASON,3.61,4.0,3.0,2.57,2.86,0.0,3,2.52,2.5,1.59,2.2,0,0,0,0
2023-07-28,金,大暑,9,HIGH SEASON,3.61,4.0,4.0,2.57,2.86,0.0,3,3.16,2.5,1.59,2.42,0,0,0,0
2023-07-29,土,大暑,9,HIGH SEASON,3.61,4.0,5.0,2.57,2.86,0.0,3,4.18,2.5,1.59,2.76,0,0,0,0
2023-07-30,日,大暑,9,HIGH SEASON,3.61,4.0,4.0,2.57,2.86,0.0,3,3.59,2.5,1.59,2.56,0,0,0,0
2023-07-31,月,大暑,9,HIGH SEASON,3.61,4.0,2.0,2.57,2.76,0.0,3,2.28,2.5,1.59,2.12,0,0,0,0
2023-08-01,火,大暑,9,HIGH SEASON,3.61,5.0,2.0,2.57,2.76,0.0,3,2.9,2.5,1.41,2.27,0,0,0,0
2023-08-02,水,大暑,9,HIGH SEASON,3.61,5.0,2.0,2.57,2.76,0.0,3,3.06,2.5,1.41,2.32,0,0,0,0
2023-08-03,木,大暑,9,HIGH SEASON,3.61,5.0,3.0,2.57,2.76,0.0,3,2.76,2.5,1.41,2.22,0,0,0,0
2023-08-04,金,大暑,9,HIGH SEASON,3.61,5.0,4.0,2.57,2.76,0.0,3,3.46,2.5,1.41,2.46,0,0,0,0
2023-08-05,土,大暑,9,HIGH SEASON,3.61,5.0,5.0,2.57,2.76,0.0,3,4.58,2.5,1.41,2.83,0,0,0,0
2023-08-06,日,大暑,9,HIGH SEASON,3.61,5.0,4.0,2.57,2.76,0.0,3,3.93,2.5,1.41,2.61,0,0,0,0
2023-08-07,月,大暑,9,HIGH SEASON,3.61,5.0,2.0,2.57,3.12,0.0,3,2.61,2.5,1.41,2.17,0,0,0,0
2023-08-08,火,立秋,2,TOP SEASON,4.83,5.0,2.0,3.81,3.12,0.0,3,3.36,2.5,1.41,2.42,0,0,0,0
2023-08-09,水,立秋,2,TOP SEASON,4.83,5.0,2.0,3.81,3.12,0.0,3,3.54,2.5,1.41,2.48,0,0,0,0
2023-08-10,木,立秋,2,TOP SEASON,4.83,5.0,3.0,3.81,3.12,0.0,3,3.2,2.5,1.41,2.37,0,0,0,0
2023-08-11,金,立秋,2,TOP SEASON,4.83,5.0,4.0,3.81,3.12,4.0,4,4.0,2.5,1.41,2.64,0,0,0,0
2023-08-12,土,立秋,2,TOP SEASON,4.83,5.0,5.0,3.81,3.12,4.5,4,5.0,2.5,1.41,2.97,0,0,0,0
2023-08-13,日,立秋,2,TOP SEASON,4.83,5.0,4.0,3.81,3.12,5.0,4,4.83,2.5,1.41,2.91,0,0,0,0
2023-08-14,月,立秋,2,TOP SEASON,4.83,5.0,2.0,3.81,4.22,5.0,4,3.3,2.5,1.41,2.4,0,0,0,0
2023-08-15,火,立秋,2,TOP SEASON,4.83,5.0,2.0,3.81,4.22,5.0,4,3.81,2.5,1.41,2.57,0,0,0,0
2023-08-16,水,立秋,2,TOP SEASON,4.83,5.0,2.0,3.81,4.22,4.0,4,3.79,2.5,1.41,2.57,0,0,0,0
2023-08-17,木,立秋,2,TOP SEASON,4.83,5.0,3.0,3.81,4.22,0.0,3,3.49,2.5,1.41,2.47,0,0,0,0
2023-08-18,金,立秋,2,TOP SEASON,4.83,5.0,4.0,3.81,4.22,0.0,3,4.36,2.5,1.41,2.76,0,0,0,0
2023-08-19,土,立秋,2,TOP SEASON,4.83,5.0,5.0,3.81,4.22,0.0,3,5.0,2.5,1.41,2.97,0,0,0,0
2023-08-20,日,立秋,2,TOP SEASON,4.83,5.0,4.0,3.81,4.22,0.0,3,4.96,2.5,1.41,2.96,0,0,0,0
2023-08-21,月,立秋,2,TOP SEASON,4.83,5.0,2.0,3.81,3.81,0.0,3,3.08,2.5,1.41,2.33,0,0,0,0
2023-08-22,火,立秋,2,TOP SEASON,4.83,5.0,2.0,3.81,3.81,0.0,3,3.55,2.5,1.41,2.49,0,0,0,0
2023-08-23,水,処暑,5,TOP SEASON,4.3,5.0,2.0,2.99,3.81,0.0,3,3.5,2.5,1.41,2.47,0,0,0,0
2023-08-24,木,処暑,5,TOP SEASON,4.3,5.0,3.0,2.99,3.81,0.0,3,3.16,2.5,1.41,2.36,0,0,0,0
2023-08-25,金,処暑,5,TOP SEASON,4.3,5.0,4.0,2.99,3.81,0.0,3,3.95,2.5,1.41,2.62,0,0,0,0
2023-08-26,土,処暑,5,TOP SEASON,4.3,5.0,5.0,2.99,3.81,0.0,3,5.0,2.5,1.41,2.97,0,0,0,0
2023-08-27,日,処暑,5,TOP SEASON,4.3,5.0,4.0,2.99,3.81,0.0,3,4.49,2.5,1.41,2.8,0,0,0,0
2023-08-28,月,処暑,5,TOP SEASON,4.3,5.0,2.0,2.99,2.82,0.0,3,2.64,2.5,1.41,2.18,0,0,0,0
2023-08-29,火,処暑,5,TOP SEASON,4.3,5.0,2.0,2.99,2.82,0.0,3,3.04,2.5,1.41,2.32,0,0,0,0
2023-08-30,水,処暑,5,TOP SEASON,4.3,5.0,2.0,2.99,2.82,0.0,3,3.2,2.5,1.41,2.37,0,0,0,0
2023-08-31,木,処暑,5,TOP SEASON,4.3,5.0,3.0,2.99,2.82,0.0,3,2.89,2.5,1.41,2.27,0,0,0,0
2023-09-01,金,処暑,5,TOP SEASON,4.3,5.0,4.0,2.99,2.82,0.0,3,3.62,2.5,1.6,2.57,0,0,0,0
2023-09-02,土,処暑,5,TOP SEASON,4.3,5.0,5.0,2.99,2.82,0.0,3,4.79,2.5,1.6,2.96,0,0,0,0
2023-09-03,日,処暑,5,TOP SEASON,4.3,5.0,4.0,2.99,2.82,0.0,3,4.11,2.5,1.6,2.74,0,0,0,0
2023-09-04,月,処暑,5,TOP SEASON,4.3,5.0,2.0,2.99,3.22,0.0,3,2.74,2.5,1.6,2.28,0,0,0,0
2023-09-05,火,処暑,5,TOP SEASON,4.3,5.0,2.0,2.99,3.22,0.0,3,3.16,2.5,1.6,2.42,0,0,0,0
2023-09-06,水,処暑,5,TOP SEASON,4.3,5.0,2.0,2.99,3.22,4.5,4,3.5,2.5,1.6,2.53,0,0,0,0
2023-09-07,木,処暑,5,TOP SEASON,4.3,5.0,3.0,2.99,3.22,5.0,4,3.25,2.5,1.6,2.45,0,0,0,0
2023-09-08,金,白露,1,TOP SEASON,5.0,5.0,4.0,3.81,3.22,0.0,3,4.03,2.5,1.6,2.71,0,0,0,0
2023-09-09,土,白露,1,TOP SEASON,5.0,5.0,5.0,3.81,3.22,0.0,3,5.0,2.5,1.6,3.03,0,0,0,0
2023-09-10,日,白露,1,TOP SEASON,5.0,5.0,4.0,3.81,3.22,0.0,3,4.58,2.5,1.6,2.89,0,0,0,0
2023-09-11,月,白露,1,TOP SEASON,5.0,5.0,2.0,3.81,4.06,0.0,3,3.14,2.5,1.6,2.41,0,0,0,0
2023-09-12,火,白露,1,TOP SEASON,5.0,5.0,2.0,3.81,4.06,0.0,3,3.62,2.5,1.6,2.57,0,0,0,0
2023-09-13,水,白露,1,TOP SEASON,5.0,5.0,2.0,3.81,4.06,0.0,3,3.82,2.5,1.6,2.64,0,0,0,0
2023-09-14,木,白露,1,TOP SEASON,5.0,5.0,3.0,3.81,4.06,0.0,3,3.44,2.5,1.6,2.51,0,0,0,0
2023-09-15,金,白露,1,TOP SEASON,5.0,5.0,4.0,3.81,4.06,3.5,4,4.11,2.5,1.6,2.74,0,0,0,0
2023-09-16,土,白露,1,TOP SEASON,5.0,5.0,5.0,3.81,4.06,0.0,3,5.0,2.5,1.6,3.03,0,0,0,0
2023-09-17,日,白露,1,TOP SEASON,5.0,5.0,4.0,3.81,4.06,0.0,3,4.9,2.5,1.6,3.0,0,0,0,0
2023-09-18,月,白露,1,TOP SEASON,5.0,5.0,2.0,3.81,3.7,0.0,3,3.05,2.5,1.6,2.38,0,0,0,0
2023-09-19,火,白露,1,TOP SEASON,5.0,5.0,2.0,3.81,3.7,0.0,3,3.52,2.5,1.6,2.54,0,0,0,0
2023-09-20,水,白露,1,TOP SEASON,5.0,5.0,2.0,3.81,3.7,0.0,3,3.71,2.5,1.6,2.6,0,0,0,0
2023-09-21,木,白露,1,TOP SEASON,5.0,5.0,3.0,3.81,3.7,0.0,3,3.35,2.5,1.6,2.48,0,0,0,0
2023-09-22,金,白露,1,TOP SEASON,5.0,5.0,4.0,3.81,3.7,0.0,3,4.19,2.5,1.6,2.76,0,0,0,0
2023-09-23,土,秋分,8,HIGH SEASON,3.78,5.0,5.0,3.59,3.7,3.5,4,5.0,2.5,1.6,3.03,0,0,0,0
2023-09-24,日,秋分,8,HIGH SEASON,3.78,5.0,4.0,3.59,3.7,0.0,3,4.69,2.5,1.6,2.93,0,0,0,0
2023-09-25,月,秋分,8,HIGH SEASON,3.78,5.0,2.0,3.59,4.16,0.0,3,3.11,2.5,1.6,2.4,0,0,0,0
2023-09-26,火,秋分,8,HIGH SEASON,3.78,5.0,2.0,3.59,4.16,0.0,3,3.59,2.5,1.6,2.56,0,0,0,0
2023-09-27,水,秋分,8,HIGH SEASON,3.78,5.0,2.0,3.59,4.16,0.0,3,3.78,2.5,1.6,2.63,0,0,0,0
2023-09-28,木,秋分,8,HIGH SEASON,3.78,5.0,3.0,3.59,4.16,4.5,4,3.46,2.5,1.6,2.52,0,0,0,0
2023-09-29,金,秋分,8,HIGH SEASON,3.78,5.0,4.0,3.59,4.16,0.0,3,4.27,2.5,1.6,2.79,0,0,0,0
2023-09-30,土,秋分,8,HIGH SEASON,3.78,5.0,5.0,3.59,4.16,0.0,3,5.0,2.5,1.6,3.03,0,0,0,0
2023-10-01,日,秋分,8,HIGH SEASON,3.78,5.0,4.0,3.59,4.16,0.0,3,4.86,2.5,1.48,2.95,0,0,0,0
2023-10-02,月,秋分,8,HIGH SEASON,3.78,5.0,2.0,3.59,3.55,0.0,3,2.96,2.5,1.48,2.31,0,0,0,0
2023-10-03,火,秋分,8,HIGH SEASON,3.78,5.0,2.0,3.59,3.55,0.0,3,3.42,2.5,1.48,2.47,0,0,0,0
2023-10-04,水,秋分,8,HIGH SEASON,3.78,5.0,2.0,3.59,3.55,0.0,3,3.6,2.5,1.48,2.53,0,0,0,0
2023-10-05,木,秋分,8,HIGH SEASON,3.78,5.0,3.0,3.59,3.55,0.0,3,3.25,2.5,1.48,2.41,0,0,0,0
2023-10-06,金,秋分,8,HIGH SEASON,3.78,5.0,4.0,3.59,3.55,0.0,3,4.07,2.5,1.48,2.68,0,0,0,0
2023-10-07,土,秋分,8,HIGH SEASON,3.78,5.0,5.0,3.59,3.55,0.0,3,5.0,2.5,1.48,2.99,0,0,0,0
2023-10-08,日,寒露,11,FLOW SEASON,3.26,5.0,4.0,3.64,3.55,0.0,3,4.64,2.5,1.48,2.87,0,0,0,0
2023-10-09,月,寒露,11,FLOW SEASON,3.26,5.0,2.0,3.64,3.81,0.0,3,3.04,2.5,1.48,2.34,0,0,0,0
2023-10-10,火,寒露,11,FLOW SEASON,3.26,5.0,2.0,3.64,3.81,0.0,3,3.5,2.5,1.48,2.49,0,0,0,0
2023-10-11,水,寒露,11,FLOW SEASON,3.26,5.0,2.0,3.64,3.81,0.0,3,3.69,2.5,1.48,2.56,0,0,0,0
2023-10-12,木,寒露,11,FLOW SEASON,3.26,5.0,3.0,3.64,3.81,0.0,3,3.33,2.5,1.48,2.44,0,0,0,0
2023-10-13,金,寒露,11,FLOW SEASON,3.26,5.0,4.0,3.64,3.81,0.0,3,4.17,2.5,1.48,2.72,0,0,0,0
2023-10-14,土,寒露,11,FLOW SEASON,3.26,5.0,5.0,3.64,3.81,3.5,4,5.0,2.5,1.48,2.99,0,0,0,0
2023-10-15,日,寒露,11,FLOW SEASON,3.26,5.0,4.0,3.64,3.81,0.0,3,4.74,2.5,1.48,2.91,0,0,0,0
2023-10-16,月,寒露,11,FLOW SEASON,3.26,5.0,2.0,3.64,3.81,0.0,3,3.04,2.5,1.48,2.34,0,0,0,0
2023-10-17,火,寒露,11,FLOW SEASON,3.26,5.0,2.0,3.64,3.81,0.0,3,3.5,2.5,1.48,2.49,0,0,0,0
2023-10-18,水,寒露,11,FLOW SEASON,3.26,5.0,2.0,3.64,3.81,0.0,3,3.69,2.5,1.48,2.56,0,0,0,0
2023-10-19,木,寒露,11,FLOW SEASON,3.26,5.0,3.0,3.64,3.81,0.0,3,3.33,2.5,1.48,2.44,0,0,0,0
2023-10-20,金,寒露,11,FLOW SEASON,3.26,5.0,4.0,3.64,3.81,0.0,3,4.17,2.5,1.48,2.72,0,0,0,0
2023-10-21,土,寒露,11,FLOW SEASON,3.26,5.0,5.0,3.64,3.81,0.0,3,5.0,2.5,1.48,2.99,0,0,0,0
2023-10-22,日,寒露,11,FLOW SEASON,3.26,5.0,4.0,3.64,3.81,0.0,3,4.74,2.5,1.48,2.91,0,0,0,0
2023-10-23,月,寒露,11,FLOW SEASON,3.26,5.0,2.0,3.64,2.45,0.0,3,2.71,2.5,1.48,2.23,0,0,0,0
2023-10-24,火,霜降,15,FLOW SEASON,2.57,5.0,2.0,1.89,2.45,0.0,3,2.62,2.5,1.48,2.2,0,0,0,0
2023-10-25,水,霜降,15,FLOW SEASON,2.57,5.0,2.0,1.89,2.45,0.0,3,2.77,2.5,1.48,2.25,0,0,0,0
2023-10-26,木,霜降,15,FLOW SEASON,2.57,5.0,3.0,1.89,2.45,0.0,3,2.5,2.5,1.48,2.16,0,0,0,0
2023-10-27,金,霜降,15,FLOW SEASON,2.57,5.0,4.0,1.89,2.45,0.0,3,3.13,2.5,1.48,2.37,0,0,0,0
2023-10-28,土,霜降,15,FLOW SEASON,2.57,5.0,5.0,1.89,2.45,0.0,3,4.14,2.5,1.48,2.71,0,0,0,0
2023-10-29,日,霜降,15,FLOW SEASON,2.57,5.0,4.0,1.89,2.45,0.0,3,3.55,2.5,1.48,2.51,0,0,0,0
2023-10-30,月,霜降,15,FLOW SEASON,2.57,5.0,2.0,1.89,1.8,0.0,3,2.12,2.5,1.48,2.03,0,0,0,0
2023-10-31,火,霜降,15,FLOW SEASON,2.57,5.0,2.0,1.89,1.8,0.0,3,2.45,2.5,1.48,2.14,0,0,0,0
2023-11-01,水,霜降,15,FLOW SEASON,2.57,2.0,2.0,1.89,1.8,0.0,3,1.69,2.5,1.82,2.0,0,0,0,0
2023-11-02,木,霜降,15,FLOW SEASON,2.57,2.0,3.0,1.89,1.8,0.0,3,1.53,2.5,1.82,1.95,0,0,0,0
2023-11-03,金,霜降,15,FLOW SEASON,2.57,2.0,4.0,1.89,1.8,3.5,4,2.31,2.5,1.82,2.21,0,0,0,0
2023-11-04,土,霜降,15,FLOW SEASON,2.57,2.0,5.0,1.89,1.8,0.0,3,2.53,2.5,1.82,2.28,0,0,0,0
2023-11-05,日,霜降,15,FLOW SEASON,2.57,2.0,4.0,1.89,1.8,0.0,3,2.17,2.5,1.82,2.16,0,0,0,0
2023-11-06,月,霜降,15,FLOW SEASON,2.57,2.0,2.0,1.89,2.52,0.0,3,1.57,2.5,1.82,1.96,0,0,0,0
2023-11-07,火,霜降,15,FLOW SEASON,2.57,2.0,2.0,1.89,2.52,0.0,3,1.81,2.5,1.82,2.04,0,0,0,0
2023-11-08,水,立冬,23,OFF SEASON,1.17,2.0,2.0,2.79,2.52,0.0,3,2.17,2.5,1.82,2.16,0,0,0,0
2023-11-09,木,立冬,23,OFF SEASON,1.17,2.0,3.0,2.79,2.52,0.0,3,1.96,2.5,1.82,2.09,0,0,0,0
2023-11-10,金,立冬,23,OFF SEASON,1.17,2.0,4.0,2.79,2.52,0.0,3,2.45,2.5,1.82,2.26,0,0,0,0
2023-11-11,土,立冬,23,OFF SEASON,1.17,2.0,5.0,2.79,2.52,0.0,3,3.25,2.5,1.82,2.52,0,0,0,0
2023-11-12,日,立冬,23,OFF SEASON,1.17,2.0,4.0,2.79,2.52,0.0,3,2.79,2.5,1.82,2.37,0,0,0,0
2023-11-13,月,立冬,23,OFF SEASON,1.17,2.0,2.0,2.79,2.95,0.0,3,1.89,2.5,1.82,2.07,0,0,0,0
2023-11-14,火,立冬,23,OFF SEASON,1.17,2.0,2.0,2.79,2.95,0.0,3,2.18,2.5,1.82,2.17,0,0,0,0
2023-11-15,水,立冬,23,OFF SEASON,1.17,2.0,2.0,2.79,2.95,0.0,3,2.3,2.5,1.82,2.21,0,0,0,0
2023-11-16,木,立冬,23,OFF SEASON,1.17,2.0,3.0,2.79,2.95,0.0,3,2.07,2.5,1.82,2.13,0,0,0,0
2023-11-17,金,立冬,23,OFF SEASON,1.17,2.0,4.0,2.79,2.95,0.0,3,2.59,2.5,1.82,2.3,0,0,0,0
2023-11-18,土,立冬,23,OFF SEASON,1.17,2.0,5.0,2.79,2.95,0.0,3,3.43,2.5,1.82,2.58,0,0,0,0
2023-11-19,日,立冬,23,OFF SEASON,1.17,2.0,4.0,2.79,2.95,0.0,3,2.95,2.5,1.82,2.42,0,0,0,0
2023-11-20,月,立冬,23,OFF SEASON,1.17,2.0,2.0,2.79,2.78,0.0,3,1.84,2.5,1.82,2.05,0,0,0,0
2023-11-21,火,立冬,23,OFF SEASON,1.17,2.0,2.0,2.79,2.78,0.0,3,2.13,2.5,1.82,2.15,0,0,0,0
2023-11-22,水,小雪,19,LOW SEASON,1.87,2.0,2.0,2.38,2.78,3.5,4,2.38,2.5,1.82,2.23,0,0,0,0
2023-11-23,木,小雪,19,LOW SEASON,1.87,2.0,3.0,2.38,2.78,3.5,4,2.14,2.5,1.82,2.15,0,0,0,0
2023-11-24,金,小雪,19,LOW SEASON,1.87,2.0,4.0,2.38,2.78,0.0,3,2.4,2.5,1.82,2.24,0,0,0,0
2023-11-25,土,小雪,19,LOW SEASON,1.87,2.0,5.0,2.38,2.78,0.0,3,3.18,2.5,1.82,2.5,0,0,0,0
2023-11-26,日,小雪,19,LOW SEASON,1.87,2.0,4.0,2.38,2.78,0.0,3,2.73,2.5,1.82,2.35,0,0,0,0
2023-11-27,月,小雪,19,LOW SEASON,1.87,2.0,2.0,2.38,2.22,0.0,3,1.61,2.5,1.82,1.98,0,0,0,0
2023-11-28,火,小雪,19,LOW SEASON,1.87,2.0,2.0,2.38,2.22,0.0,3,1.86,2.5,1.82,2.06,0,0,0,0
2023-11-29,水,小雪,19,LOW SEASON,1.87,2.0,2.0,2.38,2.22,0.0,3,1.96,2.5,1.82,2.09,0,0,0,0
2023-11-30,木,小雪,19,LOW SEASON,1.87,2.0,3.0,2.38,2.22,0.0,3,1.77,2.5,1.82,2.03,0,0,0,0
2023-12-01,金,小雪,19,LOW SEASON,1.87,4.0,4.0,2.38,2.22,0.0,3,2.88,2.5,1.44,2.27,0,0,0,0
2023-12-02,土,小雪,19,LOW SEASON,1.87,4.0,5.0,2.38,2.22,0.0,3,3.82,2.5,1.44,2.59,0,0,0,0
2023-12-03,日,小雪,19,LOW SEASON,1.87,4.0,4.0,2.38,2.22,0.0,3,3.28,2.5,1.44,2.41,0,0,0,0
2023-12-04,月,小雪,19,LOW SEASON,1.87,4.0,2.0,2.38,2.71,0.0,3,2.22,2.5,1.44,2.05,0,0,0,0
2023-12-05,火,小雪,19,LOW SEASON,1.87,4.0,2.0,2.38,2.71,0.0,3,2.56,2.5,1.44,2.17,0,0,0,0
2023-12-06,水,小雪,19,LOW SEASON,1.87,4.0,2.0,2.38,2.71,0.0,3,2.7,2.5,1.44,2.21,0,0,0,0
2023-12-07,木,大雪,6,HIGH SEASON,4.13,4.0,3.0,2.55,2.71,0.0,3,2.48,2.5,1.44,2.14,0,0,0,0
2023-12-08,金,大雪,6,HIGH SEASON,4.13,4.0,4.0,2.55,2.71,0.0,3,3.11,2.5,1.44,2.35,0,0,0,0
2023-12-09,土,大雪,6,HIGH SEASON,4.13,4.0,5.0,2.55,2.71,0.0,3,4.11,2.5,1.44,2.68,0,0,0,0
2023-12-10,日,大雪,6,HIGH SEASON,4.13,4.0,4.0,2.55,2.71,0.0,3,3.53,2.5,1.44,2.49,0,0,0,0
2023-12-11,月,大雪,6,HIGH SEASON,4.13,4.0,2.0,2.55,2.41,0.0,3,2.19,2.5,1.44,2.04,0,0,0,0
2023-12-12,火,大雪,6,HIGH SEASON,4.13,4.0,2.0,2.55,2.41,0.0,3,2.52,2.5,1.44,2.15,0,0,0,0
2023-12-13,水,大雪,6,HIGH SEASON,4.13,4.0,2.0,2.55,2.41,0.0,3,2.66,2.5,1.44,2.2,0,0,0,0
2023-12-14,木,大雪,6,HIGH SEASON,4.13,4.0,3.0,2.55,2.41,0.0,3,2.4,2.5,1.44,2.11,0,0,0,0
2023-12-15,金,大雪,6,HIGH SEASON,4.13,4.0,4.0,2.55,2.41,0.0,3,3.0,2.5,1.44,2.31,0,0,0,0
2023-12-16,土,大雪,6,HIGH SEASON,4.13,4.0,5.0,2.55,2.41,0.0,3,3.98,2.5,1.44,2.64,0,0,0,0
2023-12-17,日,大雪,6,HIGH SEASON,4.13,4.0,4.0,2.55,2.41,0.0,3,3.42,2.5,1.44,2.45,0,0,0,0
2023-12-18,月,大雪,6,HIGH SEASON,4.13,4.0,2.0,2.55,3.33,0.0,3,2.41,2.5,1.44,2.12,0,0,0,0
2023-12-19,火,大雪,6,HIGH SEASON,4.13,4.0,2.0,2.55,3.33,0.0,3,2.78,2.5,1.44,2.24,0,0,0,0
2023-12-20,水,大雪,6,HIGH SEASON,4.13,4.0,2.0,2.55,3.33,0.0,3,2.93,2.5,1.44,2.29,0,0,0,0
2023-12-21,木,大雪,6,HIGH SEASON,4.13,4.0,3.0,2.55,3.33,0.0,3,2.64,2.5,1.44,2.19,0,0,0,0
2023-12-22,金,冬至,3,TOP SEASON,4.65,4.0,4.0,5.0,3.33,0.0,3,4.13,2.5,1.44,2.69,0,0,0,0
2023-12-23,土,冬至,3,TOP SEASON,4.65,4.0,5.0,5.0,3.33,4.0,4,5.0,2.5,1.44,2.98,0,0,0,0
2023-12-24,日,冬至,3,TOP SEASON,4.65,4.0,4.0,5.0,3.33,5.0,4,4.95,2.5,1.44,2.96,0,0,0,0
2023-12-25,月,冬至,3,TOP SEASON,4.65,4.0,2.0,5.0,5.0,5.0,4,3.48,2.5,1.44,2.47,0,0,0,0
2023-12-26,火,冬至,3,TOP SEASON,4.65,4.0,2.0,5.0,5.0,0.0,3,3.94,2.5,1.44,2.63,0,0,0,0
2023-12-27,水,冬至,3,TOP SEASON,4.65,4.0,2.0,5.0,5.0,0.0,3,4.16,2.5,1.44,2.7,0,0,0,0
2023-12-28,木,冬至,3,TOP SEASON,4.65,4.0,3.0,5.0,5.0,0.0,3,3.75,2.5,1.44,2.56,0,0,0,0
2023-12-29,金,冬至,3,TOP SEASON,4.65,4.0,4.0,5.0,5.0,3.5,4,4.4,2.5,1.44,2.78,0,0,0,0
2023-12-30,土,冬至,3,TOP SEASON,4.65,4.0,5.0,5.0,5.0,4.0,4,5.0,2.5,1.44,2.98,0,0,0,0
2023-12-31,日,冬至,3,TOP SEASON,4.65,4.0,4.0,5.0,5.0,4.5,4,5.0,2.5,1.44,2.98,0,0,0,0
2024-01-01,月,冬至,3,TOP SEASON,4.65,2.0,2.0,5.0,3.7,4.5,4,2.78,2.5,1.79,2.36,0,0,0,0
2024-01-02,火,冬至,3,TOP SEASON,4.65,2.0,2.0,5.0,3.7,4.0,4,3.1,2.5,1.79,2.46,0,0,0,0
2024-01-03,水,冬至,3,TOP SEASON,4.65,2.0,2.0,5.0,3.7,4.0,4,3.27,2.5,1.79,2.52,0,0,0,0
2024-01-04,木,冬至,3,TOP SEASON,4.65,2.0,3.0,5.0,3.7,0.0,3,2.87,2.5,1.79,2.39,0,0,0,0
2024-01-05,金,冬至,3,TOP SEASON,4.65,2.0,4.0,5.0,3.7,0.0,3,3.59,2.5,1.79,2.63,0,0,0,0
2024-01-06,土,小寒,22,OFF SEASON,1.35,2.0,5.0,1.69,3.7,0.0,3,3.27,2.5,1.79,2.52,0,0,0,0
2024-01-07,日,小寒,22,OFF SEASON,1.35,2.0,4.0,1.69,3.7,0.0,3,2.81,2.5,1.79,2.37,0,0,0,0
2024-01-08,月,小寒,22,OFF SEASON,1.35,2.0,2.0,1.69,1.49,0.0,3,1.27,2.5,1.79,1.85,0,0,0,0
2024-01-09,火,小寒,22,OFF SEASON,1.35,2.0,2.0,1.69,1.49,0.0,3,1.46,2.5,1.79,1.92,0,0,0,0
2024-01-10,水,小寒,22,OFF SEASON,1.35,2.0,2.0,1.69,1.49,0.0,3,1.54,2.5,1.79,1.94,0,0,0,0
2024-01-11,木,小寒,22,OFF SEASON,1.35,2.0,3.0,1.69,1.49,0.0,3,1.39,2.5,1.79,1.89,0,0,0,0
2024-01-12,金,小寒,22,OFF SEASON,1.35,2.0,4.0,1.69,1.49,0.0,3,1.74,2.5,1.79,2.01,0,0,0,0
2024-01-13,土,小寒,22,OFF SEASON,1.35,2.0,5.0,1.69,1.49,0.0,3,2.3,2.5,1.79,2.2,0,0,0,0
2024-01-14,日,小寒,22,OFF SEASON,1.35,2.0,4.0,1.69,1.49,0.0,3,1.98,2.5,1.79,2.09,0,0,0,0
2024-01-15,月,小寒,22,OFF SEASON,1.35,2.0,2.0,1.69,2.24,0.0,3,1.45,2.5,1.79,1.91,0,0,0,0
2024-01-16,火,小寒,22,OFF SEASON,1.35,2.0,2.0,1.69,2.24,0.0,3,1.67,2.5,1.79,1.99,0,0,0,0
2024-01-17,水,小寒,22,OFF SEASON,1.35,2.0,2.0,1.69,2.24,0.0,3,1.76,2.5,1.79,2.02,0,0,0,0
2024-01-18,木,小寒,22,OFF SEASON,1.35,2.0,3.0,1.69,2.24,0.0,3,1.59,2.5,1.79,1.96,0,0,0,0
2024-01-19,金,小寒,22,OFF SEASON,1.35,2.0,4.0,1.69,2.24,0.0,3,1.99,2.5,1.79,2.09,0,0,0,0
2024-01-20,土,大寒,21,OFF SEASON,1.52,2.0,5.0,1.73,2.24,0.0,3,2.65,2.5,1.79,2.31,0,0,0,0
2024-01-21,日,大寒,21,OFF SEASON,1.52,2.0,4.0,1.73,2.24,0.0,3,2.27,2.5,1.79,2.19,0,0,0,0
2024-01-22,月,大寒,21,OFF SEASON,1.52,2.0,2.0,1.73,1.7,0.0,3,1.32,2.5,1.79,1.87,0,0,0,0
2024-01-23,火,大寒,21,OFF SEASON,1.52,2.0,2.0,1.73,1.7,0.0,3,1.53,2.5,1.79,1.94,0,0,0,0
2024-01-24,水,大寒,21,OFF SEASON,1.52,2.0,2.0,1.73,1.7,0.0,3,1.61,2.5,1.79,1.97,0,0,0,0
2024-01-25,木,大寒,21,OFF SEASON,1.52,2.0,3.0,1.73,1.7,0.0,3,1.45,2.5,1.79,1.91,0,0,0,0
2024-01-26,金,大寒,21,OFF SEASON,1.52,2.0,4.0,1.73,1.7,0.0,3,1.82,2.5,1.79,2.04,0,0,0,0
2024-01-27,土,大寒,21,OFF SEASON,1.52,2.0,5.0,1.73,1.7,0.0,3,2.41,2.5,1.79,2.23,0,0,0,0
2024-01-28,日,大寒,21,OFF SEASON,1.52,2.0,4.0,1.73,1.7,0.0,3,2.07,2.5,1.79,2.12,0,0,0,0
2024-01-29,月,大寒,21,OFF SEASON,1.52,2.0,2.0,1.73,1.81,0.0,3,1.35,2.5,1.79,1.88,0,0,0,0
2024-01-30,火,大寒,21,OFF SEASON,1.52,2.0,2.0,1.73,1.81,0.0,3,1.56,2.5,1.79,1.95,0,0,0,0
2024-01-31,水,大寒,21,OFF SEASON,1.52,2.0,2.0,1.73,1.81,0.0,3,1.65,2.5,1.79,1.98,0,0,0,0
2024-02-01,木,大寒,21,OFF SEASON,1.52,3.0,3.0,1.73,1.81,0.0,3,1.75,2.5,1.37,1.87,0,0,0,0
2024-02-02,金,大寒,21,OFF SEASON,1.52,3.0,4.0,1.73,1.81,0.0,3,2.19,2.5,1.37,2.02,0,0,0,0
2024-02-03,土,大寒,21,OFF SEASON,1.52,3.0,5.0,1.73,1.81,0.0,3,2.9,2.5,1.37,2.26,0,0,0,0
2024-02-04,日,立春,12,FLOW SEASON,3.09,3.0,4.0,2.57,1.81,4.5,4,3.39,2.5,1.37,2.42,0,0,0,0
2024-02-05,月,立春,12,FLOW SEASON,3.09,3.0,2.0,2.57,3.02,5.0,4,2.49,2.5,1.37,2.12,0,0,0,0
2024-02-06,火,立春,12,FLOW SEASON,3.09,3.0,2.0,2.57,3.02,5.0,4,2.87,2.5,1.37,2.25,0,0,0,0
2024-02-07,水,立春,12,FLOW SEASON,3.09,3.0,2.0,2.57,3.02,5.0,4,3.03,2.5,1.37,2.3,0,0,0,0
2024-02-08,木,立春,12,FLOW SEASON,3.09,3.0,3.0,2.57,3.02,5.0,4,2.73,2.5,1.37,2.2,0,0,0,0
2024-02-09,金,立春,12,FLOW SEASON,3.09,3.0,4.0,2.57,3.02,5.0,4,3.42,2.5,1.37,2.43,0,0,0,0
2024-02-10,土,立春,12,FLOW SEASON,3.09,3.0,5.0,2.57,3.02,5.0,4,4.52,2.5,1.37,2.8,0,0,0,0
2024-02-11,日,立春,12,FLOW SEASON,3.09,3.0,4.0,2.57,3.02,4.5,4,3.74,2.5,1.37,2.54,0,0,0,0
2024-02-12,月,立春,12,FLOW SEASON,3.09,3.0,2.0,2.57,2.03,0.0,3,1.85,2.5,1.37,1.91,0,0,0,0
2024-02-13,火,立春,12,FLOW SEASON,3.09,3.0,2.0,2.57,2.03,0.0,3,2.14,2.5,1.37,2.0,0,0,0,0
2024-02-14,水,立春,12,FLOW SEASON,3.09,3.0,2.0,2.57,2.03,0.0,3,2.25,2.5,1.37,2.04,0,0,0,0
2024-02-15,木,立春,12,FLOW SEASON,3.09,3.0,3.0,2.57,2.03,0.0,3,2.03,2.5,1.37,1.97,0,0,0,0
2024-02-16,金,立春,12,FLOW SEASON,3.09,3.0,4.0,2.57,2.03,0.0,3,2.54,2.5,1.37,2.14,0,0,0,0
2024-02-17,土,立春,12,FLOW SEASON,3.09,3.0,5.0,2.57,2.03,0.0,3,3.36,2.5,1.37,2.41,0,0,0,0
2024-02-18,日,立春,12,FLOW SEASON,3.09,3.0,4.0,2.57,2.03,0.0,3,2.89,2.5,1.37,2.25,0,0,0,0
2024-02-19,月,雨水,20,LOW SEASON,1.7,3.0,2.0,1.0,1.3,0.0,3,1.3,2.5,1.37,1.72,0,0,0,0
2024-02-20,火,雨水,20,LOW SEASON,1.7,3.0,2.0,1.0,1.3,0.0,3,1.49,2.5,1.37,1.79,0,0,0,0
2024-02-21,水,雨水,20,LOW SEASON,1.7,3.0,2.0,1.0,1.3,0.0,3,1.58,2.5,1.37,1.82,0,0,0,0
2024-02-22,木,雨水,20,LOW SEASON,1.7,3.0,3.0,1.0,1.3,0.0,3,1.42,2.5,1.37,1.76,0,0,0,0
2024-02-23,金,雨水,20,LOW SEASON,1.7,3.0,4.0,1.0,1.3,3.5,4,2.21,2.5,1.37,2.03,0,0,0,0
2024-02-24,土,雨水,20,LOW SEASON,1.7,3.0,5.0,1.0,1.3,0.0,3,2.35,2.5,1.37,2.07,0,0,0,0
2024-02-25,日,雨水,20,LOW SEASON,1.7,3.0,4.0,1.0,1.3,0.0,3,2.02,2.5,1.37,1.96,0,0,0,0
2024-02-26,月,雨水,20,LOW SEASON,1.7,3.0,2.0,1.0,1.0,0.0,3,1.22,2.5,1.37,1.7,0,0,0,0
2024-02-27,火,雨水,20,LOW SEASON,1.7,3.0,2.0,1.0,1.0,0.0,3,1.41,2.5,1.37,1.76,0,0,0,0
2024-02-28,水,雨水,20,LOW SEASON,1.7,3.0,2.0,1.0,1.0,0.0,3,1.49,2.5,1.37,1.79,0,0,0,0
2024-02-29,木,雨水,20,LOW SEASON,1.7,3.0,3.0,1.0,1.0,0.0,3,1.34,2.5,1.37,1.74,0,0,0,0
2024-03-01,金,雨水,20,LOW SEASON,1.7,2.0,4.0,1.0,1.0,0.0,3,1.34,2.5,1.7,1.85,0,0,0,0
2024-03-02,土,雨水,20,LOW SEASON,1.7,2.0,5.0,1.0,1.0,0.0,3,1.77,2.5,1.7,1.99,0,0,0,0
2024-03-03,日,雨水,20,LOW SEASON,1.7,2.0,4.0,1.0,1.0,0.0,3,1.52,2.5,1.7,1.91,0,0,0,0
2024-03-04,月,雨水,20,LOW SEASON,1.7,2.0,2.0,1.0,1.01,0.0,3,1.0,2.5,1.7,1.73,0,0,0,0
2024-03-05,火,啓蟄,16,LOW SEASON,2.39,2.0,2.0,1.21,1.01,0.0,3,1.19,2.5,1.7,1.8,0,0,0,0
2024-03-06,水,啓蟄,16,LOW SEASON,2.39,2.0,2.0,1.21,1.01,0.0,3,1.25,2.5,1.7,1.82,0,0,0,0
2024-03-07,木,啓蟄,16,LOW SEASON,2.39,2.0,3.0,1.21,1.01,0.0,3,1.13,2.5,1.7,1.78,0,0,0,0
2024-03-08,金,啓蟄,16,LOW SEASON,2.39,2.0,4.0,1.21,1.01,0.0,3,1.42,2.5,1.7,1.87,0,0,0,0
2024-03-09,土,啓蟄,16,LOW SEASON,2.39,2.0,5.0,1.21,1.01,0.0,3,1.88,2.5,1.7,2.03,0,0,0,0
2024-03-10,日,啓蟄,16,LOW SEASON,2.39,2.0,4.0,1.21,1.01,0.0,3,1.61,2.5,1.7,1.94,0,0,0,0
2024-03-11,月,啓蟄,16,LOW SEASON,2.39,2.0,2.0,1.21,1.54,0.0,3,1.16,2.5,1.7,1.79,0,0,0,0
2024-03-12,火,啓蟄,16,LOW SEASON,2.39,2.0,2.0,1.21,1.54,0.0,3,1.33,2.5,1.7,1.84,0,0,0,0
2024-03-13,水,啓蟄,16,LOW SEASON,2.39,2.0,2.0,1.21,1.54,0.0,3,1.41,2.5,1.7,1.87,0,0,0,0
2024-03-14,木,啓蟄,16,LOW SEASON,2.39,2.0,3.0,1.21,1.54,0.0,3,1.27,2.5,1.7,1.82,0,0,0,0
2024-03-15,金,啓蟄,16,LOW SEASON,2.39,2.0,4.0,1.21,1.54,0.0,3,1.59,2.5,1.7,1.93,0,0,0,0
2024-03-16,土,啓蟄,16,LOW SEASON,2.39,2.0,5.0,1.21,1.54,0.0,3,2.1,2.5,1.7,2.1,0,0,0,0
2024-03-17,日,啓蟄,16,LOW SEASON,2.39,2.0,4.0,1.21,1.54,0.0,3,1.81,2.5,1.7,2.0,0,0,0,0
2024-03-18,月,啓蟄,16,LOW SEASON,2.39,2.0,2.0,1.21,2.11,0.0,3,1.3,2.5,1.7,1.83,0,0,0,0
2024-03-19,火,啓蟄,16,LOW SEASON,2.39,2.0,2.0,1.21,2.11,0.0,3,1.49,2.5,1.7,1.9,0,0,0,0
2024-03-20,水,春分,17,LOW SEASON,2.22,2.0,2.0,1.88,2.11,0.0,3,1.78,2.5,1.7,1.99,0,0,0,0
2024-03-21,木,春分,17,LOW SEASON,2.22,2.0,3.0,1.88,2.11,3.0,4,1.81,2.5,1.7,2.0,0,0,0,0
2024-03-22,金,春分,17,LOW SEASON,2.22,2.0,4.0,1.88,2.11,0.0,3,2.01,2.5,1.7,2.07,0,0,0,0
2024-03-23,土,春分,17,LOW SEASON,2.22,2.0,5.0,1.88,2.11,0.0,3,2.66,2.5,1.7,2.29,0,0,0,0
2024-03-24,日,春分,17,LOW SEASON,2.22,2.0,4.0,1.88,2.11,0.0,3,2.29,2.5,1.7,2.16,0,0,0,0
2024-03-25,月,春分,17,LOW SEASON,2.22,2.0,2.0,1.88,2.04,0.0,3,1.44,2.5,1.7,1.88,0,0,0,0
2024-03-26,火,春分,17,LOW SEASON,2.22,2.0,2.0,1.88,2.04,0.0,3,1.66,2.5,1.7,1.95,0,0,0,0
2024-03-27,水,春分,17,LOW SEASON,2.22,2.0,2.0,1.88,2.04,0.0,3,1.75,2.5,1.7,1.98,0,0,0,0
2024-03-28,木,春分,17,LOW SEASON,2.22,2.0,3.0,1.88,2.04,0.0,3,1.58,2.5,1.7,1.93,0,0,0,0
2024-03-29,金,春分,17,LOW SEASON,2.22,2.0,4.0,1.88,2.04,0.0,3,1.98,2.5,1.7,2.06,0,0,0,0
2024-03-30,土,春分,17,LOW SEASON,2.22,2.0,5.0,1.88,2.04,0.0,3,2.62,2.5,1.7,2.27,0,0,0,0
2024-03-31,日,春分,17,LOW SEASON,2.22,2.0,4.0,1.88,2.04,0.0,3,2.25,2.5,1.7,2.15,0,0,0,0
2024-04-01,月,春分,17,LOW SEASON,2.22,1.0,2.0,1.88,1.62,0.0,3,1.1,2.5,2.66,2.09,0,0,0,0
2024-04-02,火,春分,17,LOW SEASON,2.22,1.0,2.0,1.88,1.62,0.0,3,1.27,2.5,2.66,2.14,0,0,0,0
2024-04-03,水,春分,17,LOW SEASON,2.22,1.0,2.0,1.88,1.62,0.0,3,1.33,2.5,2.66,2.16,0,0,0,0
2024-04-04,木,清明,24,OFF SEASON,1.0,1.0,3.0,1.38,1.62,0.0,3,1.07,2.5,2.66,2.08,0,0,0,0
2024-04-05,金,清明,24,OFF SEASON,1.0,1.0,4.0,1.38,1.62,0.0,3,1.34,2.5,2.66,2.17,0,0,0,0
2024-04-06,土,清明,24,OFF SEASON,1.0,1.0,5.0,1.38,1.62,0.0,3,1.77,2.5,2.66,2.31,0,0,0,0
2024-04-07,日,清明,24,OFF SEASON,1.0,1.0,4.0,1.38,1.62,0.0,3,1.52,2.5,2.66,2.23,0,0,0,0
2024-04-08,月,清明,24,OFF SEASON,1.0,1.0,2.0,1.38,1.21,0.0,3,1.0,2.5,2.66,2.05,0,0,0,0
2024-04-09,火,清明,24,OFF SEASON,1.0,1.0,2.0,1.38,1.21,0.0,3,1.01,2.5,2.66,2.06,0,0,0,0
2024-04-10,水,清明,24,OFF SEASON,1.0,1.0,2.0,1.38,1.21,0.0,3,1.07,2.5,2.66,2.08,0,0,0,0
2024-04-11,木,清明,24,OFF SEASON,1.0,1.0,3.0,1.38,1.21,0.0,3,1.0,2.5,2.66,2.05,0,0,0,0
2024-04-12,金,清明,24,OFF SEASON,1.0,1.0,4.0,1.38,1.21,0.0,3,1.21,2.5,2.66,2.12,0,0,0,0
2024-04-13,土,清明,24,OFF SEASON,1.0,1.0,5.0,1.38,1.21,0.0,3,1.6,2.5,2.66,2.25,0,0,0,0
2024-04-14,日,清明,24,OFF SEASON,1.0,1.0,4.0,1.38,1.21,0.0,3,1.37,2.5,2.66,2.18,0,0,0,0
2024-04-15,月,清明,24,OFF SEASON,1.0,1.0,2.0,1.38,1.74,0.0,3,1.0,2.5,2.66,2.05,0,0,0,0
2024-04-16,火,清明,24,OFF SEASON,1.0,1.0,2.0,1.38,1.74,0.0,3,1.16,2.5,2.66,2.11,0,0,0,0
2024-04-17,水,清明,24,OFF SEASON,1.0,1.0,2.0,1.38,1.74,0.0,3,1.22,2.5,2.66,2.13,0,0,0,0
2024-04-18,木,清明,24,OFF SEASON,1.0,1.0,3.0,1.38,1.74,0.0,3,1.1,2.5,2.66,2.09,0,0,0,0
2024-04-19,金,穀雨,18,LOW SEASON,2.04,1.0,4.0,2.34,1.74,0.0,3,1.7,2.5,2.66,2.29,0,0,0,0
2024-04-20,土,穀雨,18,LOW SEASON,2.04,1.0,5.0,2.34,1.74,0.0,3,2.25,2.5,2.66,2.47,0,0,0,0
2024-04-21,日,穀雨,18,LOW SEASON,2.04,1.0,4.0,2.34,1.74,0.0,3,1.93,2.5,2.66,2.36,0,0,0,0
2024-04-22,月,穀雨,18,LOW SEASON,2.04,1.0,2.0,2.34,1.94,0.0,3,1.29,2.5,2.66,2.15,0,0,0,0
2024-04-23,火,穀雨,18,LOW SEASON,2.04,1.0,2.0,2.34,1.94,0.0,3,1.49,2.5,2.66,2.22,0,0,0,0
2024-04-24,水,穀雨,18,LOW SEASON,2.04,1.0,2.0,2.34,1.94,0.0,3,1.57,2.5,2.66,2.24,0,0,0,0
2024-04-25,木,穀雨,18,LOW SEASON,2.04,1.0,3.0,2.34,1.94,0.0,3,1.41,2.5,2.66,2.19,0,0,0,0
2024-04-26,金,穀雨,18,LOW SEASON,2.04,1.0,4.0,2.34,1.94,0.0,3,1.77,2.5,2.66,2.31,0,0,0,0
2024-04-27,土,穀雨,18,LOW SEASON,2.04,1.0,5.0,2.34,1.94,0.0,3,2.34,2.5,2.66,2.5,0,0,0,0
2024-04-28,日,穀雨,18,LOW SEASON,2.04,1.0,4.0,2.34,1.94,0.0,3,2.01,2.5,2.66,2.39,0,0,0,0
2024-04-29,月,穀雨,18,LOW SEASON,2.04,1.0,2.0,2.34,2.64,4.0,4,1.83,2.5,2.66,2.33,0,0,0,0
2024-04-30,火,穀雨,18,LOW SEASON,2.04,1.0,2.0,2.34,2.64,4.5,4,2.21,2.5,2.66,2.46,0,0,0,0
2024-05-01,水,穀雨,18,LOW SEASON,2.04,3.0,2.0,2.34,2.64,4.5,4,2.78,2.5,1.77,2.35,0,0,0,0
2024-05-02,木,穀雨,18,LOW SEASON,2.04,3.0,3.0,2.34,2.64,4.5,4,2.51,2.5,1.77,2.26,0,0,0,0
2024-05-03,金,穀雨,18,LOW SEASON,2.04,3.0,4.0,2.34,2.64,5.0,4,3.27,2.5,1.77,2.51,0,0,0,0
2024-05-04,土,穀雨,18,LOW SEASON,2.04,3.0,5.0,2.34,2.64,5.0,4,4.32,2.5,1.77,2.86,0,0,0,0
2024-05-05,日,立夏,13,FLOW SEASON,2.91,3.0,4.0,2.27,2.64,5.0,4,3.69,2.5,1.77,2.65,0,0,0,0
2024-05-06,月,立夏,13,FLOW SEASON,2.91,3.0,2.0,2.27,2.0,4.5,4,2.15,2.5,1.77,2.14,0,0,0,0
2024-05-07,火,立夏,13,FLOW SEASON,2.91,3.0,2.0,2.27,2.0,0.0,3,2.04,2.5,1.77,2.1,0,0,0,0
2024-05-08,水,立夏,13,FLOW SEASON,2.91,3.0,2.0,2.27,2.0,0.0,3,2.15,2.5,1.77,2.14,0,0,0,0
2024-05-09,木,立夏,13,FLOW SEASON,2.91,3.0,3.0,2.27,2.0,0.0,3,1.94,2.5,1.77,2.07,0,0,0,0
2024-05-10,金,立夏,13,FLOW SEASON,2.91,3.0,4.0,2.27,2.0,0.0,3,2.43,2.5,1.77,2.23,0,0,0,0
2024-05-11,土,立夏,13,FLOW SEASON,2.91,3.0,5.0,2.27,2.0,0.0,3,3.22,2.5,1.77,2.5,0,0,0,0
2024-05-12,日,立夏,13,FLOW SEASON,2.91,3.0,4.0,2.27,2.0,0.0,3,2.77,2.5,1.77,2.35,0,0,0,0
2024-05-13,月,立夏,13,FLOW SEASON,2.91,3.0,2.0,2.27,2.73,0.0,3,1.95,2.5,1.77,2.07,0,0,0,0
2024-05-14,火,立夏,13,FLOW SEASON,2.91,3.0,2.0,2.27,2.73,0.0,3,2.25,2.5,1.77,2.17,0,0,0,0
2024-05-15,水,立夏,13,FLOW SEASON,2.91,3.0,2.0,2.27,2.73,0.0,3,2.38,2.5,1.77,2.22,0,0,0,0
2024-05-16,木,立夏,13,FLOW SEASON,2.91,3.0,3.0,2.27,2.73,0.0,3,2.14,2.5,1.77,2.14,0,0,0,0
2024-05-17,金,立夏,13,FLOW SEASON,2.91,3.0,4.0,2.27,2.73,0.0,3,2.68,2.5,1.77,2.32,0,0,0,0
2024-05-18,土,立夏,13,FLOW SEASON,2.91,3.0,5.0,2.27,2.73,0.0,3,3.55,2.5,1.77,2.61,0,0,0,0
2024-05-19,日,立夏,13,FLOW SEASON,2.91,3.0,4.0,2.27,2.73,0.0,3,3.05,2.5,1.77,2.44,0,0,0,0
2024-05-20,月,小満,14,FLOW SEASON,2.74,3.0,2.0,2.56,3.25,0.0,3,2.15,2.5,1.77,2.14,0,0,0,0
2024-05-21,火,小満,14,FLOW SEASON,2.74,3.0,2.0,2.56,3.25,0.0,3,2.48,2.5,1.77,2.25,0,0,0,0
2024-05-22,水,小満,14,FLOW SEASON,2.74,3.0,2.0,2.56,3.25,0.0,3,2.62,2.5,1.77,2.3,0,0,0,0
2024-05-23,木,小満,14,FLOW SEASON,2.74,3.0,3.0,2.56,3.25,0.0,3,2.36,2.5,1.77,2.21,0,0,0,0
2024-05-24,金,小満,14,FLOW SEASON,2.74,3.0,4.0,2.56,3.25,0.0,3,2.95,2.5,1.77,2.41,0,0,0,0
2024-05-25,土,小満,14,FLOW SEASON,2.74,3.0,5.0,2.56,3.25,0.0,3,3.91,2.5,1.77,2.73,0,0,0,0
2024-05-26,日,小満,14,FLOW SEASON,2.74,3.0,4.0,2.56,3.25,0.0,3,3.36,2.5,1.77,2.54,0,0,0,0
2024-05-27,月,小満,14,FLOW SEASON,2.74,3.0,2.0,2.56,2.2,0.0,3,1.9,2.5,1.77,2.06,0,0,0,0
2024-05-28,火,小満,14,FLOW SEASON,2.74,3.0,2.0,2.56,2.2,0.0,3,2.19,2.5,1.77,2.15,0,0,0,0
2024-05-29,水,小満,14,FLOW SEASON,2.74,3.0,2.0,2.56,2.2,0.0,3,2.31,2.5,1.77,2.19,0,0,0,0
2024-05-30,木,小満,14,FLOW SEASON,2.74,3.0,3.0,2.56,2.2,0.0,3,2.08,2.5,1.77,2.12,0,0,0,0
2024-05-31,金,小満,14,FLOW SEASON,2.74,3.0,4.0,2.56,2.2,0.0,3,2.6,2.5,1.77,2.29,0,0,0,0
2024-06-01,土,小満,14,FLOW SEASON,2.74,3.0,5.0,2.56,2.2,0.0,3,3.44,2.5,1.91,2.62,0,0,0,0
2024-06-02,日,小満,14,FLOW SEASON,2.74,3.0,4.0,2.56,2.2,0.0,3,2.96,2.5,1.91,2.46,0,0,0,0
2024-06-03,月,小満,14,FLOW SEASON,2.74,3.0,2.0,2.56,3.45,0.0,3,2.2,2.5,1.91,2.2,0,0,0,0
2024-06-04,火,小満,14,FLOW SEASON,2.74,3.0,2.0,2.56,3.45,0.0,3,2.53,2.5,1.91,2.31,0,0,0,0
2024-06-05,水,芒種,10,HIGH SEASON,3.43,3.0,2.0,3.54,3.45,0.0,3,2.96,2.5,1.91,2.46,0,0,0,0
2024-06-06,木,芒種,10,HIGH SEASON,3.43,3.0,3.0,3.54,3.45,0.0,3,2.67,2.5,1.91,2.36,0,0,0,0
2024-06-07,金,芒種,10,HIGH SEASON,3.43,3.0,4.0,3.54,3.45,0.0,3,3.35,2.5,1.91,2.59,0,0,0,0
2024-06-08,土,芒種,10,HIGH SEASON,3.43,3.0,5.0,3.54,3.45,0.0,3,4.43,2.5,1.91,2.95,0,0,0,0
2024-06-09,日,芒種,10,HIGH SEASON,3.43,3.0,4.0,3.54,3.45,0.0,3,3.81,2.5,1.91,2.74,0,0,0,0
2024-06-10,月,芒種,10,HIGH SEASON,3.43,3.0,2.0,3.54,3.82,0.0,3,2.53,2.5,1.91,2.31,0,0,0,0
2024-06-11,火,芒種,10,HIGH SEASON,3.43,3.0,2.0,3.54,3.82,0.0,3,2.91,2.5,1.91,2.44,0,0,0,0
2024-06-12,水,芒種,10,HIGH SEASON,3.43,3.0,2.0,3.54,3.82,0.0,3,3.07,2.5,1.91,2.49,0,0,0,0
2024-06-13,木,芒種,10,HIGH SEASON,3.43,3.0,3.0,3.54,3.82,0.0,3,2.77,2.5,1.91,2.39,0,0,0,0
2024-06-14,金,芒種,10,HIGH SEASON,3.43,3.0,4.0,3.54,3.82,4.0,4,3.61,2.5,1.91,2.67,0,0,0,0
2024-06-15,土,芒種,10,HIGH SEASON,3.43,3.0,5.0,3.54,3.82,4.5,4,4.93,2.5,1.91,3.11,0,0,0,0
2024-06-16,日,芒種,10,HIGH SEASON,3.43,3.0,4.0,3.54,3.82,4.5,4,4.24,2.5,1.91,2.88,0,0,0,0
2024-06-17,月,芒種,10,HIGH SEASON,3.43,3.0,2.0,3.54,3.82,0.0,3,2.53,2.5,1.91,2.31,0,0,0,0
2024-06-18,火,芒種,10,HIGH SEASON,3.43,3.0,2.0,3.54,3.82,0.0,3,2.91,2.5,1.91,2.44,0,0,0,0
2024-06-19,水,芒種,10,HIGH SEASON,3.43,3.0,2.0,3.54,3.82,0.0,3,3.07,2.5,1.91,2.49,0,0,0,0
2024-06-20,木,芒種,10,HIGH SEASON,3.43,3.0,3.0,3.54,3.82,0.0,3,2.77,2.5,1.91,2.39,0,0,0,0
2024-06-21,金,夏至,7,HIGH SEASON,3.96,3.0,4.0,3.92,3.82,0.0,3,3.6,2.5,1.91,2.67,0,0,0,0
2024-06-22,土,夏至,7,HIGH SEASON,3.96,3.0,5.0,3.92,3.82,0.0,3,4.76,2.5,1.91,3.06,0,0,0,0
2024-06-23,日,夏至,7,HIGH SEASON,3.96,3.0,4.0,3.92,3.82,0.0,3,4.09,2.5,1.91,2.83,0,0,0,0
2024-06-24,月,夏至,7,HIGH SEASON,3.96,3.0,2.0,3.92,3.72,0.0,3,2.6,2.5,1.91,2.34,0,0,0,0
2024-06-25,火,夏至,7,HIGH SEASON,3.96,3.0,2.0,3.92,3.72,0.0,3,3.0,2.5,1.91,2.47,0,0,0,0
2024-06-26,水,夏至,7,HIGH SEASON,3.96,3.0,2.0,3.92,3.72,0.0,3,3.16,2.5,1.91,2.52,0,0,0,0
2024-06-27,木,夏至,7,HIGH SEASON,3.96,3.0,3.0,3.92,3.72,0.0,3,2.85,2.5,1.91,2.42,0,0,0,0
2024-06-28,金,夏至,7,HIGH SEASON,3.96,3.0,4.0,3.92,3.72,0.0,3,3.57,2.5,1.91,2.66,0,0,0,0
2024-06-29,土,夏至,7,HIGH SEASON,3.96,3.0,5.0,3.92,3.72,0.0,3,4.72,2.5,1.91,3.04,0,0,0,0
2024-06-30,日,夏至,7,HIGH SEASON,3.96,3.0,4.0,3.92,3.72,0.0,3,4.06,2.5,1.91,2.82,0,0,0,0
2024-07-01,月,夏至,7,HIGH SEASON,3.96,4.0,2.0,3.92,3.61,0.0,3,2.81,2.5,1.61,2.31,0,0,0,0
2024-07-02,火,夏至,7,HIGH SEASON,3.96,4.0,2.0,3.92,3.61,0.0,3,3.24,2.5,1.61,2.45,0,0,0,0
2024-07-03,水,夏至,7,HIGH SEASON,3.96,4.0,2.0,3.92,3.61,0.0,3,3.42,2.5,1.61,2.51,0,0,0,0
2024-07-04,木,夏至,7,HIGH SEASON,3.96,4.0,3.0,3.92,3.61,0.0,3,3.08,2.5,1.61,2.4,0,0,0,0
2024-07-05,金,夏至,7,HIGH SEASON,3.96,4.0,4.0,3.92,3.61,0.0,3,3.86,2.5,1.61,2.66,0,0,0,0
2024-07-06,土,小暑,4,TOP SEASON,4.48,4.0,5.0,3.46,3.61,0.0,3,4.91,2.5,1.61,3.01,0,0,0,0
2024-07-07,日,小暑,4,TOP SEASON,4.48,4.0,4.0,3.46,3.61,0.0,3,4.22,2.5,1.61,2.78,0,0,0,0
2024-07-08,月,小暑,4,TOP SEASON,4.48,4.0,2.0,3.46,3.59,0.0,3,2.69,2.5,1.61,2.27,0,0,0,0
2024-07-09,火,小暑,4,TOP SEASON,4.48,4.0,2.0,3.46,3.59,0.0,3,3.11,2.5,1.61,2.41,0,0,0,0
2024-07-10,水,小暑,4,TOP SEASON,4.48,4.0,2.0,3.46,3.59,0.0,3,3.28,2.5,1.61,2.46,0,0,0,0
2024-07-11,木,小暑,4,TOP SEASON,4.48,4.0,3.0,3.46,3.59,0.0,3,2.96,2.5,1.61,2.36,0,0,0,0
2024-07-12,金,小暑,4,TOP SEASON,4.48,4.0,4.0,3.46,3.59,0.0,3,3.7,2.5,1.61,2.6,0,0,0,0
2024-07-13,土,小暑,4,TOP SEASON,4.48,4.0,5.0,3.46,3.59,0.0,3,4.89,2.5,1.61,3.0,0,0,0,0
2024-07-14,日,小暑,4,TOP SEASON,4.48,4.0,4.0,3.46,3.59,0.0,3,4.21,2.5,1.61,2.77,0,0,0,0
2024-07-15,月,小暑,4,TOP SEASON,4.48,4.0,2.0,3.46,3.56,0.0,3,2.69,2.5,1.61,2.27,0,0,0,0
2024-07-16,火,小暑,4,TOP SEASON,4.48,4.0,2.0,3.46,3.56,0.0,3,3.1,2.5,1.61,2.4,0,0,0,0
2024-07-17,水,小暑,4,TOP SEASON,4.48,4.0,2.0,3.46,3.56,0.0,3,3.27,2.5,1.61,2.46,0,0,0,0
2024-07-18,木,小暑,4,TOP SEASON,4.48,4.0,3.0,3.46,3.56,0.0,3,2.95,2.5,1.61,2.35,0,0,0,0
2024-07-19,金,小暑,4,TOP SEASON,4.48,4.0,4.0,3.46,3.56,0.0,3,3.69,2.5,1.61,2.6,0,0,0,0
2024-07-20,土,小暑,4,TOP SEASON,4.48,4.0,5.0,3.46,3.56,3.5,4,4.83,2.5,1.61,2.98,0,0,0,0
2024-07-21,日,小暑,4,TOP SEASON,4.48,4.0,4.0,3.46,3.56,0.0,3,4.19,2.5,1.61,2.77,0,0,0,0
2024-07-22,月,大暑,9,HIGH SEASON,3.61,4.0,2.0,2.57,2.86,0.0,3,2.3,2.5,1.61,2.14,0,0,0,0
2024-07-23,火,大暑,9,HIGH SEASON,3.61,4.0,2.0,2.57,2.86,0.0,3,2.65,2.5,1.61,2.25,0,0,0,0
2024-07-24,水,大暑,9,HIGH SEASON,3.61,4.0,2.0,2.57,2.86,0.0,3,2.79,2.5,1.61,2.3,0,0,0,0
2024-07-25,木,大暑,9,HIGH SEASON,3.61,4.0,3.0,2.57,2.86,0.0,3,2.52,2.5,1.61,2.21,0,0,0,0
2024-07-26,金,大暑,9,HIGH SEASON,3.61,4.0,4.0,2.57,2.86,0.0,3,3.16,2.5,1.61,2.42,0,0,0,0
2024-07-27,土,大暑,9,HIGH SEASON,3.61,4.0,5.0,2.57,2.86,0.0,3,4.18,2.5,1.61,2.76,0,0,0,0
2024-07-28,日,大暑,9,HIGH SEASON,3.61,4.0,4.0,2.57,2.86,0.0,3,3.59,2.5,1.61,2.57,0,0,0,0
2024-07-29,月,大暑,9,HIGH SEASON,3.61,4.0,2.0,2.57,2.76,0.0,3,2.28,2.5,1.61,2.13,0,0,0,0
2024-07-30,火,大暑,9,HIGH SEASON,3.61,4.0,2.0,2.57,2.76,0.0,3,2.62,2.5,1.61,2.24,0,0,0,0
2024-07-31,水,大暑,9,HIGH SEASON,3.61,4.0,2.0,2.57,2.76,0.0,3,2.77,2.5,1.61,2.29,0,0,0,0
2024-08-01,木,大暑,9,HIGH SEASON,3.61,5.0,3.0,2.57,2.76,0.0,3,2.76,2.5,1.5,2.25,0,0,0,0
2024-08-02,金,大暑,9,HIGH SEASON,3.61,5.0,4.0,2.57,2.76,0.0,3,3.46,2.5,1.5,2.49,0,0,0,0
2024-08-03,土,大暑,9,HIGH SEASON,3.61,5.0,5.0,2.57,2.76,0.0,3,4.58,2.5,1.5,2.86,0,0,0,0
2024-08-04,日,大暑,9,HIGH SEASON,3.61,5.0,4.0,2.57,2.76,0.0,3,3.93,2.5,1.5,2.64,0,0,0,0
2024-08-05,月,大暑,9,HIGH SEASON,3.61,5.0,2.0,2.57,3.12,0.0,3,2.61,2.5,1.5,2.2,0,0,0,0
2024-08-06,火,大暑,9,HIGH SEASON,3.61,5.0,2.0,2.57,3.12,0.0,3,3.0,2.5,1.5,2.33,0,0,0,0
2024-08-07,水,立秋,2,TOP SEASON,4.83,5.0,2.0,3.81,3.12,0.0,3,3.54,2.5,1.5,2.51,0,0,0,0
2024-08-08,木,立秋,2,TOP SEASON,4.83,5.0,3.0,3.81,3.12,0.0,3,3.2,2.5,1.5,2.4,0,0,0,0
2024-08-09,金,立秋,2,TOP SEASON,4.83,5.0,4.0,3.81,3.12,0.0,3,4.0,2.5,1.5,2.67,0,0,0,0
2024-08-10,土,立秋,2,TOP SEASON,4.83,5.0,5.0,3.81,3.12,0.0,3,5.0,2.5,1.5,3.0,0,0,0,0
2024-08-11,日,立秋,2,TOP SEASON,4.83,5.0,4.0,3.81,3.12,4.0,4,4.55,2.5,1.5,2.85,0,0,0,0
2024-08-12,月,立秋,2,TOP SEASON,4.83,5.0,2.0,3.81,4.22,4.5,4,3.21,2.5,1.5,2.4,0,0,0,0
2024-08-13,火,立秋,2,TOP SEASON,4.83,5.0,2.0,3.81,4.22,5.0,4,3.81,2.5,1.5,2.6,0,0,0,0
2024-08-14,水,立秋,2,TOP SEASON,4.83,5.0,2.0,3.81,4.22,5.0,4,4.01,2.5,1.5,2.67,0,0,0,0
2024-08-15,木,立秋,2,TOP SEASON,4.83,5.0,3.0,3.81,4.22,5.0,4,3.62,2.5,1.5,2.54,0,0,0,0
2024-08-16,金,立秋,2,TOP SEASON,4.83,5.0,4.0,3.81,4.22,4.0,4,4.28,2.5,1.5,2.76,0,0,0,0
2024-08-17,土,立秋,2,TOP SEASON,4.83,5.0,5.0,3.81,4.22,0.0,3,5.0,2.5,1.5,3.0,0,0,0,0
2024-08-18,日,立秋,2,TOP SEASON,4.83,5.0,4.0,3.81,4.22,0.0,3,4.96,2.5,1.5,2.99,0,0,0,0
2024-08-19,月,立秋,2,TOP SEASON,4.83,5.0,2.0,3.81,3.81,0.0,3,3.08,2.5,1.5,2.36,0,0,0,0
2024-08-20,火,立秋,2,TOP SEASON,4.83,5.0,2.0,3.81,3.81,0.0,3,3.55,2.5,1.5,2.52,0,0,0,0
2024-08-21,水,立秋,2,TOP SEASON,4.83,5.0,2.0,3.81,3.81,0.0,3,3.75,2.5,1.5,2.58,0,0,0,0
2024-08-22,木,処暑,5,TOP SEASON,4.3,5.0,3.0,2.99,3.81,0.0,3,3.16,2.5,1.5,2.39,0,0,0,0
2024-08-23,金,処暑,5,TOP SEASON,4.3,5.0,4.0,2.99,3.81,0.0,3,3.95,2.5,1.5,2.65,0,0,0,0
2024-08-24,土,処暑,5,TOP SEASON,4.3,5.0,5.0,2.99,3.81,0.0,3,5.0,2.5,1.5,3.0,0,0,0,0
2024-08-25,日,処暑,5,TOP SEASON,4.3,5.0,4.0,2.99,3.81,0.0,3,4.49,2.5,1.5,2.83,0,0,0,0
2024-08-26,月,処暑,5,TOP SEASON,4.3,5.0,2.0,2.99,2.82,0.0,3,2.64,2.5,1.5,2.21,0,0,0,0
2024-08-27,火,処暑,5,TOP SEASON,4.3,5.0,2.0,2.99,2.82,0.0,3,3.04,2.5,1.5,2.35,0,0,0,0
2024-08-28,水,処暑,5,TOP SEASON,4.3,5.0,2.0,2.99,2.82,0.0,3,3.2,2.5,1.5,2.4,0,0,0,0
2024-08-29,木,処暑,5,TOP SEASON,4.3,5.0,3.0,2.99,2.82,0.0,3,2.89,2.5,1.5,2.3,0,0,0,0
2024-08-30,金,処暑,5,TOP SEASON,4.3,5.0,4.0,2.99,2.82,0.0,3,3.62,2.5,1.5,2.54,0,0,0,0
2024-08-31,土,処暑,5,TOP SEASON,4.3,5.0,5.0,2.99,2.82,0.0,3,4.79,2.5,1.5,2.93,0,0,0,0
2024-09-01,日,処暑,5,TOP SEASON,4.3,5.0,4.0,2.99,2.82,0.0,3,4.11,1.71,2.86,2.89,0,0,38270,44
2024-09-02,月,処暑,5,TOP SEASON,4.3,5.0,2.0,2.99,3.22,0.0,3,2.74,1.71,2.86,2.44,0,0,23050,27
2024-09-03,火,処暑,5,TOP SEASON,4.3,5.0,2.0,2.99,3.22,0.0,3,3.16,1.71,2.86,2.58,0,0,17440,23
2024-09-04,水,処暑,5,TOP SEASON,4.3,5.0,2.0,2.99,3.22,0.0,3,3.33,1.71,2.86,2.63,0,0,0,0
2024-09-05,木,処暑,5,TOP SEASON,4.3,5.0,3.0,2.99,3.22,0.0,3,3.0,1.71,2.86,2.52,0,0,9470,12
2024-09-06,金,処暑,5,TOP SEASON,4.3,5.0,4.0,2.99,3.22,4.5,4,3.95,1.71,2.86,2.84,0,0,21420,28
2024-09-07,土,白露,1,TOP SEASON,5.0,5.0,5.0,3.81,3.22,5.0,4,5.0,1.71,2.86,3.19,0,0,29070,34
2024-09-08,日,白露,1,TOP SEASON,5.0,5.0,4.0,3.81,3.22,0.0,3,4.58,1.71,2.86,3.05,38270,44,36650,44
2024-09-09,月,白露,1,TOP SEASON,5.0,5.0,2.0,3.81,4.06,0.0,3,3.14,1.71,2.86,2.57,23050,27,19150,26
2024-09-10,火,白露,1,TOP SEASON,5.0,5.0,2.0,3.81,4.06,0.0,3,3.62,1.71,2.86,2.73,17440,23,21550,25
2024-09-11,水,白露,1,TOP SEASON,5.0,5.0,2.0,3.81,4.06,0.0,3,3.82,1.71,2.86,2.8,0,0,0,0
2024-09-12,木,白露,1,TOP SEASON,5.0,5.0,3.0,3.81,4.06,0.0,3,3.44,1.71,2.86,2.67,9470,12,16750,18
2024-09-13,金,白露,1,TOP SEASON,5.0,5.0,4.0,3.81,4.06,0.0,3,4.31,1.71,2.86,2.96,21420,28,13720,18
2024-09-14,土,白露,1,TOP SEASON,5.0,5.0,5.0,3.81,4.06,0.0,3,5.0,1.71,2.86,3.19,29070,34,33950,30
2024-09-15,日,白露,1,TOP SEASON,5.0,5.0,4.0,3.81,4.06,3.5,4,4.67,1.71,2.86,3.08,37460,44,21640,27
2024-09-16,月,白露,1,TOP SEASON,5.0,5.0,2.0,3.81,3.7,0.0,3,3.05,1.71,2.86,2.54,21100,26,36650,41
2024-09-17,火,白露,1,TOP SEASON,5.0,5.0,2.0,3.81,3.7,0.0,3,3.52,1.71,2.86,2.7,19495,24,17350,24
2024-09-18,水,白露,1,TOP SEASON,5.0,5.0,2.0,3.81,3.7,0.0,3,3.71,1.71,2.86,2.76,0,0,0,0
2024-09-19,木,白露,1,TOP SEASON,5.0,5.0,3.0,3.81,3.7,0.0,3,3.35,1.71,2.86,2.64,13110,15,20900,33
2024-09-20,金,白露,1,TOP SEASON,5.0,5.0,4.0,3.81,3.7,0.0,3,4.19,1.71,2.86,2.92,17570,23,15650,21
2024-09-21,土,白露,1,TOP SEASON,5.0,5.0,5.0,3.81,3.7,0.0,3,5.0,1.71,2.86,3.19,31510,32,28250,27
2024-09-22,日,秋分,8,HIGH SEASON,3.78,5.0,4.0,3.59,3.7,0.0,3,4.69,1.71,2.86,3.09,32186,38,35720,36
2024-09-23,月,秋分,8,HIGH SEASON,3.78,5.0,2.0,3.59,4.16,3.5,4,2.97,1.71,2.86,2.51,26283,31,30500,35
2024-09-24,火,秋分,8,HIGH SEASON,3.78,5.0,2.0,3.59,4.16,0.0,3,3.59,1.71,2.86,2.72,18780,24,15840,20
2024-09-25,水,秋分,8,HIGH SEASON,3.78,5.0,2.0,3.59,4.16,0.0,3,3.78,1.71,2.86,2.78,0,0,0,0
2024-09-26,木,秋分,8,HIGH SEASON,3.78,5.0,3.0,3.59,4.16,0.0,3,3.41,1.71,2.86,2.66,15706,21,40320,54
2024-09-27,金,秋分,8,HIGH SEASON,3.78,5.0,4.0,3.59,4.16,0.0,3,4.27,1.71,2.86,2.95,16930,22,27170,28
2024-09-28,土,秋分,8,HIGH SEASON,3.78,5.0,5.0,3.59,4.16,4.5,4,5.0,1.71,2.86,3.19,30423,30,36940,41
2024-09-29,日,秋分,8,HIGH SEASON,3.78,5.0,4.0,3.59,4.16,0.0,3,4.86,1.71,2.86,3.14,33070,37,31720,36
2024-09-30,月,秋分,8,HIGH SEASON,3.78,5.0,2.0,3.59,3.55,0.0,3,2.96,1.71,2.86,2.51,27337,32,19500,23
2024-10-01,火,秋分,8,HIGH SEASON,3.78,5.0,2.0,3.59,3.55,0.0,3,3.42,2.53,2.81,2.92,0,0,20350,19
2024-10-02,水,秋分,8,HIGH SEASON,3.78,5.0,2.0,3.59,3.55,0.0,3,3.6,2.53,2.81,2.98,0,0,0,0
2024-10-03,木,秋分,8,HIGH SEASON,3.78,5.0,3.0,3.59,3.55,0.0,3,3.25,2.53,2.81,2.86,0,0,7600,10
2024-10-04,金,秋分,8,HIGH SEASON,3.78,5.0,4.0,3.59,3.55,0.0,3,4.07,2.53,2.81,3.14,0,0,18250,29
2024-10-05,土,秋分,8,HIGH SEASON,3.78,5.0,5.0,3.59,3.55,0.0,3,5.0,2.53,2.81,3.45,0,0,42820,54
2024-10-06,日,秋分,8,HIGH SEASON,3.78,5.0,4.0,3.59,3.55,0.0,3,4.63,2.53,2.81,3.32,0,0,42050,41
2024-10-07,月,秋分,8,HIGH SEASON,3.78,5.0,2.0,3.59,3.81,0.0,3,3.02,2.53,2.81,2.79,0,0,14400,23
2024-10-08,火,寒露,11,FLOW SEASON,3.26,5.0,2.0,3.64,3.81,0.0,3,3.5,2.53,2.81,2.95,20350,19,16150,27
2024-10-09,水,寒露,11,FLOW SEASON,3.26,5.0,2.0,3.64,3.81,0.0,3,3.69,2.53,2.81,3.01,0,0,0,0
2024-10-10,木,寒露,11,FLOW SEASON,3.26,5.0,3.0,3.64,3.81,0.0,3,3.33,2.53,2.81,2.89,7600,10,23100,30
2024-10-11,金,寒露,11,FLOW SEASON,3.26,5.0,4.0,3.64,3.81,0.0,3,4.17,2.53,2.81,3.17,18250,29,8000,10
2024-10-12,土,寒露,11,FLOW SEASON,3.26,5.0,5.0,3.64,3.81,0.0,3,5.0,2.53,2.81,3.45,42820,54,37670,52
2024-10-13,日,寒露,11,FLOW SEASON,3.26,5.0,4.0,3.64,3.81,0.0,3,4.74,2.53,2.81,3.36,42050,41,125910,156
2024-10-14,月,寒露,11,FLOW SEASON,3.26,5.0,2.0,3.64,3.81,3.5,4,2.92,2.53,2.81,2.75,14400,23,148490,189
2024-10-15,火,寒露,11,FLOW SEASON,3.26,5.0,2.0,3.64,3.81,0.0,3,3.5,2.53,2.81,2.95,18250,23,17520,31
2024-10-16,水,寒露,11,FLOW SEASON,3.26,5.0,2.0,3.64,3.81,0.0,3,3.69,2.53,2.81,3.01,0,0,0,0
2024-10-17,木,寒露,11,FLOW SEASON,3.26,5.0,3.0,3.64,3.81,0.0,3,3.33,2.53,2.81,2.89,15350,20,13550,20
2024-10-18,金,寒露,11,FLOW SEASON,3.26,5.0,4.0,3.64,3.81,0.0,3,4.17,2.53,2.81,3.17,13125,19,19390,36
2024-10-19,土,寒露,11,FLOW SEASON,3.26,5.0,5.0,3.64,3.81,0.0,3,5.0,2.53,2.81,3.45,40245,53,80900,40
2024-10-20,日,寒露,11,FLOW SEASON,3.26,5.0,4.0,3.64,3.81,0.0,3,4.74,2.53,2.81,3.36,83980,98,69500,36
2024-10-21,月,寒露,11,FLOW SEASON,3.26,5.0,2.0,3.64,2.45,0.0,3,2.71,2.53,2.81,2.68,81445,106,20120,28
2024-10-22,火,寒露,11,FLOW SEASON,3.26,5.0,2.0,3.64,2.45,0.0,3,3.12,2.53,2.81,2.82,18006,25,26450,34
2024-10-23,水,霜降,15,FLOW SEASON,2.57,5.0,2.0,1.89,2.45,0.0,3,2.77,2.53,2.81,2.7,0,0,0,0
2024-10-24,木,霜降,15,FLOW SEASON,2.57,5.0,3.0,1.89,2.45,0.0,3,2.5,2.53,2.81,2.61,14750,20,26600,33
2024-10-25,金,霜降,15,FLOW SEASON,2.57,5.0,4.0,1.89,2.45,0.0,3,3.13,2.53,2.81,2.82,15213,25,43450,64
2024-10-26,土,霜降,15,FLOW SEASON,2.57,5.0,5.0,1.89,2.45,0.0,3,4.14,2.53,2.81,3.16,53796,48,90440,105
2024-10-27,日,霜降,15,FLOW SEASON,2.57,5.0,4.0,1.89,2.45,0.0,3,3.55,2.53,2.81,2.96,79153,77,119770,140
2024-10-28,月,霜降,15,FLOW SEASON,2.57,5.0,2.0,1.89,1.8,0.0,3,2.12,2.53,2.81,2.49,61003,80,28700,38
2024-10-29,火,霜降,15,FLOW SEASON,2.57,5.0,2.0,1.89,1.8,0.0,3,2.45,2.53,2.81,2.6,20117,27,9400,11
2024-10-30,水,霜降,15,FLOW SEASON,2.57,5.0,2.0,1.89,1.8,0.0,3,2.58,2.53,2.81,2.64,0,0,0,0
2024-10-31,木,霜降,15,FLOW SEASON,2.57,5.0,3.0,1.89,1.8,0.0,3,2.33,2.53,2.81,2.56,17712,23,15850,22
2024-11-01,金,霜降,15,FLOW SEASON,2.57,2.0,4.0,1.89,1.8,0.0,3,1.91,2.19,4.46,2.85,0,0,12150,17
2024-11-02,土,霜降,15,FLOW SEASON,2.57,2.0,5.0,1.89,1.8,0.0,3,2.53,2.19,4.46,3.06,0,0,27470,35
2024-11-03,日,霜降,15,FLOW SEASON,2.57,2.0,4.0,1.89,1.8,3.5,4,2.63,2.19,4.46,3.09,0,0,34720,40
2024-11-04,月,霜降,15,FLOW SEASON,2.57,2.0,2.0,1.89,2.52,0.0,3,1.57,2.19,4.46,2.74,0,0,24670,25
2024-11-05,火,霜降,15,FLOW SEASON,2.57,2.0,2.0,1.89,2.52,0.0,3,1.81,2.19,4.46,2.82,0,0,10220,13
2024-11-06,水,霜降,15,FLOW SEASON,2.57,2.0,2.0,1.89,2.52,0.0,3,1.9,2.19,4.46,2.85,0,0,0,0
2024-11-07,木,立冬,23,OFF SEASON,1.17,2.0,3.0,2.79,2.52,0.0,3,1.96,2.19,4.46,2.87,0,0,7300,11
2024-11-08,金,立冬,23,OFF SEASON,1.17,2.0,4.0,2.79,2.52,0.0,3,2.45,2.19,4.46,3.03,12150,17,6550,12
2024-11-09,土,立冬,23,OFF SEASON,1.17,2.0,5.0,2.79,2.52,0.0,3,3.25,2.19,4.46,3.3,27470,35,12900,15
2024-11-10,日,立冬,23,OFF SEASON,1.17,2.0,4.0,2.79,2.52,0.0,3,2.79,2.19,4.46,3.15,34720,40,35120,52
2024-11-11,月,立冬,23,OFF SEASON,1.17,2.0,2.0,2.79,2.95,0.0,3,1.89,2.19,4.46,2.85,24670,25,5500,9
2024-11-12,火,立冬,23,OFF SEASON,1.17,2.0,2.0,2.79,2.95,0.0,3,2.18,2.19,4.46,2.94,10220,13,8000,5
2024-11-13,水,立冬,23,OFF SEASON,1.17,2.0,2.0,2.79,2.95,0.0,3,2.3,2.19,4.46,2.98,0,0,0,0
2024-11-14,木,立冬,23,OFF SEASON,1.17,2.0,3.0,2.79,2.95,0.0,3,2.07,2.19,4.46,2.91,7300,11,20550,27
2024-11-15,金,立冬,23,OFF SEASON,1.17,2.0,4.0,2.79,2.95,0.0,3,2.59,2.19,4.46,3.08,9350,14,17950,27
2024-11-16,土,立冬,23,OFF SEASON,1.17,2.0,5.0,2.79,2.95,0.0,3,3.43,2.19,4.46,3.36,20185,25,25150,33
2024-11-17,日,立冬,23,OFF SEASON,1.17,2.0,4.0,2.79,2.95,0.0,3,2.95,2.19,4.46,3.2,34920,46,19800,20
2024-11-18,月,立冬,23,OFF SEASON,1.17,2.0,2.0,2.79,2.78,0.0,3,1.84,2.19,4.46,2.83,15085,17,14050,24
2024-11-19,火,立冬,23,OFF SEASON,1.17,2.0,2.0,2.79,2.78,0.0,3,2.13,2.19,4.46,2.93,9110,9,5300,6
2024-11-20,水,立冬,23,OFF SEASON,1.17,2.0,2.0,2.79,2.78,0.0,3,2.24,2.19,4.46,2.96,0,0,0,0
2024-11-21,木,立冬,23,OFF SEASON,1.17,2.0,3.0,2.79,2.78,0.0,3,2.02,2.19,4.46,2.89,13925,19,7690,11
2024-11-22,金,小雪,19,LOW SEASON,1.87,2.0,4.0,2.38,2.78,3.5,4,2.68,2.19,4.46,3.11,12216,18,6850,8
2024-11-23,土,小雪,19,LOW SEASON,1.87,2.0,5.0,2.38,2.78,3.5,4,3.55,2.19,4.46,3.4,21840,27,24420,25
2024-11-24,日,小雪,19,LOW SEASON,1.87,2.0,4.0,2.38,2.78,0.0,3,2.73,2.19,4.46,3.13,29880,37,17920,16
2024-11-25,月,小雪,19,LOW SEASON,1.87,2.0,2.0,2.38,2.22,0.0,3,1.61,2.19,4.46,2.75,14740,19,6000,7
2024-11-26,火,小雪,19,LOW SEASON,1.87,2.0,2.0,2.38,2.22,0.0,3,1.86,2.19,4.46,2.84,7840,8,4550,8
2024-11-27,水,小雪,19,LOW SEASON,1.87,2.0,2.0,2.38,2.22,0.0,3,1.96,2.19,4.46,2.87,0,0,0,0
2024-11-28,木,小雪,19,LOW SEASON,1.87,2.0,3.0,2.38,2.22,0.0,3,1.77,2.19,4.46,2.81,11846,16,8550,7
2024-11-29,金,小雪,19,LOW SEASON,1.87,2.0,4.0,2.38,2.22,0.0,3,2.21,2.19,4.46,2.95,10875,16,18150,7
2024-11-30,土,小雪,19,LOW SEASON,1.87,2.0,5.0,2.38,2.22,0.0,3,2.93,2.19,4.46,3.19,22485,27,11320,15
2024-12-01,日,小雪,19,LOW SEASON,1.87,4.0,4.0,2.38,2.22,0.0,3,3.28,1.71,2.36,2.45,0,0,26670,33
2024-12-02,月,小雪,19,LOW SEASON,1.87,4.0,2.0,2.38,2.71,0.0,3,2.22,1.71,2.36,2.1,0,0,2300,6
2024-12-03,火,小雪,19,LOW SEASON,1.87,4.0,2.0,2.38,2.71,0.0,3,2.56,1.71,2.36,2.21,0,0,7390,10
2024-12-04,水,小雪,19,LOW SEASON,1.87,4.0,2.0,2.38,2.71,0.0,3,2.7,1.71,2.36,2.26,0,0,0,0
2024-12-05,木,小雪,19,LOW SEASON,1.87,4.0,3.0,2.38,2.71,0.0,3,2.43,1.71,2.36,2.17,0,0,9750,13
2024-12-06,金,小雪,19,LOW SEASON,1.87,4.0,4.0,2.38,2.71,0.0,3,3.05,1.71,2.36,2.37,0,0,7600,14
2024-12-07,土,大雪,6,HIGH SEASON,4.13,4.0,5.0,2.55,2.71,0.0,3,4.11,1.71,2.36,2.73,0,0,200110,204
2024-12-08,日,大雪,6,HIGH SEASON,4.13,4.0,4.0,2.55,2.71,0.0,3,3.53,1.71,2.36,2.53,26670,33,20100,21
2024-12-09,月,大雪,6,HIGH SEASON,4.13,4.0,2.0,2.55,2.41,0.0,3,2.19,1.71,2.36,2.09,2300,6,25350,35
2024-12-10,火,大雪,6,HIGH SEASON,4.13,4.0,2.0,2.55,2.41,0.0,3,2.52,1.71,2.36,2.2,7390,10,3900,6
2024-12-11,水,大雪,6,HIGH SEASON,4.13,4.0,2.0,2.55,2.41,0.0,3,2.66,1.71,2.36,2.24,0,0,0,0
2024-12-12,木,大雪,6,HIGH SEASON,4.13,4.0,3.0,2.55,2.41,0.0,3,2.4,1.71,2.36,2.16,9750,13,4270,4
2024-12-13,金,大雪,6,HIGH SEASON,4.13,4.0,4.0,2.55,2.41,0.0,3,3.0,1.71,2.36,2.36,7600,14,14170,16
2024-12-14,土,大雪,6,HIGH SEASON,4.13,4.0,5.0,2.55,2.41,0.0,3,3.98,1.71,2.36,2.68,200110,204,9550,12
2024-12-15,日,大雪,6,HIGH SEASON,4.13,4.0,4.0,2.55,2.41,0.0,3,3.42,1.71,2.36,2.5,23385,27,10500,10
2024-12-16,月,大雪,6,HIGH SEASON,4.13,4.0,2.0,2.55,3.33,0.0,3,2.41,1.71,2.36,2.16,13825,20,5100,7
2024-12-17,火,大雪,6,HIGH SEASON,4.13,4.0,2.0,2.55,3.33,0.0,3,2.78,1.71,2.36,2.28,5645,8,5000,7
2024-12-18,水,大雪,6,HIGH SEASON,4.13,4.0,2.0,2.55,3.33,0.0,3,2.93,1.71,2.36,2.33,0,0,0,0
2024-12-19,木,大雪,6,HIGH SEASON,4.13,4.0,3.0,2.55,3.33,0.0,3,2.64,1.71,2.36,2.24,7010,8,3400,5
2024-12-20,金,大雪,6,HIGH SEASON,4.13,4.0,4.0,2.55,3.33,0.0,3,3.31,1.71,2.36,2.46,10885,15,6500,6
2024-12-21,土,冬至,3,TOP SEASON,4.65,4.0,5.0,5.0,3.33,0.0,3,5.0,1.71,2.36,3.02,104830,108,10420,12
2024-12-22,日,冬至,3,TOP SEASON,4.65,4.0,4.0,5.0,3.33,0.0,3,4.7,1.71,2.36,2.92,19090,21,17620,20
2024-12-23,月,冬至,3,TOP SEASON,4.65,4.0,2.0,5.0,5.0,4.0,4,3.29,1.71,2.36,2.45,10916,16,10790,16
2024-12-24,火,冬至,3,TOP SEASON,4.65,4.0,2.0,5.0,5.0,5.0,4,4.01,1.71,2.36,2.69,5430,7,11250,8
2024-12-25,水,冬至,3,TOP SEASON,4.65,4.0,2.0,5.0,5.0,5.0,4,4.23,1.71,2.36,2.77,0,0,0,0
2024-12-26,木,冬至,3,TOP SEASON,4.65,4.0,3.0,5.0,5.0,0.0,3,3.75,1.71,2.36,2.61,5806,7,16390,15
2024-12-27,金,冬至,3,TOP SEASON,4.65,4.0,4.0,5.0,5.0,0.0,3,4.69,1.71,2.36,2.92,9423,12,11570,18
2024-12-28,土,冬至,3,TOP SEASON,4.65,4.0,5.0,5.0,5.0,0.0,3,5.0,1.71,2.36,3.02,73360,76,27420,27
2024-12-29,日,冬至,3,TOP SEASON,4.65,4.0,4.0,5.0,5.0,3.5,4,5.0,1.71,2.36,3.02,18722,21,26340,25
2024-12-30,月,冬至,3,TOP SEASON,4.65,4.0,2.0,5.0,3.7,4.0,4,3.05,1.71,2.36,2.37,10885,16,29620,26
2024-12-31,火,冬至,3,TOP SEASON,4.65,4.0,2.0,5.0,3.7,4.5,4,3.63,1.71,2.36,2.57,6885,7,0,0
2025-01-01,水,冬至,3,TOP SEASON,4.65,2.0,2.0,5.0,3.7,4.5,4,3.38,5.0,3.9,4.09,0,0,0,0
2025-01-02,木,冬至,3,TOP SEASON,4.65,2.0,3.0,5.0,3.7,4.0,4,2.95,5.0,3.9,3.95,0,0,0,0
2025-01-03,金,冬至,3,TOP SEASON,4.65,2.0,4.0,5.0,3.7,4.0,4,3.69,5.0,3.9,4.2,0,0,0,0
2025-01-04,土,冬至,3,TOP SEASON,4.65,2.0,5.0,5.0,3.7,0.0,3,4.75,5.0,3.9,4.55,0,0,22450,16
2025-01-05,日,小寒,22,OFF SEASON,1.35,2.0,4.0,1.69,3.7,0.0,3,2.81,5.0,3.9,3.9,0,0,19920,23
2025-01-06,月,小寒,22,OFF SEASON,1.35,2.0,2.0,1.69,1.49,0.0,3,1.27,5.0,3.9,3.39,0,0,5100,6
2025-01-07,火,小寒,22,OFF SEASON,1.35,2.0,2.0,1.69,1.49,0.0,3,1.46,5.0,3.9,3.45,0,0,8600,6
2025-01-08,水,小寒,22,OFF SEASON,1.35,2.0,2.0,1.69,1.49,0.0,3,1.54,5.0,3.9,3.48,0,0,0,0
2025-01-09,木,小寒,22,OFF SEASON,1.35,2.0,3.0,1.69,1.49,0.0,3,1.39,5.0,3.9,3.43,0,0,9220,8
2025-01-10,金,小寒,22,OFF SEASON,1.35,2.0,4.0,1.69,1.49,0.0,3,1.74,5.0,3.9,3.55,0,0,3250,5
2025-01-11,土,小寒,22,OFF SEASON,1.35,2.0,5.0,1.69,1.49,0.0,3,2.3,5.0,3.9,3.73,22450,16,16900,19
2025-01-12,日,小寒,22,OFF SEASON,1.35,2.0,4.0,1.69,1.49,0.0,3,1.98,5.0,3.9,3.63,19920,23,22850,25
2025-01-13,月,小寒,22,OFF SEASON,1.35,2.0,2.0,1.69,2.24,0.0,3,1.45,5.0,3.9,3.45,5100,6,108180,142
2025-01-14,火,小寒,22,OFF SEASON,1.35,2.0,2.0,1.69,2.24,0.0,3,1.67,5.0,3.9,3.52,8600,6,10800,15
2025-01-15,水,小寒,22,OFF SEASON,1.35,2.0,2.0,1.69,2.24,0.0,3,1.76,5.0,3.9,3.55,0,0,0,0
2025-01-16,木,小寒,22,OFF SEASON,1.35,2.0,3.0,1.69,2.24,0.0,3,1.59,5.0,3.9,3.5,9220,8,9540,11
2025-01-17,金,小寒,22,OFF SEASON,1.35,2.0,4.0,1.69,2.24,0.0,3,1.99,5.0,3.9,3.63,3250,5,16300,15
2025-01-18,土,小寒,22,OFF SEASON,1.35,2.0,5.0,1.69,2.24,0.0,3,2.63,5.0,3.9,3.84,19675,17,102800,141
2025-01-19,日,小寒,22,OFF SEASON,1.35,2.0,4.0,1.69,2.24,0.0,3,2.26,5.0,3.9,3.72,21385,24,110320,135
2025-01-20,月,大寒,21,OFF SEASON,1.52,2.0,2.0,1.73,1.7,0.0,3,1.32,5.0,3.9,3.41,56640,74,11990,18
2025-01-21,火,大寒,21,OFF SEASON,1.52,2.0,2.0,1.73,1.7,0.0,3,1.53,5.0,3.9,3.48,9700,10,8700,10
2025-01-22,水,大寒,21,OFF SEASON,1.52,2.0,2.0,1.73,1.7,0.0,3,1.61,5.0,3.9,3.5,0,0,0,0
2025-01-23,木,大寒,21,OFF SEASON,1.52,2.0,3.0,1.73,1.7,0.0,3,1.45,5.0,3.9,3.45,9380,9,10090,8
2025-01-24,金,大寒,21,OFF SEASON,1.52,2.0,4.0,1.73,1.7,0.0,3,1.82,5.0,3.9,3.57,9775,10,22150,20
2025-01-25,土,大寒,21,OFF SEASON,1.52,2.0,5.0,1.73,1.7,0.0,3,2.41,5.0,3.9,3.77,47383,58,120900,141
2025-01-26,日,大寒,21,OFF SEASON,1.52,2.0,4.0,1.73,1.7,0.0,3,2.07,5.0,3.9,3.66,51030,61,161920,183
2025-01-27,月,大寒,21,OFF SEASON,1.52,2.0,2.0,1.73,1.81,0.0,3,1.35,5.0,3.9,3.42,41756,55,11400,10
2025-01-28,火,大寒,21,OFF SEASON,1.52,2.0,2.0,1.73,1.81,0.0,3,1.56,5.0,3.9,3.49,9366,10,10350,12
2025-01-29,水,大寒,21,OFF SEASON,1.52,2.0,2.0,1.73,1.81,0.0,3,1.65,5.0,3.9,3.52,0,0,0,0
2025-01-30,木,大寒,21,OFF SEASON,1.52,2.0,3.0,1.73,1.81,0.0,3,1.49,5.0,3.9,3.46,9616,9,7700,8
2025-01-31,金,大寒,21,OFF SEASON,1.52,2.0,4.0,1.73,1.81,0.0,3,1.86,5.0,3.9,3.59,13900,13,3670,8
2025-02-01,土,大寒,21,OFF SEASON,1.52,3.0,5.0,1.73,1.81,0.0,3,2.9,4.67,2.91,3.49,0,0,121490,128
2025-02-02,日,大寒,21,OFF SEASON,1.52,3.0,4.0,1.73,1.81,0.0,3,2.49,4.67,2.91,3.36,0,0,16350,19
2025-02-03,月,立春,12,FLOW SEASON,3.09,3.0,2.0,2.57,3.02,0.0,3,2.09,4.67,2.91,3.22,0,0,21200,25
2025-02-04,火,立春,12,FLOW SEASON,3.09,3.0,2.0,2.57,3.02,4.5,4,2.76,4.67,2.91,3.45,0,0,19500,19
2025-02-05,水,立春,12,FLOW SEASON,3.09,3.0,2.0,2.57,3.02,5.0,4,3.03,4.67,2.91,3.54,0,0,0,0
2025-02-06,木,立春,12,FLOW SEASON,3.09,3.0,3.0,2.57,3.02,5.0,4,2.73,4.67,2.91,3.44,0,0,32240,35
2025-02-07,金,立春,12,FLOW SEASON,3.09,3.0,4.0,2.57,3.02,5.0,4,3.42,4.67,2.91,3.67,0,0,24160,31
2025-02-08,土,立春,12,FLOW SEASON,3.09,3.0,5.0,2.57,3.02,5.0,4,4.52,4.67,2.91,4.03,121490,128,49750,44
2025-02-09,日,立春,12,FLOW SEASON,3.09,3.0,4.0,2.57,3.02,5.0,4,3.89,4.67,2.91,3.82,16350,19,177810,125
2025-02-10,月,立春,12,FLOW SEASON,3.09,3.0,2.0,2.57,2.03,5.0,4,2.31,4.67,2.91,3.3,21200,25,33470,30
2025-02-11,火,立春,12,FLOW SEASON,3.09,3.0,2.0,2.57,2.03,4.5,4,2.55,4.67,2.91,3.38,19500,19,25550,26
2025-02-12,水,立春,12,FLOW SEASON,3.09,3.0,2.0,2.57,2.03,0.0,3,2.25,4.67,2.91,3.28,0,0,0,0
2025-02-13,木,立春,12,FLOW SEASON,3.09,3.0,3.0,2.57,2.03,0.0,3,2.03,4.67,2.91,3.2,32240,35,23110,24
2025-02-14,金,立春,12,FLOW SEASON,3.09,3.0,4.0,2.57,2.03,0.0,3,2.54,4.67,2.91,3.37,24160,31,32750,34
2025-02-15,土,立春,12,FLOW SEASON,3.09,3.0,5.0,2.57,2.03,0.0,3,3.36,4.67,2.91,3.65,85620,86,155810,198
2025-02-16,日,立春,12,FLOW SEASON,3.09,3.0,4.0,2.57,2.03,0.0,3,2.89,4.67,2.91,3.49,97080,72,183100,213
2025-02-17,月,立春,12,FLOW SEASON,3.09,3.0,2.0,2.57,1.3,0.0,3,1.68,4.67,2.91,3.09,27335,27,41300,44
2025-02-18,火,雨水,20,LOW SEASON,1.7,3.0,2.0,1.0,1.3,0.0,3,1.49,4.67,2.91,3.02,22525,22,5200,7
2025-02-19,水,雨水,20,LOW SEASON,1.7,3.0,2.0,1.0,1.3,0.0,3,1.58,4.67,2.91,3.05,0,0,0,0
2025-02-20,木,雨水,20,LOW SEASON,1.7,3.0,3.0,1.0,1.3,0.0,3,1.42,4.67,2.91,3.0,27675,29,10320,10
2025-02-21,金,雨水,20,LOW SEASON,1.7,3.0,4.0,1.0,1.3,0.0,3,1.78,4.67,2.91,3.12,28455,32,7300,8
2025-02-22,土,雨水,20,LOW SEASON,1.7,3.0,5.0,1.0,1.3,0.0,3,2.35,4.67,2.91,3.31,109016,123,9350,12
2025-02-23,日,雨水,20,LOW SEASON,1.7,3.0,4.0,1.0,1.3,3.5,4,2.51,4.67,2.91,3.36,125753,119,25800,28
2025-02-24,月,雨水,20,LOW SEASON,1.7,3.0,2.0,1.0,1.0,0.0,3,1.22,4.67,2.91,2.93,31990,33,11450,16
2025-02-25,火,雨水,20,LOW SEASON,1.7,3.0,2.0,1.0,1.0,0.0,3,1.41,4.67,2.91,3.0,16750,17,9700,11
2025-02-26,水,雨水,20,LOW SEASON,1.7,3.0,2.0,1.0,1.0,0.0,3,1.49,4.67,2.91,3.02,0,0,0,0
2025-02-27,木,雨水,20,LOW SEASON,1.7,3.0,3.0,1.0,1.0,0.0,3,1.34,4.67,2.91,2.97,21890,23,4150,6
2025-02-28,金,雨水,20,LOW SEASON,1.7,3.0,4.0,1.0,1.0,0.0,3,1.68,4.67,2.91,3.09,21403,24,6350,9
2025-03-01,土,雨水,20,LOW SEASON,1.7,2.0,5.0,1.0,1.0,0.0,3,1.77,3.08,4.21,3.02,0,0,36300,47
2025-03-02,日,雨水,20,LOW SEASON,1.7,2.0,4.0,1.0,1.0,0.0,3,1.52,3.08,4.21,2.94,0,0,57020,84
2025-03-03,月,雨水,20,LOW SEASON,1.7,2.0,2.0,1.0,1.01,0.0,3,1.0,3.08,4.21,2.76,0,0,15490,23
2025-03-04,火,雨水,20,LOW SEASON,1.7,2.0,2.0,1.0,1.01,0.0,3,1.13,3.08,4.21,2.81,0,0,2050,2
2025-03-05,水,啓蟄,16,LOW SEASON,2.39,2.0,2.0,1.21,1.01,0.0,3,1.25,3.08,4.21,2.85,0,0,0,0
2025-03-06,木,啓蟄,16,LOW SEASON,2.39,2.0,3.0,1.21,1.01,0.0,3,1.13,3.08,4.21,2.81,0,0,6450,5
2025-03-07,金,啓蟄,16,LOW SEASON,2.39,2.0,4.0,1.21,1.01,0.0,3,1.42,3.08,4.21,2.9,0,0,5800,8
2025-03-08,土,啓蟄,16,LOW SEASON,2.39,2.0,5.0,1.21,1.01,0.0,3,1.88,3.08,4.21,3.06,36300,47,20980,27
2025-03-09,日,啓蟄,16,LOW SEASON,2.39,2.0,4.0,1.21,1.01,0.0,3,1.61,3.08,4.21,2.97,57020,84,16050,17
2025-03-10,月,啓蟄,16,LOW SEASON,2.39,2.0,2.0,1.21,1.54,0.0,3,1.16,3.08,4.21,2.82,15490,23,12050,11
2025-03-11,火,啓蟄,16,LOW SEASON,2.39,2.0,2.0,1.21,1.54,0.0,3,1.33,3.08,4.21,2.87,2050,2,14650,21
2025-03-12,水,啓蟄,16,LOW SEASON,2.39,2.0,2.0,1.21,1.54,0.0,3,1.41,3.08,4.21,2.9,0,0,0,0
2025-03-13,木,啓蟄,16,LOW SEASON,2.39,2.0,3.0,1.21,1.54,0.0,3,1.27,3.08,4.21,2.85,6450,5,13400,16
2025-03-14,金,啓蟄,16,LOW SEASON,2.39,2.0,4.0,1.21,1.54,0.0,3,1.59,3.08,4.21,2.96,5800,8,10450,12
2025-03-15,土,啓蟄,16,LOW SEASON,2.39,2.0,5.0,1.21,1.54,0.0,3,2.1,3.08,4.21,3.13,28640,37,88120,100
2025-03-16,日,啓蟄,16,LOW SEASON,2.39,2.0,4.0,1.21,1.54,0.0,3,1.81,3.08,4.21,3.03,36535,50,26220,36
2025-03-17,月,啓蟄,16,LOW SEASON,2.39,2.0,2.0,1.21,2.11,0.0,3,1.3,3.08,4.21,2.86,13770,17,9270,6
2025-03-18,火,啓蟄,16,LOW SEASON,2.39,2.0,2.0,1.21,2.11,0.0,3,1.49,3.08,4.21,2.93,8350,11,10650,9
2025-03-19,水,啓蟄,16,LOW SEASON,2.39,2.0,2.0,1.21,2.11,0.0,3,1.58,3.08,4.21,2.96,0,0,0,0
2025-03-20,木,春分,17,LOW SEASON,2.22,2.0,3.0,1.88,2.11,0.0,3,1.61,3.08,4.21,2.97,9925,10,18000,19
2025-03-21,金,春分,17,LOW SEASON,2.22,2.0,4.0,1.88,2.11,3.0,4,2.26,3.08,4.21,3.18,8125,10,3500,5
2025-03-22,土,春分,17,LOW SEASON,2.22,2.0,5.0,1.88,2.11,0.0,3,2.66,3.08,4.21,3.32,48466,58,11050,11
2025-03-23,日,春分,17,LOW SEASON,2.22,2.0,4.0,1.88,2.11,0.0,3,2.29,3.08,4.21,3.19,33096,45,17350,20
2025-03-24,月,春分,17,LOW SEASON,2.22,2.0,2.0,1.88,2.04,0.0,3,1.44,3.08,4.21,2.91,12270,13,5550,8
2025-03-25,火,春分,17,LOW SEASON,2.22,2.0,2.0,1.88,2.04,0.0,3,1.66,3.08,4.21,2.98,9116,10,10400,13
2025-03-26,水,春分,17,LOW SEASON,2.22,2.0,2.0,1.88,2.04,0.0,3,1.75,3.08,4.21,3.01,0,0,0,0
2025-03-27,木,春分,17,LOW SEASON,2.22,2.0,3.0,1.88,2.04,0.0,3,1.58,3.08,4.21,2.96,12616,13,8400,8
2025-03-28,金,春分,17,LOW SEASON,2.22,2.0,4.0,1.88,2.04,0.0,3,1.98,3.08,4.21,3.09,6583,8,22600,31
2025-03-29,土,春分,17,LOW SEASON,2.22,2.0,5.0,1.88,2.04,0.0,3,2.62,3.08,4.21,3.3,39112,46,14350,18
2025-03-30,日,春分,17,LOW SEASON,2.22,2.0,4.0,1.88,2.04,0.0,3,2.25,3.08,4.21,3.18,29160,39,23550,19
2025-03-31,月,春分,17,LOW SEASON,2.22,2.0,2.0,1.88,1.62,0.0,3,1.34,3.08,4.21,2.88,10590,12,22650,21
2025-04-01,火,春分,17,LOW SEASON,2.22,1.0,2.0,1.88,1.62,0.0,3,1.27,5.0,5.0,3.76,0,0,9600,10
2025-04-02,水,春分,17,LOW SEASON,2.22,1.0,2.0,1.88,1.62,0.0,3,1.33,5.0,5.0,3.78,0,0,0,0
2025-04-03,木,春分,17,LOW SEASON,2.22,1.0,3.0,1.88,1.62,0.0,3,1.2,5.0,5.0,3.73,0,0,8350,9
2025-04-04,金,清明,24,OFF SEASON,1.0,1.0,4.0,1.38,1.62,0.0,3,1.34,5.0,5.0,3.78,0,0,13500,16
2025-04-05,土,清明,24,OFF SEASON,1.0,1.0,5.0,1.38,1.62,0.0,3,1.77,5.0,5.0,3.92,0,0,25920,33
2025-04-06,日,清明,24,OFF SEASON,1.0,1.0,4.0,1.38,1.62,0.0,3,1.52,5.0,5.0,3.84,0,0,30550,30
2025-04-07,月,清明,24,OFF SEASON,1.0,1.0,2.0,1.38,1.21,0.0,3,1.0,5.0,5.0,3.67,0,0,15250,17
2025-04-08,火,清明,24,OFF SEASON,1.0,1.0,2.0,1.38,1.21,0.0,3,1.01,5.0,5.0,3.67,9600,10,7000,9
2025-04-09,水,清明,24,OFF SEASON,1.0,1.0,2.0,1.38,1.21,0.0,3,1.07,5.0,5.0,3.69,0,0,0,0
2025-04-10,木,清明,24,OFF SEASON,1.0,1.0,3.0,1.38,1.21,0.0,3,1.0,5.0,5.0,3.67,8350,9,6650,10
2025-04-11,金,清明,24,OFF SEASON,1.0,1.0,4.0,1.38,1.21,0.0,3,1.21,5.0,5.0,3.74,13500,16,6850,8
2025-04-12,土,清明,24,OFF SEASON,1.0,1.0,5.0,1.38,1.21,0.0,3,1.6,5.0,5.0,3.87,25920,33,39620,42
2025-04-13,日,清明,24,OFF SEASON,1.0,1.0,4.0,1.38,1.21,0.0,3,1.37,5.0,5.0,3.79,30550,30,37000,45
2025-04-14,月,清明,24,OFF SEASON,1.0,1.0,2.0,1.38,1.74,0.0,3,1.0,5.0,5.0,3.67,15250,17,15450,18
2025-04-15,火,清明,24,OFF SEASON,1.0,1.0,2.0,1.38,1.74,0.0,3,1.16,5.0,5.0,3.72,8300,9,24100,31
2025-04-16,水,清明,24,OFF SEASON,1.0,1.0,2.0,1.38,1.74,0.0,3,1.22,5.0,5.0,3.74,0,0,6350,8
2025-04-17,木,清明,24,OFF SEASON,1.0,1.0,3.0,1.38,1.74,0.0,3,1.1,5.0,5.0,3.7,7500,9,13650,21
2025-04-18,金,清明,24,OFF SEASON,1.0,1.0,4.0,1.38,1.74,0.0,3,1.38,5.0,5.0,3.79,10175,12,32550,36
2025-04-19,土,清明,24,OFF SEASON,1.0,1.0,5.0,1.38,1.74,0.0,3,1.82,5.0,5.0,3.94,32770,37,44620,53
2025-04-20,日,穀雨,18,LOW SEASON,2.04,1.0,4.0,2.34,1.74,0.0,3,1.93,5.0,5.0,3.98,33775,37,36270,40
2025-04-21,月,穀雨,18,LOW SEASON,2.04,1.0,2.0,2.34,1.94,0.0,3,1.29,5.0,5.0,3.76,15350,17,42900,61
2025-04-22,火,穀雨,18,LOW SEASON,2.04,1.0,2.0,2.34,1.94,0.0,3,1.49,5.0,5.0,3.83,13566,16,17750,23
2025-04-23,水,穀雨,18,LOW SEASON,2.04,1.0,2.0,2.34,1.94,0.0,3,1.57,5.0,5.0,3.86,6350,8,16850,25
2025-04-24,木,穀雨,18,LOW SEASON,2.04,1.0,3.0,2.34,1.94,0.0,3,1.41,5.0,5.0,3.8,9550,13,9840,11
2025-04-25,金,穀雨,18,LOW SEASON,2.04,1.0,4.0,2.34,1.94,0.0,3,1.77,5.0,5.0,3.92,17633,20,6300,13
2025-04-26,土,穀雨,18,LOW SEASON,2.04,1.0,5.0,2.34,1.94,0.0,3,2.34,5.0,5.0,4.11,36720,42,12520,16
2025-04-27,日,穀雨,18,LOW SEASON,2.04,1.0,4.0,2.34,1.94,0.0,3,2.01,5.0,5.0,4.0,34606,38,27650,32
2025-04-28,月,穀雨,18,LOW SEASON,2.04,1.0,2.0,2.34,2.64,0.0,3,1.46,5.0,5.0,3.82,24533,32,15850,23
2025-04-29,火,穀雨,18,LOW SEASON,2.04,1.0,2.0,2.34,2.64,4.0,4,2.11,5.0,5.0,4.04,14612,18,8050,9
2025-04-30,水,穀雨,18,LOW SEASON,2.04,1.0,2.0,2.34,2.64,4.5,4,2.33,5.0,5.0,4.11,11600,16,0,0
2025-05-01,木,穀雨,18,LOW SEASON,2.04,3.0,3.0,2.34,2.64,4.5,4,2.51,4.45,4.02,3.66,0,0,24000,25
2025-05-02,金,穀雨,18,LOW SEASON,2.04,3.0,4.0,2.34,2.64,4.5,4,3.14,4.45,4.02,3.87,0,0,32100,31
2025-05-03,土,穀雨,18,LOW SEASON,2.04,3.0,5.0,2.34,2.64,5.0,4,4.32,4.45,4.02,4.26,0,0,35450,31
2025-05-04,日,穀雨,18,LOW SEASON,2.04,3.0,4.0,2.34,2.64,5.0,4,3.71,4.45,4.02,4.06,0,0,37250,36
2025-05-05,月,立夏,13,FLOW SEASON,2.91,3.0,2.0,2.27,2.0,5.0,4,2.25,4.45,4.02,3.57,0,0,66950,64
2025-05-06,火,立夏,13,FLOW SEASON,2.91,3.0,2.0,2.27,2.0,4.5,4,2.48,4.45,4.02,3.65,0,0,44950,47
2025-05-07,水,立夏,13,FLOW SEASON,2.91,3.0,2.0,2.27,2.0,0.0,3,2.15,4.45,4.02,3.54,0,0,0,0
2025-05-08,木,立夏,13,FLOW SEASON,2.91,3.0,3.0,2.27,2.0,0.0,3,1.94,4.45,4.02,3.47,24000,25,10600,10
2025-05-09,金,立夏,13,FLOW SEASON,2.91,3.0,4.0,2.27,2.0,0.0,3,2.43,4.45,4.02,3.63,32100,31,6550,9
2025-05-10,土,立夏,13,FLOW SEASON,2.91,3.0,5.0,2.27,2.0,0.0,3,3.22,4.45,4.02,3.9,35450,31,10350,14
2025-05-11,日,立夏,13,FLOW SEASON,2.91,3.0,4.0,2.27,2.0,0.0,3,2.77,4.45,4.02,3.75,37250,36,22900,20
2025-05-12,月,立夏,13,FLOW SEASON,2.91,3.0,2.0,2.27,2.73,0.0,3,1.95,4.45,4.02,3.47,66950,64,47270,47
2025-05-13,火,立夏,13,FLOW SEASON,2.91,3.0,2.0,2.27,2.73,0.0,3,2.25,4.45,4.02,3.57,44950,47,9150,9
2025-05-14,水,立夏,13,FLOW SEASON,2.91,3.0,2.0,2.27,2.73,0.0,3,2.38,4.45,4.02,3.62,0,0,0,0
2025-05-15,木,立夏,13,FLOW SEASON,2.91,3.0,3.0,2.27,2.73,0.0,3,2.14,4.45,4.02,3.54,17300,17,7650,12
2025-05-16,金,立夏,13,FLOW SEASON,2.91,3.0,4.0,2.27,2.73,0.0,3,2.68,4.45,4.02,3.72,19325,20,31200,35
2025-05-17,土,立夏,13,FLOW SEASON,2.91,3.0,5.0,2.27,2.73,0.0,3,3.55,4.45,4.02,4.01,22900,22,307820,359
2025-05-18,日,立夏,13,FLOW SEASON,2.91,3.0,4.0,2.27,2.73,0.0,3,3.05,4.45,4.02,3.84,30075,28,35870,33
2025-05-19,月,立夏,13,FLOW SEASON,2.91,3.0,2.0,2.27,3.25,0.0,3,2.08,4.45,4.02,3.52,57110,55,18050,19
2025-05-20,火,立夏,13,FLOW SEASON,2.91,3.0,2.0,2.27,3.25,0.0,3,2.4,4.45,4.02,3.62,27050,28,13100,21
2025-05-21,水,小満,14,FLOW SEASON,2.74,3.0,2.0,2.56,3.25,0.0,3,2.62,4.45,4.02,3.7,0,0,0,0
2025-05-22,木,小満,14,FLOW SEASON,2.74,3.0,3.0,2.56,3.25,0.0,3,2.36,4.45,4.02,3.61,14083,15,26670,31
2025-05-23,金,小満,14,FLOW SEASON,2.74,3.0,4.0,2.56,3.25,0.0,3,2.95,4.45,4.02,3.81,23283,25,14150,16
2025-05-24,土,小満,14,FLOW SEASON,2.74,3.0,5.0,2.56,3.25,0.0,3,3.91,4.45,4.02,4.13,117873,134,47300,53
2025-05-25,日,小満,14,FLOW SEASON,2.74,3.0,4.0,2.56,3.25,0.0,3,3.36,4.45,4.02,3.94,32006,29,50350,60
2025-05-26,月,小満,14,FLOW SEASON,2.74,3.0,2.0,2.56,2.2,0.0,3,1.9,4.45,4.02,3.46,44090,43,18620,20
2025-05-27,火,小満,14,FLOW SEASON,2.74,3.0,2.0,2.56,2.2,0.0,3,2.19,4.45,4.02,3.55,22400,25,19650,26
2025-05-28,水,小満,14,FLOW SEASON,2.74,3.0,2.0,2.56,2.2,0.0,3,2.31,4.45,4.02,3.59,0,0,0,0
2025-05-29,木,小満,14,FLOW SEASON,2.74,3.0,3.0,2.56,2.2,0.0,3,2.08,4.45,4.02,3.52,17230,19,19360,25
2025-05-30,金,小満,14,FLOW SEASON,2.74,3.0,4.0,2.56,2.2,0.0,3,2.6,4.45,4.02,3.69,21000,22,14050,19
2025-05-31,土,小満,14,FLOW SEASON,2.74,3.0,5.0,2.56,2.2,0.0,3,3.44,4.45,4.02,3.97,100230,114,35560,33
2025-06-01,日,小満,14,FLOW SEASON,2.74,3.0,4.0,2.56,2.2,0.0,3,2.96,3.68,4.13,3.59,0,0,43690,45
2025-06-02,月,小満,14,FLOW SEASON,2.74,3.0,2.0,2.56,3.45,0.0,3,2.2,3.68,4.13,3.34,0,0,31850,39
2025-06-03,火,小満,14,FLOW SEASON,2.74,3.0,2.0,2.56,3.45,0.0,3,2.53,3.68,4.13,3.45,0,0,36420,34
2025-06-04,水,小満,14,FLOW SEASON,2.74,3.0,2.0,2.56,3.45,0.0,3,2.67,3.68,4.13,3.49,0,0,0,0
2025-06-05,木,芒種,10,HIGH SEASON,3.43,3.0,3.0,3.54,3.45,0.0,3,2.67,3.68,4.13,3.49,0,0,25770,27
2025-06-06,金,芒種,10,HIGH SEASON,3.43,3.0,4.0,3.54,3.45,0.0,3,3.35,3.68,4.13,3.72,0,0,29620,35
2025-06-07,土,芒種,10,HIGH SEASON,3.43,3.0,5.0,3.54,3.45,0.0,3,4.43,3.68,4.13,4.08,0,0,0,0
2025-06-08,日,芒種,10,HIGH SEASON,3.43,3.0,4.0,3.54,3.45,0.0,3,3.81,3.68,4.13,3.87,43690,45,132220,28
2025-06-09,月,芒種,10,HIGH SEASON,3.43,3.0,2.0,3.54,3.82,0.0,3,2.53,3.68,4.13,3.45,31850,39,15700,21
2025-06-10,火,芒種,10,HIGH SEASON,3.43,3.0,2.0,3.54,3.82,0.0,3,2.91,3.68,4.13,3.57,36420,34,19200,24
2025-06-11,水,芒種,10,HIGH SEASON,3.43,3.0,2.0,3.54,3.82,0.0,3,3.07,3.68,4.13,3.63,0,0,0,0
2025-06-12,木,芒種,10,HIGH SEASON,3.43,3.0,3.0,3.54,3.82,0.0,3,2.77,3.68,4.13,3.53,25770,27,9800,13
2025-06-13,金,芒種,10,HIGH SEASON,3.43,3.0,4.0,3.54,3.82,0.0,3,3.47,3.68,4.13,3.76,29620,35,36700,37
2025-06-14,土,芒種,10,HIGH SEASON,3.43,3.0,5.0,3.54,3.82,4.0,4,4.77,3.68,4.13,4.19,0,0,57250,54
2025-06-15,日,芒種,10,HIGH SEASON,3.43,3.0,4.0,3.54,3.82,4.5,4,4.24,3.68,4.13,4.02,87955,36,45050,48
2025-06-16,月,芒種,10,HIGH SEASON,3.43,3.0,2.0,3.54,3.82,4.5,4,2.72,3.68,4.13,3.51,23775,30,21900,27
2025-06-17,火,芒種,10,HIGH SEASON,3.43,3.0,2.0,3.54,3.82,0.0,3,2.91,3.68,4.13,3.57,27810,29,35800,44
2025-06-18,水,芒種,10,HIGH SEASON,3.43,3.0,2.0,3.54,3.82,0.0,3,3.07,3.68,4.13,3.63,0,0,0,0
2025-06-19,木,芒種,10,HIGH SEASON,3.43,3.0,3.0,3.54,3.82,0.0,3,2.77,3.68,4.13,3.53,17785,20,35570,36
2025-06-20,金,芒種,10,HIGH SEASON,3.43,3.0,4.0,3.54,3.82,0.0,3,3.47,3.68,4.13,3.76,33160,36,13520,16
2025-06-21,土,夏至,7,HIGH SEASON,3.96,3.0,5.0,3.92,3.82,0.0,3,4.76,3.68,4.13,4.19,57250,54,54050,51
2025-06-22,日,夏至,7,HIGH SEASON,3.96,3.0,4.0,3.92,3.82,0.0,3,4.09,3.68,4.13,3.97,73653,40,31890,47
2025-06-23,月,夏至,7,HIGH SEASON,3.96,3.0,2.0,3.92,3.72,0.0,3,2.6,3.68,4.13,3.47,23150,29,27020,33
2025-06-24,火,夏至,7,HIGH SEASON,3.96,3.0,2.0,3.92,3.72,0.0,3,3.0,3.68,4.13,3.6,30473,34,18310,18
2025-06-25,水,夏至,7,HIGH SEASON,3.96,3.0,2.0,3.92,3.72,0.0,3,3.16,3.68,4.13,3.66,0,0,0,0
2025-06-26,木,夏至,7,HIGH SEASON,3.96,3.0,3.0,3.92,3.72,0.0,3,2.85,3.68,4.13,3.55,23713,25,18770,25
2025-06-27,金,夏至,7,HIGH SEASON,3.96,3.0,4.0,3.92,3.72,0.0,3,3.57,3.68,4.13,3.79,26613,29,16470,20
2025-06-28,土,夏至,7,HIGH SEASON,3.96,3.0,5.0,3.92,3.72,0.0,3,4.72,3.68,4.13,4.18,55650,52,31770,32
2025-06-29,日,夏至,7,HIGH SEASON,3.96,3.0,4.0,3.92,3.72,0.0,3,4.06,3.68,4.13,3.96,63212,42,49400,58
2025-06-30,月,夏至,7,HIGH SEASON,3.96,3.0,2.0,3.92,3.61,0.0,3,2.57,3.68,4.13,3.46,24117,30,25590,28
2025-07-01,火,夏至,7,HIGH SEASON,3.96,4.0,2.0,3.92,3.61,0.0,3,3.24,2.24,2.86,2.78,0,0,11450,11
2025-07-02,水,夏至,7,HIGH SEASON,3.96,4.0,2.0,3.92,3.61,0.0,3,3.42,2.24,2.86,2.84,0,0,0,0
2025-07-03,木,夏至,7,HIGH SEASON,3.96,4.0,3.0,3.92,3.61,0.0,3,3.08,2.24,2.86,2.73,0,0,20300,20
2025-07-04,金,夏至,7,HIGH SEASON,3.96,4.0,4.0,3.92,3.61,0.0,3,3.86,2.24,2.86,2.99,0,0,16750,23
2025-07-05,土,夏至,7,HIGH SEASON,3.96,4.0,5.0,3.92,3.61,0.0,3,5.0,2.24,2.86,3.37,0,0,28200,29
2025-07-06,日,夏至,7,HIGH SEASON,3.96,4.0,4.0,3.92,3.61,0.0,3,4.39,2.24,2.86,3.16,0,0,51020,56
2025-07-07,月,小暑,4,TOP SEASON,4.48,4.0,2.0,3.46,3.59,0.0,3,2.69,2.24,2.86,2.6,0,0,23970,29
2025-07-08,火,小暑,4,TOP SEASON,4.48,4.0,2.0,3.46,3.59,0.0,3,3.11,2.24,2.86,2.74,11450,11,16000,20
2025-07-09,水,小暑,4,TOP SEASON,4.48,4.0,2.0,3.46,3.59,0.0,3,3.28,2.24,2.86,2.79,0,0,0,0
2025-07-10,木,小暑,4,TOP SEASON,4.48,4.0,3.0,3.46,3.59,0.0,3,2.96,2.24,2.86,2.69,20300,20,18150,25
2025-07-11,金,小暑,4,TOP SEASON,4.48,4.0,4.0,3.46,3.59,0.0,3,3.7,2.24,2.86,2.93,16750,23,25190,25
2025-07-12,土,小暑,4,TOP SEASON,4.48,4.0,5.0,3.46,3.59,0.0,3,4.89,2.24,2.86,3.33,28200,29,49360,57
2025-07-13,日,小暑,4,TOP SEASON,4.48,4.0,4.0,3.46,3.59,0.0,3,4.21,2.24,2.86,3.1,51020,56,44040,44
2025-07-14,月,小暑,4,TOP SEASON,4.48,4.0,2.0,3.46,3.56,0.0,3,2.69,2.24,2.86,2.6,23970,29,42850,44
2025-07-15,火,小暑,4,TOP SEASON,4.48,4.0,2.0,3.46,3.56,0.0,3,3.1,2.24,2.86,2.73,13725,15,13800,20
2025-07-16,水,小暑,4,TOP SEASON,4.48,4.0,2.0,3.46,3.56,0.0,3,3.27,2.24,2.86,2.79,0,0,0,0
2025-07-17,木,小暑,4,TOP SEASON,4.48,4.0,3.0,3.46,3.56,0.0,3,2.95,2.24,2.86,2.68,19225,22,23270,34
2025-07-18,金,小暑,4,TOP SEASON,4.48,4.0,4.0,3.46,3.56,0.0,3,3.69,2.24,2.86,2.93,20970,24,22350,24
2025-07-19,土,小暑,4,TOP SEASON,4.48,4.0,5.0,3.46,3.56,0.0,3,4.88,2.24,2.86,3.33,38780,43,47820,66
2025-07-20,日,小暑,4,TOP SEASON,4.48,4.0,4.0,3.46,3.56,3.5,4,4.15,2.24,2.86,3.08,47530,50,41770,44
2025-07-21,月,小暑,4,TOP SEASON,4.48,4.0,2.0,3.46,2.86,0.0,3,2.52,2.24,2.86,2.54,33410,36,34910,40
2025-07-22,火,大暑,9,HIGH SEASON,3.61,4.0,2.0,2.57,2.86,0.0,3,2.65,2.24,2.86,2.58,13750,17,61620,58
2025-07-23,水,大暑,9,HIGH SEASON,3.61,4.0,2.0,2.57,2.86,0.0,3,2.79,2.24,2.86,2.63,0,0,0,0
2025-07-24,木,大暑,9,HIGH SEASON,3.61,4.0,3.0,2.57,2.86,0.0,3,2.52,2.24,2.86,2.54,20573,26,19320,21
2025-07-25,金,大暑,9,HIGH SEASON,3.61,4.0,4.0,2.57,2.86,0.0,3,3.16,2.24,2.86,2.75,21430,24,19400,20
2025-07-26,土,大暑,9,HIGH SEASON,3.61,4.0,5.0,2.57,2.86,0.0,3,4.18,2.24,2.86,3.09,41793,50,34670,36
2025-07-27,日,大暑,9,HIGH SEASON,3.61,4.0,4.0,2.57,2.86,0.0,3,3.59,2.24,2.86,2.9,45610,48,42000,41
2025-07-28,月,大暑,9,HIGH SEASON,3.61,4.0,2.0,2.57,2.76,0.0,3,2.28,2.24,2.86,2.46,33910,37,20800,24
2025-07-29,火,大暑,9,HIGH SEASON,3.61,4.0,2.0,2.57,2.76,0.0,3,2.62,2.24,2.86,2.57,25717,27,28320,25
2025-07-30,水,大暑,9,HIGH SEASON,3.61,4.0,2.0,2.57,2.76,0.0,3,2.77,2.24,2.86,2.62,0,0,0,0
2025-07-31,木,大暑,9,HIGH SEASON,3.61,4.0,3.0,2.57,2.76,0.0,3,2.5,2.24,2.86,2.53,20260,25,39400,40
2025-08-01,金,大暑,9,HIGH SEASON,3.61,5.0,4.0,2.57,2.76,0.0,3,3.46,2.81,2.47,2.91,0,0,26850,26
2025-08-02,土,大暑,9,HIGH SEASON,3.61,5.0,5.0,2.57,2.76,0.0,3,4.58,2.81,2.47,3.29,0,0,189950,232
2025-08-03,日,大暑,9,HIGH SEASON,3.61,5.0,4.0,2.57,2.76,0.0,3,3.93,2.81,2.47,3.07,0,0,178320,225
2025-08-04,月,大暑,9,HIGH SEASON,3.61,5.0,2.0,2.57,3.12,0.0,3,2.61,2.81,2.47,2.63,0,0,31810,36
2025-08-05,火,大暑,9,HIGH SEASON,3.61,5.0,2.0,2.57,3.12,0.0,3,3.0,2.81,2.47,2.76,0,0,28230,28
2025-08-06,水,大暑,9,HIGH SEASON,3.61,5.0,2.0,2.57,3.12,0.0,3,3.17,2.81,2.47,2.82,0,0,0,0
2025-08-07,木,立秋,2,TOP SEASON,4.83,5.0,3.0,3.81,3.12,0.0,3,3.2,2.81,2.47,2.83,0,0,28150,18
2025-08-08,金,立秋,2,TOP SEASON,4.83,5.0,4.0,3.81,3.12,0.0,3,4.0,2.81,2.47,3.09,26850,26,27100,24
2025-08-09,土,立秋,2,TOP SEASON,4.83,5.0,5.0,3.81,3.12,0.0,3,5.0,2.81,2.47,3.43,189950,232,39850,35
2025-08-10,日,立秋,2,TOP SEASON,4.83,5.0,4.0,3.81,3.12,0.0,3,4.55,2.81,2.47,3.28,178320,225,39620,33
2025-08-11,月,立秋,2,TOP SEASON,4.83,5.0,2.0,3.81,4.22,4.0,4,3.12,2.81,2.47,2.8,31810,36,58270,47
2025-08-12,火,立秋,2,TOP SEASON,4.83,5.0,2.0,3.81,4.22,4.5,4,3.7,2.81,2.47,2.99,28230,28,50520,41
2025-08-13,水,立秋,2,TOP SEASON,4.83,5.0,2.0,3.81,4.22,5.0,4,4.01,2.81,2.47,3.1,0,0,0,0
2025-08-14,木,立秋,2,TOP SEASON,4.83,5.0,3.0,3.81,4.22,5.0,4,3.62,2.81,2.47,2.97,28150,18,40870,37
2025-08-15,金,立秋,2,TOP SEASON,4.83,5.0,4.0,3.81,4.22,5.0,4,4.53,2.81,2.47,3.27,26975,25,39250,39
2025-08-16,土,立秋,2,TOP SEASON,4.83,5.0,5.0,3.81,4.22,4.0,4,5.0,2.81,2.47,3.43,114900,133,31850,35
2025-08-17,日,立秋,2,TOP SEASON,4.83,5.0,4.0,3.81,4.22,0.0,3,4.96,2.81,2.47,3.41,108970,129,27050,25
2025-08-18,月,立秋,2,TOP SEASON,4.83,5.0,2.0,3.81,3.81,0.0,3,3.08,2.81,2.47,2.79,45040,41,31140,33
2025-08-19,火,立秋,2,TOP SEASON,4.83,5.0,2.0,3.81,3.81,0.0,3,3.55,2.81,2.47,2.94,39375,34,23150,20
2025-08-20,水,立秋,2,TOP SEASON,4.83,5.0,2.0,3.81,3.81,0.0,3,3.75,2.81,2.47,3.01,0,0,0,0
2025-08-21,木,立秋,2,TOP SEASON,4.83,5.0,3.0,3.81,3.81,0.0,3,3.38,2.81,2.47,2.89,34510,27,41200,39
2025-08-22,金,立秋,2,TOP SEASON,4.83,5.0,4.0,3.81,3.81,0.0,3,4.23,2.81,2.47,3.17,31066,29,20300,18
2025-08-23,土,処暑,5,TOP SEASON,4.3,5.0,5.0,2.99,3.81,0.0,3,5.0,2.81,2.47,3.43,87216,100,43260,40
2025-08-24,日,処暑,5,TOP SEASON,4.3,5.0,4.0,2.99,3.81,0.0,3,4.49,2.81,2.47,3.26,81663,94,23300,30
2025-08-25,月,処暑,5,TOP SEASON,4.3,5.0,2.0,2.99,2.82,0.0,3,2.64,2.81,2.47,2.64,40406,38,23950,22
2025-08-26,火,処暑,5,TOP SEASON,4.3,5.0,2.0,2.99,2.82,0.0,3,3.04,2.81,2.47,2.77,33966,29,13300,14
2025-08-27,水,処暑,5,TOP SEASON,4.3,5.0,2.0,2.99,2.82,0.0,3,3.2,2.81,2.47,2.83,0,0,0,0
2025-08-28,木,処暑,5,TOP SEASON,4.3,5.0,3.0,2.99,2.82,0.0,3,2.89,2.81,2.47,2.72,36740,31,29740,27
2025-08-29,金,処暑,5,TOP SEASON,4.3,5.0,4.0,2.99,2.82,0.0,3,3.62,2.81,2.47,2.97,28375,26,18270,19
2025-08-30,土,処暑,5,TOP SEASON,4.3,5.0,5.0,2.99,2.82,0.0,3,4.79,2.81,2.47,3.36,76227,85,32900,29
2025-08-31,日,処暑,5,TOP SEASON,4.3,5.0,4.0,2.99,2.82,0.0,3,4.11,2.81,2.47,3.13,67072,78,34440,45
2025-09-01,月,処暑,5,TOP SEASON,4.3,5.0,2.0,2.99,3.22,0.0,3,2.74,1.75,3.66,2.72,25770,30,13250,15
2025-09-02,火,処暑,5,TOP SEASON,4.3,5.0,2.0,2.99,3.22,0.0,3,3.16,1.75,3.66,2.86,18045,23,8350,7
2025-09-03,水,処暑,5,TOP SEASON,4.3,5.0,2.0,2.99,3.22,0.0,3,3.33,1.75,3.66,2.91,0,0,0,0
2025-09-04,木,処暑,5,TOP SEASON,4.3,5.0,3.0,2.99,3.22,0.0,3,3.0,1.75,3.66,2.8,21860,29,18950,17
2025-09-05,金,処暑,5,TOP SEASON,4.3,5.0,4.0,2.99,3.22,0.0,3,3.76,1.75,3.66,3.06,19490,23,11510,15
2025-09-06,土,処暑,5,TOP SEASON,4.3,5.0,5.0,2.99,3.22,4.5,4,5.0,1.75,3.66,3.47,32052,33,30300,33
2025-09-07,日,白露,1,TOP SEASON,5.0,5.0,4.0,3.81,3.22,5.0,4,4.87,1.75,3.66,3.43,32800,37,28820,30
2025-09-08,月,白露,1,TOP SEASON,5.0,5.0,2.0,3.81,4.06,0.0,3,3.14,1.75,3.66,2.85,23683,27,23000,27
2025-09-09,火,白露,1,TOP SEASON,5.0,5.0,2.0,3.81,4.06,0.0,3,3.62,1.75,3.66,3.01,16106,19,15690,30
2025-09-10,水,白露,1,TOP SEASON,5.0,5.0,2.0,3.81,4.06,0.0,3,3.82,1.75,3.66,3.08,0,0,0,0
2025-09-11,木,白露,1,TOP SEASON,5.0,5.0,3.0,3.81,4.06,0.0,3,3.44,1.75,3.66,2.95,21278,26,30500,40
2025-09-12,金,白露,1,TOP SEASON,5.0,5.0,4.0,3.81,4.06,0.0,3,4.31,1.75,3.66,3.24,17894,22,27220,31
2025-09-13,土,白露,1,TOP SEASON,5.0,5.0,5.0,3.81,4.06,0.0,3,5.0,1.75,3.66,3.47,31702,33,30550,32
2025-09-14,日,白露,1,TOP SEASON,5.0,5.0,4.0,3.81,4.06,0.0,3,4.9,1.75,3.66,3.44,32136,36,49250,44
2025-09-15,月,白露,1,TOP SEASON,5.0,5.0,2.0,3.81,3.7,3.5,4,2.93,1.75,3.66,2.78,23585,27,29000,30
2025-09-16,火,白露,1,TOP SEASON,5.0,5.0,2.0,3.81,3.7,0.0,3,3.52,1.75,3.66,2.98,16036,21,17390,21
2025-09-17,水,白露,1,TOP SEASON,5.0,5.0,2.0,3.81,3.7,0.0,3,3.71,1.75,3.66,3.04,0,0,0,0
2025-09-18,木,白露,1,TOP SEASON,5.0,5.0,3.0,3.81,3.7,0.0,3,3.35,1.75,3.66,2.92,22815,29,14600,17
2025-09-19,金,白露,1,TOP SEASON,5.0,5.0,4.0,3.81,3.7,0.0,3,4.19,1.75,3.66,3.2,19448,23,34300,46
2025-09-20,土,白露,1,TOP SEASON,5.0,5.0,5.0,3.81,3.7,0.0,3,5.0,1.75,3.66,3.47,31510,32,37050,37
2025-09-21,日,白露,1,TOP SEASON,5.0,5.0,4.0,3.81,3.7,0.0,3,4.77,1.75,3.66,3.39,34581,37,48500,39
2025-09-22,月,白露,1,TOP SEASON,5.0,5.0,2.0,3.81,4.16,0.0,3,3.16,1.75,3.66,2.86,24262,28,30150,37
2025-09-23,火,秋分,8,HIGH SEASON,3.78,5.0,2.0,3.59,4.16,3.5,4,3.43,1.75,3.66,2.95,16230,21,56570,56
2025-09-24,水,秋分,8,HIGH SEASON,3.78,5.0,2.0,3.59,4.16,0.0,3,3.78,1.75,3.66,3.06,0,0,0,0
2025-09-25,木,秋分,8,HIGH SEASON,3.78,5.0,3.0,3.59,4.16,0.0,3,3.41,1.75,3.66,2.94,21641,27,21150,18
2025-09-26,金,秋分,8,HIGH SEASON,3.78,5.0,4.0,3.59,4.16,0.0,3,4.27,1.75,3.66,3.23,21570,26,18500,27
2025-09-27,土,秋分,8,HIGH SEASON,3.78,5.0,5.0,3.59,4.16,0.0,3,5.0,1.75,3.66,3.47,32301,33,41670,53
2025-09-28,日,秋分,8,HIGH SEASON,3.78,5.0,4.0,3.59,4.16,4.5,4,4.93,1.75,3.66,3.45,36321,37,57490,64
2025-09-29,月,秋分,8,HIGH SEASON,3.78,5.0,2.0,3.59,3.55,0.0,3,2.96,1.75,3.66,2.79,24916,29,17500,17
2025-09-30,火,秋分,8,HIGH SEASON,3.78,5.0,2.0,3.59,3.55,0.0,3,3.42,1.75,3.66,2.94,21272,25,15750,19
2025-10-01,水,秋分,8,HIGH SEASON,3.78,5.0,2.0,3.59,3.55,0.0,3,3.6,2.06,3.32,2.99,0,0,0,0
2025-10-02,木,秋分,8,HIGH SEASON,3.78,5.0,3.0,3.59,3.55,0.0,3,3.25,2.06,3.32,2.88,17340,23,22000,29
2025-10-03,金,秋分,8,HIGH SEASON,3.78,5.0,4.0,3.59,3.55,0.0,3,4.07,2.06,3.32,3.15,22272,34,35300,43
2025-10-04,土,秋分,8,HIGH SEASON,3.78,5.0,5.0,3.59,3.55,0.0,3,5.0,2.06,3.32,3.46,62957,62,50440,59
2025-10-05,日,秋分,8,HIGH SEASON,3.78,5.0,4.0,3.59,3.55,0.0,3,4.63,2.06,3.32,3.34,89307,93,29150,31
2025-10-06,月,秋分,8,HIGH SEASON,3.78,5.0,2.0,3.59,3.81,0.0,3,3.02,2.06,3.32,2.8,52927,69,42790,42
2025-10-07,火,秋分,8,HIGH SEASON,3.78,5.0,2.0,3.59,3.81,0.0,3,3.49,2.06,3.32,2.96,17974,24,18750,18
2025-10-08,水,寒露,11,FLOW SEASON,3.26,5.0,2.0,3.64,3.81,0.0,3,3.69,2.06,3.32,3.02,0,0,0,0
2025-10-09,木,寒露,11,FLOW SEASON,3.26,5.0,3.0,3.64,3.81,0.0,3,3.33,2.06,3.32,2.9,18116,24,15150,17
2025-10-10,金,寒露,11,FLOW SEASON,3.26,5.0,4.0,3.64,3.81,0.0,3,4.17,2.06,3.32,3.18,24878,36,17950,15
2025-10-11,土,寒露,11,FLOW SEASON,3.26,5.0,5.0,3.64,3.81,0.0,3,5.0,2.06,3.32,3.46,60454,62,11750,19
2025-10-12,日,寒露,11,FLOW SEASON,3.26,5.0,4.0,3.64,3.81,0.0,3,4.74,2.06,3.32,3.37,77276,80,88500,113
2025-10-13,月,寒露,11,FLOW SEASON,3.26,5.0,2.0,3.64,3.81,0.0,3,3.04,2.06,3.32,2.81,50900,64,138290,155
2025-10-14,火,寒露,11,FLOW SEASON,3.26,5.0,2.0,3.64,3.81,3.5,4,3.37,2.06,3.32,2.92,18103,23,24550,29
2025-10-15,水,寒露,11,FLOW SEASON,3.26,5.0,2.0,3.64,3.81,0.0,3,3.69,2.06,3.32,3.02,0,0,0,0
2025-10-16,木,寒露,11,FLOW SEASON,3.26,5.0,3.0,3.64,3.81,0.0,3,3.33,2.06,3.32,2.9,17692,23,9250,12
2025-10-17,金,寒露,11,FLOW SEASON,3.26,5.0,4.0,3.64,3.81,0.0,3,4.17,2.06,3.32,3.18,23723,32,6650,10
2025-10-18,土,寒露,11,FLOW SEASON,3.26,5.0,5.0,3.64,3.81,0.0,3,5.0,2.06,3.32,3.46,52336,54,38350,55
2025-10-19,日,寒露,11,FLOW SEASON,3.26,5.0,4.0,3.64,3.81,0.0,3,4.74,2.06,3.32,3.37,79146,86,49320,59
2025-10-20,月,寒露,11,FLOW SEASON,3.26,5.0,2.0,3.64,2.45,0.0,3,2.71,2.06,3.32,2.7,65465,79,19820,20
2025-10-21,火,寒露,11,FLOW SEASON,3.26,5.0,2.0,3.64,2.45,0.0,3,3.12,2.06,3.32,2.83,19024,24,18050,25
2025-10-22,水,寒露,11,FLOW SEASON,3.26,5.0,2.0,3.64,2.45,0.0,3,3.29,2.06,3.32,2.89,0,0,0,0
2025-10-23,木,霜降,15,FLOW SEASON,2.57,5.0,3.0,1.89,2.45,0.0,3,2.5,2.06,3.32,2.63,16637,21,35800,39
2025-10-24,金,霜降,15,FLOW SEASON,2.57,5.0,4.0,1.89,2.45,0.0,3,3.13,2.06,3.32,2.84,21284,29,22700,27
2025-10-25,土,霜降,15,FLOW SEASON,2.57,5.0,5.0,1.89,2.45,0.0,3,4.14,2.06,3.32,3.17,50338,54,19650,28
2025-10-26,日,霜降,15,FLOW SEASON,2.57,5.0,4.0,1.89,2.45,0.0,3,3.55,2.06,3.32,2.98,74885,82,26470,29
2025-10-27,月,霜降,15,FLOW SEASON,2.57,5.0,2.0,1.89,1.8,0.0,3,2.12,2.06,3.32,2.5,58944,70,11950,18
2025-10-28,火,霜降,15,FLOW SEASON,2.57,5.0,2.0,1.89,1.8,0.0,3,2.45,2.06,3.32,2.61,18902,24,14150,13
2025-10-29,水,霜降,15,FLOW SEASON,2.57,5.0,2.0,1.89,1.8,0.0,3,2.58,2.06,3.32,2.65,0,0,0,0
2025-10-30,木,霜降,15,FLOW SEASON,2.57,5.0,3.0,1.89,1.8,0.0,3,2.33,2.06,3.32,2.57,18766,23,10250,12
2025-10-31,金,霜降,15,FLOW SEASON,2.57,5.0,4.0,1.89,1.8,0.0,3,2.91,2.06,3.32,2.76,21461,29,19450,25
2025-11-01,土,霜降,15,FLOW SEASON,2.57,2.0,5.0,1.89,1.8,0.0,3,2.53,2.27,4.81,3.2,20252,24,44950,35
2025-11-02,日,霜降,15,FLOW SEASON,2.57,2.0,4.0,1.89,1.8,0.0,3,2.17,2.27,4.81,3.08,26890,32,95200,136
2025-11-03,月,霜降,15,FLOW SEASON,2.57,2.0,2.0,1.89,2.52,3.5,4,1.82,2.27,4.81,2.97,12555,16,34610,41
2025-11-04,火,霜降,15,FLOW SEASON,2.57,2.0,2.0,1.89,2.52,0.0,3,1.81,2.27,4.81,2.96,7017,8,19710,21
2025-11-05,水,霜降,15,FLOW SEASON,2.57,2.0,2.0,1.89,2.52,0.0,3,1.9,2.27,4.81,2.99,0,0,0,0
2025-11-06,木,霜降,15,FLOW SEASON,2.57,2.0,3.0,1.89,2.52,0.0,3,1.72,2.27,4.81,2.93,11022,14,15850,19
2025-11-07,金,立冬,23,OFF SEASON,1.17,2.0,4.0,2.79,2.52,0.0,3,2.45,2.27,4.81,3.18,12330,14,18000,24
2025-11-08,土,立冬,23,OFF SEASON,1.17,2.0,5.0,2.79,2.52,0.0,3,3.25,2.27,4.81,3.44,24368,26,13950,11
2025-11-09,日,立冬,23,OFF SEASON,1.17,2.0,4.0,2.79,2.52,0.0,3,2.79,2.27,4.81,3.29,40552,52,19620,23
2025-11-10,月,立冬,23,OFF SEASON,1.17,2.0,2.0,2.79,2.95,0.0,3,1.89,2.27,4.81,2.99,16966,21,7750,10
2025-11-11,火,立冬,23,OFF SEASON,1.17,2.0,2.0,2.79,2.95,0.0,3,2.18,2.27,4.81,3.09,9556,10,8650,8
2025-11-12,水,立冬,23,OFF SEASON,1.17,2.0,2.0,2.79,2.95,0.0,3,2.3,2.27,4.81,3.13,0,0,0,0
2025-11-13,木,立冬,23,OFF SEASON,1.17,2.0,3.0,2.79,2.95,0.0,3,2.07,2.27,4.81,3.05,11988,15,7750,9
2025-11-14,金,立冬,23,OFF SEASON,1.17,2.0,4.0,2.79,2.95,0.0,3,2.59,2.27,4.81,3.22,13275,15,4050,4
2025-11-15,土,立冬,23,OFF SEASON,1.17,2.0,5.0,2.79,2.95,0.0,3,3.43,2.27,4.81,3.5,22880,24,14500,23
2025-11-16,日,立冬,23,OFF SEASON,1.17,2.0,4.0,2.79,2.95,0.0,3,2.95,2.27,4.81,3.34,37063,47,15050,23
2025-11-17,月,立冬,23,OFF SEASON,1.17,2.0,2.0,2.79,2.78,0.0,3,1.84,2.27,4.81,2.97,15430,19,11770,10
2025-11-18,火,立冬,23,OFF SEASON,1.17,2.0,2.0,2.79,2.78,0.0,3,2.13,2.27,4.81,3.07,9405,10,4600,6
2025-11-19,水,立冬,23,OFF SEASON,1.17,2.0,2.0,2.79,2.78,0.0,3,2.24,2.27,4.81,3.11,0,0,0,0
2025-11-20,木,立冬,23,OFF SEASON,1.17,2.0,3.0,2.79,2.78,0.0,3,2.02,2.27,4.81,3.03,11281,14,1950,3
2025-11-21,金,立冬,23,OFF SEASON,1.17,2.0,4.0,2.79,2.78,0.0,3,2.53,2.27,4.81,3.2,11957,14,7400,12
2025-11-22,土,小雪,19,LOW SEASON,1.87,2.0,5.0,2.38,2.78,3.5,4,3.55,2.27,4.81,3.54,21832,24,15500,20
2025-11-23,日,小雪,19,LOW SEASON,1.87,2.0,4.0,2.38,2.78,3.5,4,3.05,2.27,4.81,3.38,33918,44,9670,13
2025-11-24,月,小雪,19,LOW SEASON,1.87,2.0,2.0,2.38,2.22,0.0,3,1.61,2.27,4.81,2.9,14907,18,17500,20
2025-11-25,火,小雪,19,LOW SEASON,1.87,2.0,2.0,2.38,2.22,0.0,3,1.86,2.27,4.81,2.98,8718,9,2500,3
2025-11-26,水,小雪,19,LOW SEASON,1.87,2.0,2.0,2.38,2.22,0.0,3,1.96,2.27,4.81,3.01,0,0,0,0
2025-11-27,木,小雪,19,LOW SEASON,1.87,2.0,3.0,2.38,2.22,0.0,3,1.77,2.27,4.81,2.95,9948,12,2550,5
2025-11-28,金,小雪,19,LOW SEASON,1.87,2.0,4.0,2.38,2.22,0.0,3,2.21,2.27,4.81,3.1,11387,13,1300,4
2025-11-29,土,小雪,19,LOW SEASON,1.87,2.0,5.0,2.38,2.22,0.0,3,2.93,2.27,4.81,3.34,21128,23,7450,9
2025-11-30,日,小雪,19,LOW SEASON,1.87,2.0,4.0,2.38,2.22,0.0,3,2.51,2.27,4.81,3.2,30887,40,9470,15
2025-12-01,月,小雪,19,LOW SEASON,1.87,4.0,2.0,2.38,2.71,0.0,3,2.22,1.59,2.52,2.11,14632,18,28490,31
2025-12-02,火,小雪,19,LOW SEASON,1.87,4.0,2.0,2.38,2.71,0.0,3,2.56,1.59,2.52,2.22,6885,7,5450,9
2025-12-03,水,小雪,19,LOW SEASON,1.87,4.0,2.0,2.38,2.71,0.0,3,2.7,1.59,2.52,2.27,0,0,0,0
2025-12-04,木,小雪,19,LOW SEASON,1.87,4.0,3.0,2.38,2.71,0.0,3,2.43,1.59,2.52,2.18,8452,9,9750,11
2025-12-05,金,小雪,19,LOW SEASON,1.87,4.0,4.0,2.38,2.71,0.0,3,3.05,1.59,2.52,2.39,9960,13,8900,14
2025-12-06,土,小雪,19,LOW SEASON,1.87,4.0,5.0,2.38,2.71,0.0,3,4.03,1.59,2.52,2.71,61875,63,139950,160
2025-12-07,日,大雪,6,HIGH SEASON,4.13,4.0,4.0,2.55,2.71,0.0,3,3.53,1.59,2.52,2.55,20246,21,4800,9
2025-12-08,月,大雪,6,HIGH SEASON,4.13,4.0,2.0,2.55,2.41,0.0,3,2.19,1.59,2.52,2.1,16941,20,7420,9
2025-12-09,火,大雪,6,HIGH SEASON,4.13,4.0,2.0,2.55,2.41,0.0,3,2.52,1.59,2.52,2.21,6598,8,7400,10
2025-12-10,水,大雪,6,HIGH SEASON,4.13,4.0,2.0,2.55,2.41,0.0,3,2.66,1.59,2.52,2.26,0,0,0,0
2025-12-11,木,大雪,6,HIGH SEASON,4.13,4.0,3.0,2.55,2.41,0.0,3,2.4,1.59,2.52,2.17,8712,9,5500,7
2025-12-12,金,大雪,6,HIGH SEASON,4.13,4.0,4.0,2.55,2.41,0.0,3,3.0,1.59,2.52,2.37,9748,13,3900,4
2025-12-13,土,大雪,6,HIGH SEASON,4.13,4.0,5.0,2.55,2.41,0.0,3,3.98,1.59,2.52,2.7,77490,83,11400,17
2025-12-14,日,大雪,6,HIGH SEASON,4.13,4.0,4.0,2.55,2.41,0.0,3,3.42,1.59,2.52,2.51,17671,19,8900,11
2025-12-15,月,大雪,6,HIGH SEASON,4.13,4.0,2.0,2.55,3.33,0.0,3,2.41,1.59,2.52,2.17,15581,18,6770,11
2025-12-16,火,大雪,6,HIGH SEASON,4.13,4.0,2.0,2.55,3.33,0.0,3,2.78,1.59,2.52,2.3,6731,8,1350,1
2025-12-17,水,大雪,6,HIGH SEASON,4.13,4.0,2.0,2.55,3.33,0.0,3,2.93,1.59,2.52,2.35,0,0,0,0
2025-12-18,木,大雪,6,HIGH SEASON,4.13,4.0,3.0,2.55,3.33,0.0,3,2.64,1.59,2.52,2.25,8176,9,6150,6
2025-12-19,金,大雪,6,HIGH SEASON,4.13,4.0,4.0,2.55,3.33,0.0,3,3.31,1.59,2.52,2.47,8773,12,3350,4
2025-12-20,土,大雪,6,HIGH SEASON,4.13,4.0,5.0,2.55,3.33,0.0,3,4.38,1.59,2.52,2.83,66475,72,8250,10
2025-12-21,日,大雪,6,HIGH SEASON,4.13,4.0,4.0,2.55,3.33,0.0,3,3.76,1.59,2.52,2.62,16418,18,17910,17
2025-12-22,月,冬至,3,TOP SEASON,4.65,4.0,2.0,5.0,5.0,0.0,3,3.42,1.59,2.52,2.51,14480,17,3300,5
2025-12-23,火,冬至,3,TOP SEASON,4.65,4.0,2.0,5.0,5.0,4.0,4,3.8,1.59,2.52,2.64,5962,7,6610,7
2025-12-24,水,冬至,3,TOP SEASON,4.65,4.0,2.0,5.0,5.0,5.0,4,4.23,1.59,2.52,2.78,0,0,0,0
2025-12-25,木,冬至,3,TOP SEASON,4.65,4.0,3.0,5.0,5.0,5.0,4,3.81,1.59,2.52,2.64,7887,8,9050,6
2025-12-26,金,冬至,3,TOP SEASON,4.65,4.0,4.0,5.0,5.0,0.0,3,4.69,1.59,2.52,2.93,7998,10,4700,4
2025-12-27,土,冬至,3,TOP SEASON,4.65,4.0,5.0,5.0,5.0,0.0,3,5.0,1.59,2.52,3.04,58157,63,3650,4
2025-12-28,日,冬至,3,TOP SEASON,4.65,4.0,4.0,5.0,5.0,0.0,3,5.0,1.59,2.52,3.04,16605,18,11750,11
2025-12-29,月,冬至,3,TOP SEASON,4.65,4.0,2.0,5.0,3.7,3.5,4,2.96,1.59,2.52,2.36,13237,16,9850,9
2025-12-30,火,冬至,3,TOP SEASON,4.65,4.0,2.0,5.0,3.7,4.0,4,3.52,1.59,2.52,2.54,6043,7,19940,17
2025-12-31,水,冬至,3,TOP SEASON,4.65,4.0,2.0,5.0,3.7,4.5,4,3.83,1.59,2.52,2.65,0,0,0,0
2026-01-01,木,冬至,3,TOP SEASON,4.65,2.0,3.0,5.0,3.7,4.5,4,3.05,5.0,5.0,4.35,9137,8,0,0
2026-01-02,金,冬至,3,TOP SEASON,4.65,2.0,4.0,5.0,3.7,4.0,4,3.69,5.0,5.0,4.56,11342,12,0,0
2026-01-03,土,冬至,3,TOP SEASON,4.65,2.0,5.0,5.0,3.7,4.0,4,4.88,5.0,5.0,4.96,65762,79,0,0
2026-01-04,日,冬至,3,TOP SEASON,4.65,2.0,4.0,5.0,3.7,0.0,3,4.08,5.0,5.0,4.69,78752,91,12150,12
2026-01-05,月,小寒,22,OFF SEASON,1.35,2.0,2.0,1.69,1.49,0.0,3,1.27,5.0,5.0,3.76,34167,44,3400,4
2026-01-06,火,小寒,22,OFF SEASON,1.35,2.0,2.0,1.69,1.49,0.0,3,1.46,5.0,5.0,3.82,9612,10,2000,5
2026-01-07,水,小寒,22,OFF SEASON,1.35,2.0,2.0,1.69,1.49,0.0,3,1.54,5.0,5.0,3.85,0,0,0,0
2026-01-08,木,小寒,22,OFF SEASON,1.35,2.0,3.0,1.69,1.49,0.0,3,1.39,5.0,5.0,3.8,9137,8,4300,7
2026-01-09,金,小寒,22,OFF SEASON,1.35,2.0,4.0,1.69,1.49,0.0,3,1.74,5.0,5.0,3.91,11342,12,5150,7
2026-01-10,土,小寒,22,OFF SEASON,1.35,2.0,5.0,1.69,1.49,0.0,3,2.3,5.0,5.0,4.1,65762,79,110160,112
2026-01-11,日,小寒,22,OFF SEASON,1.35,2.0,4.0,1.69,1.49,0.0,3,1.98,5.0,5.0,3.99,65432,75,171830,178
2026-01-12,月,小寒,22,OFF SEASON,1.35,2.0,2.0,1.69,2.24,0.0,3,1.45,5.0,5.0,3.82,28014,36,86100,109
2026-01-13,火,小寒,22,OFF SEASON,1.35,2.0,2.0,1.69,2.24,0.0,3,1.67,5.0,5.0,3.89,8090,9,5900,7
2026-01-14,水,小寒,22,OFF SEASON,1.35,2.0,2.0,1.69,2.24,0.0,3,1.76,5.0,5.0,3.92,0,0,4750,6
2026-01-15,木,小寒,22,OFF SEASON,1.35,2.0,3.0,1.69,2.24,0.0,3,1.59,5.0,5.0,3.86,8170,8,3950,8
2026-01-16,金,小寒,22,OFF SEASON,1.35,2.0,4.0,1.69,2.24,0.0,3,1.99,5.0,5.0,4.0,10104,11,28800,46
2026-01-17,土,小寒,22,OFF SEASON,1.35,2.0,5.0,1.69,2.24,0.0,3,2.63,5.0,5.0,4.21,74642,85,173360,240
2026-01-18,日,小寒,22,OFF SEASON,1.35,2.0,4.0,1.69,2.24,0.0,3,2.26,5.0,5.0,4.09,83165,92,202230,276
2026-01-19,月,小寒,22,OFF SEASON,1.35,2.0,2.0,1.69,1.7,0.0,3,1.32,5.0,5.0,3.77,37695,48,7870,9
2026-01-20,火,大寒,21,OFF SEASON,1.52,2.0,2.0,1.73,1.7,0.0,3,1.53,5.0,5.0,3.84,7725,9,7770,11
2026-01-21,水,大寒,21,OFF SEASON,1.52,2.0,2.0,1.73,1.7,0.0,3,1.61,5.0,5.0,3.87,4750,6,6450,8
2026-01-22,木,大寒,21,OFF SEASON,1.52,2.0,3.0,1.73,1.7,0.0,3,1.45,5.0,5.0,3.82,7466,8,10000,15
2026-01-23,金,大寒,21,OFF SEASON,1.52,2.0,4.0,1.73,1.7,0.0,3,1.82,5.0,5.0,3.94,13220,16,34220,45
2026-01-24,土,大寒,21,OFF SEASON,1.52,2.0,5.0,1.73,1.7,0.0,3,2.41,5.0,5.0,4.14,91095,111,141680,214
2026-01-25,日,大寒,21,OFF SEASON,1.52,2.0,4.0,1.73,1.7,0.0,3,2.07,5.0,5.0,4.02,100174,118,75880,82
2026-01-26,月,大寒,21,OFF SEASON,1.52,2.0,2.0,1.73,1.81,0.0,3,1.35,5.0,5.0,3.78,33434,42,4550,9
2026-01-27,火,大寒,21,OFF SEASON,1.52,2.0,2.0,1.73,1.81,0.0,3,1.56,5.0,5.0,3.85,7731,9,5500,11
2026-01-28,水,大寒,21,OFF SEASON,1.52,2.0,2.0,1.73,1.81,0.0,3,1.65,5.0,5.0,3.88,5600,7,0,0
2026-01-29,木,大寒,21,OFF SEASON,1.52,2.0,3.0,1.73,1.81,0.0,3,1.49,5.0,5.0,3.83,7828,9,3900,7
2026-01-30,金,大寒,21,OFF SEASON,1.52,2.0,4.0,1.73,1.81,0.0,3,1.86,5.0,5.0,3.95,16220,20,24240,26
2026-01-31,土,大寒,21,OFF SEASON,1.52,2.0,5.0,1.73,1.81,0.0,3,2.46,5.0,5.0,4.15,98321,126,0,0
2026-02-01,日,大寒,21,OFF SEASON,1.52,3.0,4.0,1.73,1.81,0.0,3,2.49,4.67,4.97,4.04,100765,96,0,0
2026-02-02,月,大寒,21,OFF SEASON,1.52,3.0,2.0,1.73,3.02,0.0,3,1.89,4.67,4.97,3.84,26855,28,0,0
2026-02-03,火,大寒,21,OFF SEASON,1.52,3.0,2.0,1.73,3.02,0.0,3,2.18,4.67,4.97,3.94,14987,15,0,0
2026-02-04,水,立春,12,FLOW SEASON,3.09,3.0,2.0,2.57,3.02,4.5,4,2.91,4.67,4.97,4.18,0,0,0,0
2026-02-05,木,立春,12,FLOW SEASON,3.09,3.0,3.0,2.57,3.02,5.0,4,2.73,4.67,4.97,4.12,17455,18,0,0
2026-02-06,金,立春,12,FLOW SEASON,3.09,3.0,4.0,2.57,3.02,5.0,4,3.42,4.67,4.97,4.35,17640,20,0,0
2026-02-07,土,立春,12,FLOW SEASON,3.09,3.0,5.0,2.57,3.02,5.0,4,4.52,4.67,4.97,4.72,84100,95,0,0
2026-02-08,日,立春,12,FLOW SEASON,3.09,3.0,4.0,2.57,3.02,5.0,4,3.89,4.67,4.97,4.51,100765,96,0,0
2026-02-09,月,立春,12,FLOW SEASON,3.09,3.0,2.0,2.57,2.03,5.0,4,2.31,4.67,4.97,3.98,26855,28,0,0
2026-02-10,火,立春,12,FLOW SEASON,3.09,3.0,2.0,2.57,2.03,5.0,4,2.66,4.67,4.97,4.1,14987,15,0,0
2026-02-11,水,立春,12,FLOW SEASON,3.09,3.0,2.0,2.57,2.03,4.5,4,2.69,4.67,4.97,4.11,0,0,0,0
2026-02-12,木,立春,12,FLOW SEASON,3.09,3.0,3.0,2.57,2.03,0.0,3,2.03,4.67,4.97,3.89,17455,18,0,0
2026-02-13,金,立春,12,FLOW SEASON,3.09,3.0,4.0,2.57,2.03,0.0,3,2.54,4.67,4.97,4.06,17640,20,0,0
2026-02-14,土,立春,12,FLOW SEASON,3.09,3.0,5.0,2.57,2.03,0.0,3,3.36,4.67,4.97,4.33,84100,95,0,0
2026-02-15,日,立春,12,FLOW SEASON,3.09,3.0,4.0,2.57,2.03,0.0,3,2.89,4.67,4.97,4.18,100765,96,0,0
2026-02-16,月,立春,12,FLOW SEASON,3.09,3.0,2.0,2.57,1.3,0.0,3,1.68,4.67,4.97,3.77,26855,28,0,0
2026-02-17,火,立春,12,FLOW SEASON,3.09,3.0,2.0,2.57,1.3,0.0,3,1.93,4.67,4.97,3.86,14987,15,0,0
2026-02-18,水,雨水,20,LOW SEASON,1.7,3.0,2.0,1.0,1.3,0.0,3,1.58,4.67,4.97,3.74,0,0,0,0
2026-02-19,木,雨水,20,LOW SEASON,1.7,3.0,3.0,1.0,1.3,0.0,3,1.42,4.67,4.97,3.69,17455,18,0,0
2026-02-20,金,雨水,20,LOW SEASON,1.7,3.0,4.0,1.0,1.3,0.0,3,1.78,4.67,4.97,3.81,17640,20,0,0
2026-02-21,土,雨水,20,LOW SEASON,1.7,3.0,5.0,1.0,1.3,0.0,3,2.35,4.67,4.97,4.0,84100,95,0,0
2026-02-22,日,雨水,20,LOW SEASON,1.7,3.0,4.0,1.0,1.3,0.0,3,2.02,4.67,4.97,3.89,100765,96,0,0
2026-02-23,月,雨水,20,LOW SEASON,1.7,3.0,2.0,1.0,1.0,3.5,4,1.55,4.67,4.97,3.73,26855,28,0,0
2026-02-24,火,雨水,20,LOW SEASON,1.7,3.0,2.0,1.0,1.0,0.0,3,1.41,4.67,4.97,3.68,14987,15,0,0
2026-02-25,水,雨水,20,LOW SEASON,1.7,3.0,2.0,1.0,1.0,0.0,3,1.49,4.67,4.97,3.71,0,0,0,0
2026-02-26,木,雨水,20,LOW SEASON,1.7,3.0,3.0,1.0,1.0,0.0,3,1.34,4.67,4.97,3.66,17455,18,0,0
2026-02-27,金,雨水,20,LOW SEASON,1.7,3.0,4.0,1.0,1.0,0.0,3,1.68,4.67,4.97,3.77,17640,20,0,0
2026-02-28,土,雨水,20,LOW SEASON,1.7,3.0,5.0,1.0,1.0,0.0,3,2.22,4.67,4.97,3.95,84100,95,0,0
2026-03-01,日,雨水,20,LOW SEASON,1.7,2.0,4.0,1.0,1.0,0.0,3,1.52,3.08,5.0,3.2,28038,35,0,0
2026-03-02,月,雨水,20,LOW SEASON,1.7,2.0,2.0,1.0,1.01,0.0,3,1.0,3.08,5.0,3.03,13002,13,0,0
2026-03-03,火,雨水,20,LOW SEASON,1.7,2.0,2.0,1.0,1.01,0.0,3,1.13,3.08,5.0,3.07,9437,11,0,0
2026-03-04,水,雨水,20,LOW SEASON,1.7,2.0,2.0,1.0,1.01,0.0,3,1.19,3.08,5.0,3.09,0,0,0,0
2026-03-05,木,啓蟄,16,LOW SEASON,2.39,2.0,3.0,1.21,1.01,0.0,3,1.13,3.08,5.0,3.07,11562,12,0,0
2026-03-06,金,啓蟄,16,LOW SEASON,2.39,2.0,4.0,1.21,1.01,0.0,3,1.42,3.08,5.0,3.17,10587,14,0,0
2026-03-07,土,啓蟄,16,LOW SEASON,2.39,2.0,5.0,1.21,1.01,0.0,3,1.88,3.08,5.0,3.32,34160,40,0,0
2026-03-08,日,啓蟄,16,LOW SEASON,2.39,2.0,4.0,1.21,1.01,0.0,3,1.61,3.08,5.0,3.23,28038,35,0,0
2026-03-09,月,啓蟄,16,LOW SEASON,2.39,2.0,2.0,1.21,1.54,0.0,3,1.16,3.08,5.0,3.08,13002,13,0,0
2026-03-10,火,啓蟄,16,LOW SEASON,2.39,2.0,2.0,1.21,1.54,0.0,3,1.33,3.08,5.0,3.14,9437,11,0,0
2026-03-11,水,啓蟄,16,LOW SEASON,2.39,2.0,2.0,1.21,1.54,0.0,3,1.41,3.08,5.0,3.16,0,0,0,0
2026-03-12,木,啓蟄,16,LOW SEASON,2.39,2.0,3.0,1.21,1.54,0.0,3,1.27,3.08,5.0,3.12,11562,12,0,0
2026-03-13,金,啓蟄,16,LOW SEASON,2.39,2.0,4.0,1.21,1.54,0.0,3,1.59,3.08,5.0,3.22,10587,14,0,0
2026-03-14,土,啓蟄,16,LOW SEASON,2.39,2.0,5.0,1.21,1.54,0.0,3,2.1,3.08,5.0,3.39,34160,40,0,0
2026-03-15,日,啓蟄,16,LOW SEASON,2.39,2.0,4.0,1.21,1.54,0.0,3,1.81,3.08,5.0,3.3,28038,35,0,0
2026-03-16,月,啓蟄,16,LOW SEASON,2.39,2.0,2.0,1.21,2.11,0.0,3,1.3,3.08,5.0,3.13,13002,13,0,0
2026-03-17,火,啓蟄,16,LOW SEASON,2.39,2.0,2.0,1.21,2.11,0.0,3,1.49,3.08,5.0,3.19,9437,11,0,0
2026-03-18,水,啓蟄,16,LOW SEASON,2.39,2.0,2.0,1.21,2.11,0.0,3,1.58,3.08,5.0,3.22,0,0,0,0
2026-03-19,木,啓蟄,16,LOW SEASON,2.39,2.0,3.0,1.21,2.11,0.0,3,1.42,3.08,5.0,3.17,11562,12,0,0
2026-03-20,金,春分,17,LOW SEASON,2.22,2.0,4.0,1.88,2.11,0.0,3,2.01,3.08,5.0,3.36,10587,14,0,0
2026-03-21,土,春分,17,LOW SEASON,2.22,2.0,5.0,1.88,2.11,3.0,4,2.99,3.08,5.0,3.69,34160,40,0,0
2026-03-22,日,春分,17,LOW SEASON,2.22,2.0,4.0,1.88,2.11,0.0,3,2.29,3.08,5.0,3.46,28038,35,0,0
2026-03-23,月,春分,17,LOW SEASON,2.22,2.0,2.0,1.88,2.04,0.0,3,1.44,3.08,5.0,3.17,13002,13,0,0
2026-03-24,火,春分,17,LOW SEASON,2.22,2.0,2.0,1.88,2.04,0.0,3,1.66,3.08,5.0,3.25,9437,11,0,0
2026-03-25,水,春分,17,LOW SEASON,2.22,2.0,2.0,1.88,2.04,0.0,3,1.75,3.08,5.0,3.28,0,0,0,0
2026-03-26,木,春分,17,LOW SEASON,2.22,2.0,3.0,1.88,2.04,0.0,3,1.58,3.08,5.0,3.22,11562,12,0,0
2026-03-27,金,春分,17,LOW SEASON,2.22,2.0,4.0,1.88,2.04,0.0,3,1.98,3.08,5.0,3.35,10587,14,0,0
2026-03-28,土,春分,17,LOW SEASON,2.22,2.0,5.0,1.88,2.04,0.0,3,2.62,3.08,5.0,3.57,34160,40,0,0
2026-03-29,日,春分,17,LOW SEASON,2.22,2.0,4.0,1.88,2.04,0.0,3,2.25,3.08,5.0,3.44,28038,35,0,0
2026-03-30,月,春分,17,LOW SEASON,2.22,2.0,2.0,1.88,1.62,0.0,3,1.34,3.08,5.0,3.14,13002,13,0,0
2026-03-31,火,春分,17,LOW SEASON,2.22,2.0,2.0,1.88,1.62,0.0,3,1.54,3.08,5.0,3.21,9437,11,0,0
